account_id,account_name,industry,region,segment,employee_count,created_date
ACC-10000,Manufacturing Client 1,Manufacturing,Midwest,SMB,58,2022-05-28
ACC-10001,Logistics Client 2,Logistics,West,SMB,81,2022-02-13
ACC-10002,Logistics Client 3,Logistics,Southeast,Mid-Market,481,2023-06-29
ACC-10003,Finance Client 4,Finance,West,SMB,25,2024-08-29
ACC-10004,Software Client 5,Software,Northeast,Mid-Market,1152,2022-05-14
ACC-10005,Logistics Client 6,Logistics,Northeast,SMB,44,2025-01-10
ACC-10006,Real Estate Client 7,Real Estate,Southeast,Mid-Market,80,2022-08-03
ACC-10007,Logistics Client 8,Logistics,Southeast,Mid-Market,478,2022-08-29
ACC-10008,Healthcare Client 9,Healthcare,West,Mid-Market,1167,2022-12-23
ACC-10009,Education Client 10,Education,Southeast,SMB,62,2023-06-09
ACC-10010,Manufacturing Client 11,Manufacturing,Midwest,Mid-Market,372,2023-01-30
ACC-10011,Retail Client 12,Retail,Southeast,Mid-Market,131,2022-03-15
ACC-10012,Real Estate Client 13,Real Estate,Southeast,SMB,210,2024-05-13
ACC-10013,Logistics Client 14,Logistics,Southeast,Enterprise,2338,2023-06-06
ACC-10014,Education Client 15,Education,Northeast,SMB,65,2023-10-13
ACC-10015,Logistics Client 16,Logistics,Northeast,SMB,58,2022-09-06
ACC-10016,Software Client 17,Software,West,Enterprise,1501,2023-02-14
ACC-10017,Education Client 18,Education,Southeast,Mid-Market,84,2023-01-18
ACC-10018,Finance Client 19,Finance,Southeast,SMB,133,2024-06-17
ACC-10019,Finance Client 20,Finance,Midwest,Mid-Market,379,2022-03-07
ACC-10020,Retail Client 21,Retail,Midwest,Enterprise,1607,2022-12-29
ACC-10021,Retail Client 22,Retail,Southeast,SMB,131,2025-01-28
ACC-10022,Real Estate Client 23,Real Estate,Southeast,Mid-Market,493,2024-05-27
ACC-10023,Finance Client 24,Finance,Midwest,Mid-Market,343,2023-04-17
ACC-10024,Manufacturing Client 25,Manufacturing,West,Mid-Market,510,2022-03-21
ACC-10025,Healthcare Client 26,Healthcare,Southeast,SMB,81,2023-05-02
ACC-10026,Healthcare Client 27,Healthcare,Southwest,Mid-Market,110,2022-07-21
ACC-10027,Retail Client 28,Retail,Southeast,Mid-Market,441,2022-02-22
ACC-10028,Healthcare Client 29,Healthcare,Northeast,SMB,103,2024-07-14
ACC-10029,Healthcare Client 30,Healthcare,Southwest,Enterprise,628,2022-10-05
ACC-10030,Finance Client 31,Finance,Southwest,Mid-Market,216,2024-12-02
ACC-10031,Education Client 32,Education,Midwest,Enterprise,891,2022-06-07
ACC-10032,Logistics Client 33,Logistics,Southwest,SMB,102,2023-06-11
ACC-10033,Finance Client 34,Finance,Midwest,Enterprise,1231,2023-06-27
ACC-10034,Manufacturing Client 35,Manufacturing,Midwest,Mid-Market,313,2023-11-09
ACC-10035,Software Client 36,Software,Northeast,SMB,162,2024-04-09
ACC-10036,Real Estate Client 37,Real Estate,Midwest,SMB,31,2022-12-22
ACC-10037,Education Client 38,Education,Northeast,SMB,76,2024-12-26
ACC-10038,Real Estate Client 39,Real Estate,Southwest,Enterprise,3793,2024-03-17
ACC-10039,Real Estate Client 40,Real Estate,Midwest,Mid-Market,401,2025-01-28
ACC-10040,Healthcare Client 41,Healthcare,Southeast,Mid-Market,670,2022-03-18
ACC-10041,Logistics Client 42,Logistics,Southeast,SMB,64,2022-12-17
ACC-10042,Finance Client 43,Finance,West,Mid-Market,186,2022-10-31
ACC-10043,Retail Client 44,Retail,Northeast,Enterprise,1427,2022-02-09
ACC-10044,Real Estate Client 45,Real Estate,West,Mid-Market,180,2024-08-22
ACC-10045,Education Client 46,Education,Southwest,SMB,39,2024-11-24
ACC-10046,Manufacturing Client 47,Manufacturing,West,SMB,66,2024-07-21
ACC-10047,Education Client 48,Education,Southwest,Enterprise,280,2022-05-17
ACC-10048,Software Client 49,Software,West,SMB,56,2022-01-07
ACC-10049,Finance Client 50,Finance,Midwest,SMB,59,2022-04-21
ACC-10050,Manufacturing Client 51,Manufacturing,Midwest,Mid-Market,234,2022-06-20
ACC-10051,Manufacturing Client 52,Manufacturing,Northeast,Enterprise,1020,2022-07-18
ACC-10052,Logistics Client 53,Logistics,West,Mid-Market,143,2023-01-01
ACC-10053,Software Client 54,Software,Southwest,SMB,59,2023-01-05
ACC-10054,Manufacturing Client 55,Manufacturing,West,SMB,69,2024-02-29
ACC-10055,Healthcare Client 56,Healthcare,West,Enterprise,294,2022-12-02
ACC-10056,Software Client 57,Software,Southeast,SMB,101,2024-07-02
ACC-10057,Finance Client 58,Finance,Southwest,Mid-Market,438,2023-10-29
ACC-10058,Healthcare Client 59,Healthcare,Northeast,Mid-Market,260,2024-02-21
ACC-10059,Real Estate Client 60,Real Estate,Southeast,Mid-Market,442,2024-05-07
ACC-10060,Real Estate Client 61,Real Estate,Southeast,SMB,64,2022-06-29
ACC-10061,Software Client 62,Software,Southwest,SMB,42,2023-07-09
ACC-10062,Software Client 63,Software,Northeast,SMB,40,2022-02-25
ACC-10063,Finance Client 64,Finance,West,SMB,164,2024-03-11
ACC-10064,Education Client 65,Education,Northeast,SMB,102,2024-04-23
ACC-10065,Software Client 66,Software,Southwest,SMB,172,2024-05-04
ACC-10066,Manufacturing Client 67,Manufacturing,Northeast,Enterprise,3517,2023-03-24
ACC-10067,Logistics Client 68,Logistics,Southeast,Mid-Market,188,2024-03-12
ACC-10068,Real Estate Client 69,Real Estate,West,Enterprise,1997,2024-10-07
ACC-10069,Real Estate Client 70,Real Estate,Southeast,SMB,215,2023-11-29
ACC-10070,Logistics Client 71,Logistics,Southeast,SMB,37,2024-12-13
ACC-10071,Software Client 72,Software,Southeast,SMB,62,2023-11-27
ACC-10072,Software Client 73,Software,Southwest,SMB,84,2022-04-20
ACC-10073,Manufacturing Client 74,Manufacturing,Southeast,Mid-Market,819,2024-05-02
ACC-10074,Finance Client 75,Finance,Midwest,SMB,172,2022-04-09
ACC-10075,Software Client 76,Software,Midwest,SMB,16,2024-01-30
ACC-10076,Real Estate Client 77,Real Estate,Midwest,SMB,57,2023-10-01
ACC-10077,Healthcare Client 78,Healthcare,Southwest,SMB,73,2023-08-13
ACC-10078,Healthcare Client 79,Healthcare,Northeast,Mid-Market,452,2023-06-20
ACC-10079,Manufacturing Client 80,Manufacturing,West,Mid-Market,925,2022-05-15
ACC-10080,Real Estate Client 81,Real Estate,Southeast,Mid-Market,157,2024-02-01
ACC-10081,Software Client 82,Software,Northeast,Mid-Market,217,2022-03-28
ACC-10082,Education Client 83,Education,West,SMB,141,2022-07-08
ACC-10083,Healthcare Client 84,Healthcare,Southwest,SMB,161,2022-08-13
ACC-10084,Retail Client 85,Retail,Southwest,Enterprise,3948,2025-01-03
ACC-10085,Manufacturing Client 86,Manufacturing,West,SMB,66,2024-10-07
ACC-10086,Retail Client 87,Retail,Southwest,Mid-Market,957,2022-01-30
ACC-10087,Manufacturing Client 88,Manufacturing,Northeast,Enterprise,1175,2022-07-11
ACC-10088,Education Client 89,Education,West,SMB,49,2023-07-26
ACC-10089,Healthcare Client 90,Healthcare,Southeast,SMB,36,2024-09-06
ACC-10090,Real Estate Client 91,Real Estate,West,SMB,23,2023-11-13
ACC-10091,Logistics Client 92,Logistics,Southeast,SMB,28,2022-03-25
ACC-10092,Retail Client 93,Retail,Northeast,Enterprise,897,2024-10-08
ACC-10093,Logistics Client 94,Logistics,Northeast,Mid-Market,303,2022-08-04
ACC-10094,Logistics Client 95,Logistics,West,Mid-Market,495,2023-12-27
ACC-10095,Finance Client 96,Finance,Northeast,SMB,71,2023-10-22
ACC-10096,Software Client 97,Software,Southwest,Mid-Market,308,2023-05-23
ACC-10097,Real Estate Client 98,Real Estate,Southeast,SMB,361,2023-02-10
ACC-10098,Software Client 99,Software,Northeast,Mid-Market,129,2024-05-19
ACC-10099,Education Client 100,Education,Midwest,Mid-Market,359,2025-02-11
ACC-10100,Real Estate Client 101,Real Estate,West,Mid-Market,256,2024-01-08
ACC-10101,Real Estate Client 102,Real Estate,West,Mid-Market,445,2024-01-23
ACC-10102,Manufacturing Client 103,Manufacturing,Midwest,Enterprise,931,2022-06-03
ACC-10103,Logistics Client 104,Logistics,Northeast,Enterprise,690,2023-06-14
ACC-10104,Education Client 105,Education,Midwest,Mid-Market,576,2023-02-18
ACC-10105,Finance Client 106,Finance,West,Mid-Market,543,2022-01-03
ACC-10106,Healthcare Client 107,Healthcare,Northeast,Mid-Market,410,2022-04-27
ACC-10107,Education Client 108,Education,Southwest,Enterprise,570,2022-04-02
ACC-10108,Software Client 109,Software,Northeast,SMB,166,2024-10-05
ACC-10109,Healthcare Client 110,Healthcare,Southeast,Enterprise,1188,2022-08-25
ACC-10110,Software Client 111,Software,Northeast,SMB,50,2022-10-21
ACC-10111,Software Client 112,Software,Southwest,Mid-Market,753,2022-11-08
ACC-10112,Manufacturing Client 113,Manufacturing,Midwest,SMB,222,2022-07-18
ACC-10113,Real Estate Client 114,Real Estate,Southeast,SMB,121,2022-02-20
ACC-10114,Education Client 115,Education,Midwest,SMB,44,2024-09-28
ACC-10115,Logistics Client 116,Logistics,Southeast,Mid-Market,378,2024-03-31
ACC-10116,Real Estate Client 117,Real Estate,Southeast,Enterprise,2262,2022-02-07
ACC-10117,Education Client 118,Education,West,SMB,167,2023-06-18
ACC-10118,Retail Client 119,Retail,Midwest,Mid-Market,280,2022-04-09
ACC-10119,Retail Client 120,Retail,Northeast,Mid-Market,298,2023-08-15
ACC-10120,Real Estate Client 121,Real Estate,Southeast,Enterprise,635,2024-06-08
ACC-10121,Finance Client 122,Finance,Northeast,SMB,64,2022-12-12
ACC-10122,Education Client 123,Education,West,Enterprise,797,2022-09-28
ACC-10123,Real Estate Client 124,Real Estate,Southeast,SMB,64,2022-02-08
ACC-10124,Logistics Client 125,Logistics,Midwest,Enterprise,1810,2022-03-19
ACC-10125,Finance Client 126,Finance,West,Enterprise,687,2022-02-09
ACC-10126,Finance Client 127,Finance,Southwest,SMB,59,2023-09-12
ACC-10127,Real Estate Client 128,Real Estate,Midwest,SMB,47,2023-11-10
ACC-10128,Finance Client 129,Finance,Southeast,SMB,165,2024-12-22
ACC-10129,Logistics Client 130,Logistics,West,Mid-Market,148,2025-01-12
ACC-10130,Real Estate Client 131,Real Estate,Midwest,Mid-Market,654,2023-03-21
ACC-10131,Manufacturing Client 132,Manufacturing,Southwest,Enterprise,2863,2024-07-10
ACC-10132,Retail Client 133,Retail,Midwest,SMB,191,2023-01-25
ACC-10133,Healthcare Client 134,Healthcare,Southwest,SMB,49,2022-03-29
ACC-10134,Finance Client 135,Finance,Northeast,SMB,24,2025-01-13
ACC-10135,Retail Client 136,Retail,Southwest,Enterprise,514,2024-06-21
ACC-10136,Real Estate Client 137,Real Estate,Southeast,SMB,49,2023-09-15
ACC-10137,Retail Client 138,Retail,Midwest,Mid-Market,130,2023-04-04
ACC-10138,Manufacturing Client 139,Manufacturing,West,Enterprise,1505,2023-04-20
ACC-10139,Real Estate Client 140,Real Estate,Southeast,SMB,53,2022-05-07
ACC-10140,Logistics Client 141,Logistics,West,SMB,161,2023-11-27
ACC-10141,Manufacturing Client 142,Manufacturing,West,SMB,32,2023-09-19
ACC-10142,Education Client 143,Education,West,SMB,257,2023-03-19
ACC-10143,Healthcare Client 144,Healthcare,Southwest,Mid-Market,609,2023-03-23
ACC-10144,Retail Client 145,Retail,Northeast,SMB,28,2022-02-02
ACC-10145,Software Client 146,Software,Northeast,Mid-Market,371,2023-08-08
ACC-10146,Finance Client 147,Finance,West,Mid-Market,175,2025-01-05
ACC-10147,Logistics Client 148,Logistics,Northeast,Mid-Market,398,2023-02-20
ACC-10148,Retail Client 149,Retail,West,Mid-Market,584,2022-06-10
ACC-10149,Logistics Client 150,Logistics,Southeast,SMB,160,2022-11-23
ACC-10150,Healthcare Client 151,Healthcare,West,SMB,228,2024-10-04
ACC-10151,Real Estate Client 152,Real Estate,Southeast,Enterprise,1150,2024-12-07
ACC-10152,Real Estate Client 153,Real Estate,Southeast,SMB,107,2022-07-01
ACC-10153,Software Client 154,Software,West,SMB,87,2024-05-24
ACC-10154,Logistics Client 155,Logistics,Southwest,Enterprise,399,2024-07-01
ACC-10155,Finance Client 156,Finance,Midwest,SMB,40,2022-09-23
ACC-10156,Logistics Client 157,Logistics,West,Mid-Market,475,2024-01-09
ACC-10157,Finance Client 158,Finance,Southwest,SMB,144,2023-03-24
ACC-10158,Logistics Client 159,Logistics,Midwest,SMB,77,2022-03-27
ACC-10159,Retail Client 160,Retail,Midwest,SMB,92,2023-11-21
ACC-10160,Software Client 161,Software,Northeast,SMB,96,2025-02-01
ACC-10161,Real Estate Client 162,Real Estate,Northeast,Enterprise,1539,2024-12-15
ACC-10162,Manufacturing Client 163,Manufacturing,Midwest,Mid-Market,279,2024-02-12
ACC-10163,Real Estate Client 164,Real Estate,Southwest,SMB,56,2022-02-16
ACC-10164,Healthcare Client 165,Healthcare,Midwest,Mid-Market,124,2023-08-26
ACC-10165,Real Estate Client 166,Real Estate,Southeast,SMB,59,2022-10-09
ACC-10166,Real Estate Client 167,Real Estate,Midwest,SMB,99,2023-04-07
ACC-10167,Finance Client 168,Finance,Southwest,SMB,128,2023-04-02
ACC-10168,Healthcare Client 169,Healthcare,Midwest,SMB,66,2023-02-17
ACC-10169,Software Client 170,Software,West,Mid-Market,230,2022-02-04
ACC-10170,Education Client 171,Education,Southwest,SMB,89,2022-08-02
ACC-10171,Software Client 172,Software,Midwest,Enterprise,1233,2024-12-15
ACC-10172,Education Client 173,Education,Southwest,Enterprise,1102,2024-05-20
ACC-10173,Software Client 174,Software,Southeast,Enterprise,2464,2024-01-06
ACC-10174,Software Client 175,Software,Southwest,Mid-Market,512,2023-04-08
ACC-10175,Manufacturing Client 176,Manufacturing,Midwest,Enterprise,877,2023-10-15
ACC-10176,Healthcare Client 177,Healthcare,Northeast,Mid-Market,493,2024-12-16
ACC-10177,Finance Client 178,Finance,Southwest,Mid-Market,509,2023-05-31
ACC-10178,Logistics Client 179,Logistics,Midwest,Mid-Market,517,2022-06-28
ACC-10179,Manufacturing Client 180,Manufacturing,Northeast,Enterprise,411,2024-10-13
ACC-10180,Healthcare Client 181,Healthcare,Midwest,Mid-Market,120,2024-10-03
ACC-10181,Retail Client 182,Retail,Northeast,Mid-Market,542,2023-12-18
ACC-10182,Software Client 183,Software,West,Enterprise,1428,2023-09-24
ACC-10183,Manufacturing Client 184,Manufacturing,Southwest,SMB,130,2022-09-30
ACC-10184,Software Client 185,Software,Northeast,Enterprise,539,2023-12-30
ACC-10185,Software Client 186,Software,Southeast,Mid-Market,1226,2024-06-26
ACC-10186,Real Estate Client 187,Real Estate,West,Mid-Market,304,2024-07-03
ACC-10187,Logistics Client 188,Logistics,Midwest,Mid-Market,909,2022-01-02
ACC-10188,Software Client 189,Software,Midwest,Mid-Market,361,2023-01-25
ACC-10189,Logistics Client 190,Logistics,West,Mid-Market,517,2024-02-25
ACC-10190,Software Client 191,Software,Northeast,Enterprise,1071,2024-03-14
ACC-10191,Education Client 192,Education,Northeast,Mid-Market,178,2023-03-21
ACC-10192,Real Estate Client 193,Real Estate,Southeast,SMB,82,2023-07-06
ACC-10193,Finance Client 194,Finance,Midwest,Enterprise,516,2024-08-24
ACC-10194,Retail Client 195,Retail,Southeast,SMB,93,2023-12-31
ACC-10195,Healthcare Client 196,Healthcare,West,SMB,154,2023-04-04
ACC-10196,Finance Client 197,Finance,Southwest,SMB,56,2023-10-10
ACC-10197,Real Estate Client 198,Real Estate,West,SMB,87,2022-05-12
ACC-10198,Retail Client 199,Retail,Southwest,SMB,46,2022-11-17
ACC-10199,Retail Client 200,Retail,Northeast,Mid-Market,638,2024-05-03
ACC-10200,Retail Client 201,Retail,Southwest,Mid-Market,735,2023-12-02
ACC-10201,Healthcare Client 202,Healthcare,West,Mid-Market,388,2024-12-16
ACC-10202,Finance Client 203,Finance,West,Mid-Market,225,2024-01-11
ACC-10203,Education Client 204,Education,West,Enterprise,790,2023-02-20
ACC-10204,Software Client 205,Software,West,Mid-Market,392,2022-05-20
ACC-10205,Retail Client 206,Retail,West,Mid-Market,268,2022-03-02
ACC-10206,Healthcare Client 207,Healthcare,West,SMB,119,2023-06-07
ACC-10207,Healthcare Client 208,Healthcare,Southwest,SMB,133,2024-02-13
ACC-10208,Retail Client 209,Retail,Southeast,SMB,53,2022-05-04
ACC-10209,Software Client 210,Software,Southwest,SMB,72,2022-11-14
ACC-10210,Logistics Client 211,Logistics,West,Mid-Market,292,2024-11-12
ACC-10211,Manufacturing Client 212,Manufacturing,Midwest,SMB,67,2024-05-23
ACC-10212,Finance Client 213,Finance,West,Mid-Market,147,2024-12-01
ACC-10213,Manufacturing Client 214,Manufacturing,Southwest,SMB,75,2024-08-28
ACC-10214,Education Client 215,Education,West,Enterprise,461,2024-02-23
ACC-10215,Logistics Client 216,Logistics,Midwest,Mid-Market,198,2022-01-01
ACC-10216,Finance Client 217,Finance,Northeast,SMB,108,2023-09-02
ACC-10217,Education Client 218,Education,Southeast,SMB,27,2023-08-03
ACC-10218,Logistics Client 219,Logistics,Southeast,SMB,104,2023-01-31
ACC-10219,Education Client 220,Education,Midwest,Mid-Market,305,2022-01-14
ACC-10220,Finance Client 221,Finance,Southwest,SMB,97,2022-12-01
ACC-10221,Real Estate Client 222,Real Estate,Midwest,Mid-Market,276,2024-06-02
ACC-10222,Logistics Client 223,Logistics,Northeast,SMB,216,2023-04-02
ACC-10223,Real Estate Client 224,Real Estate,West,SMB,88,2024-01-12
ACC-10224,Real Estate Client 225,Real Estate,Northeast,Mid-Market,371,2024-07-19
ACC-10225,Logistics Client 226,Logistics,Midwest,Mid-Market,315,2023-11-30
ACC-10226,Retail Client 227,Retail,Southeast,SMB,86,2023-04-25
ACC-10227,Retail Client 228,Retail,Southwest,Mid-Market,285,2024-11-10
ACC-10228,Manufacturing Client 229,Manufacturing,Southwest,SMB,23,2024-07-08
ACC-10229,Logistics Client 230,Logistics,Southwest,Mid-Market,282,2024-01-04
ACC-10230,Logistics Client 231,Logistics,Northeast,SMB,98,2024-03-28
ACC-10231,Retail Client 232,Retail,Northeast,SMB,101,2023-01-07
ACC-10232,Software Client 233,Software,Southwest,SMB,131,2023-06-21
ACC-10233,Education Client 234,Education,Southeast,SMB,152,2023-11-11
ACC-10234,Retail Client 235,Retail,Midwest,Enterprise,1056,2024-10-10
ACC-10235,Real Estate Client 236,Real Estate,Midwest,Mid-Market,240,2024-10-29
ACC-10236,Manufacturing Client 237,Manufacturing,Southwest,SMB,37,2022-01-23
ACC-10237,Healthcare Client 238,Healthcare,Southwest,Mid-Market,410,2024-08-17
ACC-10238,Real Estate Client 239,Real Estate,Southwest,SMB,65,2022-12-03
ACC-10239,Education Client 240,Education,Southeast,Mid-Market,237,2023-07-13
ACC-10240,Manufacturing Client 241,Manufacturing,Southwest,Enterprise,1620,2025-01-11
ACC-10241,Logistics Client 242,Logistics,Northeast,Mid-Market,219,2024-11-29
ACC-10242,Education Client 243,Education,Southeast,SMB,85,2023-12-25
ACC-10243,Manufacturing Client 244,Manufacturing,Midwest,SMB,319,2023-06-30
ACC-10244,Manufacturing Client 245,Manufacturing,Southeast,SMB,45,2022-09-27
ACC-10245,Education Client 246,Education,Northeast,Mid-Market,374,2025-01-29
ACC-10246,Logistics Client 247,Logistics,Midwest,Mid-Market,331,2023-07-08
ACC-10247,Finance Client 248,Finance,Midwest,SMB,53,2022-05-05
ACC-10248,Finance Client 249,Finance,Southwest,Enterprise,1839,2023-06-16
ACC-10249,Software Client 250,Software,Midwest,SMB,48,2024-05-18
ACC-10250,Real Estate Client 251,Real Estate,Southwest,SMB,71,2025-02-16
ACC-10251,Software Client 252,Software,Southwest,SMB,65,2024-07-13
ACC-10252,Real Estate Client 253,Real Estate,Northeast,SMB,46,2023-06-07
ACC-10253,Finance Client 254,Finance,West,SMB,50,2022-12-06
ACC-10254,Retail Client 255,Retail,West,Mid-Market,104,2024-08-11
ACC-10255,Healthcare Client 256,Healthcare,Southeast,SMB,109,2023-12-20
ACC-10256,Education Client 257,Education,Southwest,Mid-Market,277,2024-07-23
ACC-10257,Manufacturing Client 258,Manufacturing,West,Mid-Market,479,2025-01-04
ACC-10258,Healthcare Client 259,Healthcare,Midwest,SMB,101,2024-04-12
ACC-10259,Healthcare Client 260,Healthcare,West,SMB,77,2022-11-18
ACC-10260,Healthcare Client 261,Healthcare,West,SMB,54,2023-03-10
ACC-10261,Real Estate Client 262,Real Estate,West,SMB,42,2022-06-25
ACC-10262,Manufacturing Client 263,Manufacturing,Southwest,Mid-Market,161,2024-10-11
ACC-10263,Manufacturing Client 264,Manufacturing,Southeast,SMB,76,2023-08-21
ACC-10264,Software Client 265,Software,Northeast,Enterprise,223,2022-06-04
ACC-10265,Healthcare Client 266,Healthcare,West,Enterprise,1384,2024-05-20
ACC-10266,Real Estate Client 267,Real Estate,Southeast,Mid-Market,151,2024-05-18
ACC-10267,Finance Client 268,Finance,Midwest,Enterprise,1799,2024-03-24
ACC-10268,Real Estate Client 269,Real Estate,West,SMB,78,2024-03-16
ACC-10269,Finance Client 270,Finance,Southeast,Mid-Market,293,2024-10-25
ACC-10270,Finance Client 271,Finance,Northeast,SMB,53,2023-10-02
ACC-10271,Education Client 272,Education,Southwest,SMB,139,2023-01-07
ACC-10272,Finance Client 273,Finance,Midwest,SMB,84,2024-10-08
ACC-10273,Real Estate Client 274,Real Estate,Southwest,Mid-Market,170,2024-05-17
ACC-10274,Education Client 275,Education,Southeast,SMB,31,2024-07-22
ACC-10275,Healthcare Client 276,Healthcare,West,SMB,34,2024-06-26
ACC-10276,Healthcare Client 277,Healthcare,Midwest,SMB,47,2024-11-28
ACC-10277,Logistics Client 278,Logistics,West,Mid-Market,421,2022-10-16
ACC-10278,Logistics Client 279,Logistics,West,Mid-Market,433,2025-01-04
ACC-10279,Logistics Client 280,Logistics,Northeast,SMB,77,2023-01-29
ACC-10280,Logistics Client 281,Logistics,Northeast,Enterprise,964,2024-10-26
ACC-10281,Software Client 282,Software,Southeast,SMB,134,2023-01-23
ACC-10282,Retail Client 283,Retail,Southeast,Mid-Market,297,2023-04-02
ACC-10283,Education Client 284,Education,Northeast,Enterprise,3784,2023-05-30
ACC-10284,Logistics Client 285,Logistics,Midwest,Mid-Market,413,2022-09-21
ACC-10285,Retail Client 286,Retail,West,Enterprise,910,2022-07-16
ACC-10286,Healthcare Client 287,Healthcare,Midwest,SMB,30,2023-10-07
ACC-10287,Finance Client 288,Finance,Northeast,SMB,60,2022-05-16
ACC-10288,Healthcare Client 289,Healthcare,Southwest,Mid-Market,297,2023-11-14
ACC-10289,Healthcare Client 290,Healthcare,West,Enterprise,651,2022-07-08
ACC-10290,Software Client 291,Software,West,Mid-Market,339,2022-02-23
ACC-10291,Real Estate Client 292,Real Estate,West,Mid-Market,345,2024-08-24
ACC-10292,Real Estate Client 293,Real Estate,Southwest,SMB,70,2023-02-09
ACC-10293,Healthcare Client 294,Healthcare,Northeast,SMB,70,2022-07-19
ACC-10294,Real Estate Client 295,Real Estate,Midwest,Mid-Market,276,2023-10-03
ACC-10295,Manufacturing Client 296,Manufacturing,Southwest,SMB,66,2023-02-07
ACC-10296,Manufacturing Client 297,Manufacturing,West,SMB,55,2023-08-30
ACC-10297,Finance Client 298,Finance,Midwest,Enterprise,1497,2023-10-23
ACC-10298,Software Client 299,Software,Northeast,SMB,92,2024-01-09
ACC-10299,Manufacturing Client 300,Manufacturing,Northeast,SMB,158,2022-12-25
ACC-10300,Healthcare Client 301,Healthcare,Southeast,Enterprise,843,2022-07-25
ACC-10301,Finance Client 302,Finance,Midwest,SMB,79,2023-09-07
ACC-10302,Real Estate Client 303,Real Estate,West,SMB,68,2023-11-02
ACC-10303,Healthcare Client 304,Healthcare,Midwest,SMB,76,2024-01-04
ACC-10304,Education Client 305,Education,West,Enterprise,1524,2022-03-28
ACC-10305,Manufacturing Client 306,Manufacturing,Southeast,Mid-Market,411,2024-09-10
ACC-10306,Software Client 307,Software,Midwest,Mid-Market,491,2024-05-27
ACC-10307,Finance Client 308,Finance,Midwest,SMB,58,2025-02-04
ACC-10308,Manufacturing Client 309,Manufacturing,Northeast,Mid-Market,495,2022-03-26
ACC-10309,Healthcare Client 310,Healthcare,Midwest,Mid-Market,274,2023-03-20
ACC-10310,Logistics Client 311,Logistics,Midwest,SMB,41,2024-01-30
ACC-10311,Real Estate Client 312,Real Estate,Northeast,Enterprise,3102,2024-03-22
ACC-10312,Education Client 313,Education,Southwest,Enterprise,1549,2024-11-11
ACC-10313,Manufacturing Client 314,Manufacturing,West,SMB,69,2024-10-22
ACC-10314,Real Estate Client 315,Real Estate,Northeast,SMB,30,2024-05-08
ACC-10315,Retail Client 316,Retail,Midwest,SMB,262,2023-09-26
ACC-10316,Healthcare Client 317,Healthcare,Southeast,Mid-Market,324,2024-04-06
ACC-10317,Manufacturing Client 318,Manufacturing,Northeast,SMB,150,2024-04-24
ACC-10318,Education Client 319,Education,Northeast,SMB,68,2022-10-13
ACC-10319,Software Client 320,Software,West,SMB,24,2022-02-17
ACC-10320,Retail Client 321,Retail,Northeast,Mid-Market,264,2023-08-27
ACC-10321,Finance Client 322,Finance,Southwest,Mid-Market,218,2022-10-15
ACC-10322,Healthcare Client 323,Healthcare,Southeast,SMB,37,2022-12-25
ACC-10323,Retail Client 324,Retail,West,Enterprise,3376,2023-06-22
ACC-10324,Manufacturing Client 325,Manufacturing,Midwest,SMB,46,2022-04-13
ACC-10325,Real Estate Client 326,Real Estate,Southwest,Enterprise,1360,2024-09-16
ACC-10326,Finance Client 327,Finance,Southeast,SMB,40,2023-03-01
ACC-10327,Education Client 328,Education,Northeast,SMB,108,2022-09-01
ACC-10328,Healthcare Client 329,Healthcare,Northeast,Enterprise,798,2022-02-07
ACC-10329,Manufacturing Client 330,Manufacturing,Southwest,SMB,227,2022-11-06
ACC-10330,Manufacturing Client 331,Manufacturing,Southwest,Mid-Market,263,2022-03-25
ACC-10331,Healthcare Client 332,Healthcare,Midwest,Mid-Market,496,2022-01-06
ACC-10332,Logistics Client 333,Logistics,Southwest,Mid-Market,300,2023-12-17
ACC-10333,Retail Client 334,Retail,West,SMB,60,2024-05-22
ACC-10334,Healthcare Client 335,Healthcare,West,Enterprise,574,2025-02-18
ACC-10335,Software Client 336,Software,West,Enterprise,887,2024-11-16
ACC-10336,Software Client 337,Software,Northeast,Mid-Market,401,2022-03-20
ACC-10337,Retail Client 338,Retail,Southeast,Enterprise,623,2022-01-13
ACC-10338,Logistics Client 339,Logistics,Midwest,SMB,116,2024-05-10
ACC-10339,Software Client 340,Software,Southeast,Mid-Market,480,2023-02-15
ACC-10340,Healthcare Client 341,Healthcare,Midwest,Mid-Market,128,2023-03-09
ACC-10341,Manufacturing Client 342,Manufacturing,West,SMB,54,2022-01-02
ACC-10342,Logistics Client 343,Logistics,West,SMB,103,2023-06-21
ACC-10343,Manufacturing Client 344,Manufacturing,Northeast,Enterprise,930,2022-07-29
ACC-10344,Healthcare Client 345,Healthcare,Southeast,Mid-Market,237,2023-12-06
ACC-10345,Retail Client 346,Retail,Southwest,Enterprise,940,2023-11-12
ACC-10346,Finance Client 347,Finance,Southwest,SMB,76,2022-06-17
ACC-10347,Education Client 348,Education,Southwest,Mid-Market,319,2022-08-09
ACC-10348,Real Estate Client 349,Real Estate,Southwest,SMB,29,2022-04-07
ACC-10349,Healthcare Client 350,Healthcare,Northeast,SMB,57,2024-02-16
ACC-10350,Retail Client 351,Retail,Southeast,SMB,88,2024-09-30
ACC-10351,Real Estate Client 352,Real Estate,Midwest,SMB,154,2022-09-21
ACC-10352,Software Client 353,Software,Midwest,Mid-Market,202,2023-09-12
ACC-10353,Manufacturing Client 354,Manufacturing,West,Mid-Market,598,2022-02-21
ACC-10354,Software Client 355,Software,Southeast,SMB,84,2024-05-11
ACC-10355,Software Client 356,Software,Southeast,SMB,32,2022-06-18
ACC-10356,Logistics Client 357,Logistics,Northeast,Enterprise,1045,2024-05-02
ACC-10357,Software Client 358,Software,Southwest,SMB,112,2024-02-28
ACC-10358,Retail Client 359,Retail,Northeast,SMB,65,2023-09-06
ACC-10359,Logistics Client 360,Logistics,Northeast,Enterprise,1442,2023-07-01
ACC-10360,Education Client 361,Education,Northeast,SMB,60,2022-09-16
ACC-10361,Software Client 362,Software,Southeast,Enterprise,1287,2024-04-27
ACC-10362,Software Client 363,Software,Southeast,SMB,111,2024-02-01
ACC-10363,Manufacturing Client 364,Manufacturing,Midwest,Mid-Market,326,2023-02-17
ACC-10364,Software Client 365,Software,Midwest,SMB,41,2023-03-28
ACC-10365,Finance Client 366,Finance,Midwest,SMB,36,2024-06-03
ACC-10366,Finance Client 367,Finance,Midwest,SMB,117,2025-02-22
ACC-10367,Software Client 368,Software,Midwest,SMB,41,2024-10-11
ACC-10368,Software Client 369,Software,Midwest,Mid-Market,92,2024-04-23
ACC-10369,Retail Client 370,Retail,Southwest,Mid-Market,220,2023-11-08
ACC-10370,Logistics Client 371,Logistics,Midwest,Mid-Market,267,2022-07-19
ACC-10371,Real Estate Client 372,Real Estate,Southwest,Enterprise,1423,2023-03-07
ACC-10372,Finance Client 373,Finance,Midwest,Enterprise,690,2022-03-06
ACC-10373,Logistics Client 374,Logistics,West,Mid-Market,300,2023-08-16
ACC-10374,Healthcare Client 375,Healthcare,Southeast,Enterprise,1111,2023-02-24
ACC-10375,Logistics Client 376,Logistics,Northeast,Mid-Market,186,2022-07-21
ACC-10376,Software Client 377,Software,Northeast,SMB,48,2024-11-16
ACC-10377,Healthcare Client 378,Healthcare,West,SMB,159,2024-03-30
ACC-10378,Education Client 379,Education,West,SMB,55,2022-02-24
ACC-10379,Logistics Client 380,Logistics,Northeast,SMB,62,2022-05-29
ACC-10380,Logistics Client 381,Logistics,Southwest,SMB,88,2024-02-15
ACC-10381,Software Client 382,Software,Midwest,SMB,157,2023-01-23
ACC-10382,Retail Client 383,Retail,Northeast,SMB,44,2022-01-29
ACC-10383,Software Client 384,Software,Southwest,Enterprise,726,2024-12-23
ACC-10384,Finance Client 385,Finance,Midwest,SMB,58,2025-01-10
ACC-10385,Logistics Client 386,Logistics,West,Enterprise,1744,2024-11-18
ACC-10386,Manufacturing Client 387,Manufacturing,Southwest,Mid-Market,182,2025-01-19
ACC-10387,Software Client 388,Software,Northeast,Mid-Market,373,2024-09-06
ACC-10388,Software Client 389,Software,Northeast,Mid-Market,303,2024-07-15
ACC-10389,Education Client 390,Education,Northeast,Mid-Market,202,2022-06-19
ACC-10390,Finance Client 391,Finance,Southeast,SMB,95,2024-01-25
ACC-10391,Real Estate Client 392,Real Estate,Southwest,SMB,83,2023-09-19
ACC-10392,Logistics Client 393,Logistics,Northeast,Mid-Market,308,2022-05-07
ACC-10393,Education Client 394,Education,Midwest,SMB,39,2024-12-01
ACC-10394,Education Client 395,Education,Southwest,Mid-Market,198,2022-06-09
ACC-10395,Manufacturing Client 396,Manufacturing,Midwest,Mid-Market,533,2022-02-15
ACC-10396,Logistics Client 397,Logistics,Southeast,Mid-Market,404,2023-07-15
ACC-10397,Software Client 398,Software,Midwest,Mid-Market,126,2022-04-28
ACC-10398,Healthcare Client 399,Healthcare,Southwest,SMB,55,2022-07-26
ACC-10399,Manufacturing Client 400,Manufacturing,West,SMB,74,2022-06-03
ACC-10400,Education Client 401,Education,Southeast,Mid-Market,177,2022-01-05
ACC-10401,Software Client 402,Software,Midwest,Mid-Market,872,2024-11-20
ACC-10402,Logistics Client 403,Logistics,Midwest,SMB,114,2022-08-12
ACC-10403,Finance Client 404,Finance,Northeast,SMB,47,2023-05-29
ACC-10404,Healthcare Client 405,Healthcare,Southeast,SMB,47,2023-08-06
ACC-10405,Logistics Client 406,Logistics,Northeast,SMB,58,2023-10-14
ACC-10406,Logistics Client 407,Logistics,Northeast,Enterprise,496,2024-02-28
ACC-10407,Finance Client 408,Finance,Midwest,SMB,97,2024-01-10
ACC-10408,Real Estate Client 409,Real Estate,Southeast,SMB,74,2023-07-11
ACC-10409,Retail Client 410,Retail,Southeast,Mid-Market,342,2022-11-15
ACC-10410,Education Client 411,Education,Southeast,Enterprise,1714,2022-05-09
ACC-10411,Software Client 412,Software,Southwest,SMB,36,2023-01-26
ACC-10412,Finance Client 413,Finance,Southeast,SMB,140,2023-11-14
ACC-10413,Finance Client 414,Finance,Southwest,Mid-Market,618,2023-06-08
ACC-10414,Healthcare Client 415,Healthcare,West,SMB,90,2024-06-02
ACC-10415,Healthcare Client 416,Healthcare,Southeast,SMB,142,2022-07-17
ACC-10416,Retail Client 417,Retail,Southwest,Enterprise,840,2023-04-25
ACC-10417,Finance Client 418,Finance,Midwest,Enterprise,612,2022-03-19
ACC-10418,Real Estate Client 419,Real Estate,Midwest,Enterprise,1979,2022-10-05
ACC-10419,Real Estate Client 420,Real Estate,Southeast,Mid-Market,147,2022-09-27
ACC-10420,Healthcare Client 421,Healthcare,West,SMB,72,2024-04-25
ACC-10421,Retail Client 422,Retail,Southwest,SMB,98,2022-06-30
ACC-10422,Software Client 423,Software,Southeast,SMB,128,2022-06-07
ACC-10423,Healthcare Client 424,Healthcare,Northeast,SMB,41,2023-03-01
ACC-10424,Manufacturing Client 425,Manufacturing,Southeast,Mid-Market,401,2022-09-09
ACC-10425,Real Estate Client 426,Real Estate,West,Mid-Market,247,2024-02-21
ACC-10426,Logistics Client 427,Logistics,Midwest,SMB,79,2024-03-10
ACC-10427,Education Client 428,Education,Northeast,SMB,50,2023-01-18
ACC-10428,Manufacturing Client 429,Manufacturing,Southwest,Mid-Market,435,2023-01-29
ACC-10429,Real Estate Client 430,Real Estate,Southwest,Mid-Market,749,2023-09-22
ACC-10430,Healthcare Client 431,Healthcare,Midwest,SMB,69,2023-05-09
ACC-10431,Retail Client 432,Retail,Midwest,SMB,64,2024-03-16
ACC-10432,Finance Client 433,Finance,Northeast,Enterprise,1652,2024-10-31
ACC-10433,Software Client 434,Software,West,SMB,160,2023-06-25
ACC-10434,Software Client 435,Software,Midwest,SMB,150,2023-02-14
ACC-10435,Software Client 436,Software,Midwest,SMB,70,2024-01-23
ACC-10436,Software Client 437,Software,Southwest,SMB,105,2023-07-08
ACC-10437,Finance Client 438,Finance,Southwest,SMB,34,2022-05-21
ACC-10438,Real Estate Client 439,Real Estate,Southwest,SMB,80,2023-04-19
ACC-10439,Real Estate Client 440,Real Estate,Northeast,Enterprise,643,2023-11-10
ACC-10440,Education Client 441,Education,West,SMB,45,2023-01-02
ACC-10441,Healthcare Client 442,Healthcare,Southeast,Mid-Market,716,2024-10-24
ACC-10442,Education Client 443,Education,Northeast,SMB,130,2024-08-14
ACC-10443,Retail Client 444,Retail,Southeast,SMB,74,2022-04-14
ACC-10444,Logistics Client 445,Logistics,Southwest,SMB,75,2022-06-12
ACC-10445,Logistics Client 446,Logistics,West,SMB,30,2024-11-08
ACC-10446,Healthcare Client 447,Healthcare,Midwest,SMB,80,2023-11-27
ACC-10447,Logistics Client 448,Logistics,Southeast,Mid-Market,413,2025-02-04
ACC-10448,Retail Client 449,Retail,Southwest,Mid-Market,275,2024-01-02
ACC-10449,Logistics Client 450,Logistics,Northeast,Mid-Market,83,2024-05-18
ACC-10450,Retail Client 451,Retail,Northeast,Mid-Market,443,2023-10-13
ACC-10451,Finance Client 452,Finance,Northeast,Mid-Market,452,2022-07-16
ACC-10452,Education Client 453,Education,Northeast,Enterprise,558,2022-09-20
ACC-10453,Retail Client 454,Retail,Northeast,Mid-Market,304,2023-06-26
ACC-10454,Education Client 455,Education,Northeast,Mid-Market,340,2024-12-31
ACC-10455,Software Client 456,Software,Northeast,Mid-Market,252,2022-02-16
ACC-10456,Finance Client 457,Finance,Southwest,Mid-Market,221,2022-06-05
ACC-10457,Education Client 458,Education,Northeast,SMB,75,2024-02-26
ACC-10458,Logistics Client 459,Logistics,Southeast,Mid-Market,261,2023-05-15
ACC-10459,Retail Client 460,Retail,Northeast,Mid-Market,158,2022-03-09
ACC-10460,Retail Client 461,Retail,Midwest,SMB,87,2024-10-01
ACC-10461,Healthcare Client 462,Healthcare,Northeast,SMB,72,2022-08-07
ACC-10462,Retail Client 463,Retail,Midwest,SMB,80,2024-02-17
ACC-10463,Finance Client 464,Finance,Midwest,Mid-Market,284,2023-04-11
ACC-10464,Software Client 465,Software,Northeast,Mid-Market,406,2022-05-04
ACC-10465,Finance Client 466,Finance,Midwest,Mid-Market,250,2022-05-14
ACC-10466,Manufacturing Client 467,Manufacturing,Southeast,Mid-Market,284,2022-02-01
ACC-10467,Healthcare Client 468,Healthcare,Southeast,SMB,218,2023-03-08
ACC-10468,Healthcare Client 469,Healthcare,Midwest,Enterprise,2246,2024-05-18
ACC-10469,Retail Client 470,Retail,Midwest,Mid-Market,150,2023-01-14
ACC-10470,Healthcare Client 471,Healthcare,Midwest,Mid-Market,260,2023-05-24
ACC-10471,Education Client 472,Education,West,Enterprise,2119,2024-10-25
ACC-10472,Software Client 473,Software,Midwest,Mid-Market,325,2023-11-19
ACC-10473,Finance Client 474,Finance,Northeast,SMB,104,2024-09-06
ACC-10474,Education Client 475,Education,Southeast,Enterprise,871,2022-09-17
ACC-10475,Real Estate Client 476,Real Estate,Southeast,Mid-Market,428,2023-09-19
ACC-10476,Education Client 477,Education,West,Mid-Market,482,2024-08-26
ACC-10477,Education Client 478,Education,Northeast,SMB,120,2023-12-21
ACC-10478,Real Estate Client 479,Real Estate,Southwest,Enterprise,621,2024-06-12
ACC-10479,Retail Client 480,Retail,Southeast,SMB,85,2022-05-11
ACC-10480,Manufacturing Client 481,Manufacturing,Midwest,Enterprise,466,2022-02-01
ACC-10481,Education Client 482,Education,West,SMB,35,2023-08-17
ACC-10482,Real Estate Client 483,Real Estate,West,Mid-Market,819,2022-12-10
ACC-10483,Education Client 484,Education,West,SMB,68,2023-01-25
ACC-10484,Manufacturing Client 485,Manufacturing,Southwest,SMB,49,2024-04-21
ACC-10485,Software Client 486,Software,Southeast,Mid-Market,349,2024-06-26
ACC-10486,Healthcare Client 487,Healthcare,Southeast,SMB,53,2023-08-02
ACC-10487,Education Client 488,Education,Midwest,SMB,146,2022-04-08
ACC-10488,Logistics Client 489,Logistics,Northeast,Enterprise,1791,2022-09-20
ACC-10489,Software Client 490,Software,Southeast,SMB,50,2022-05-16
ACC-10490,Finance Client 491,Finance,West,SMB,115,2022-01-17
ACC-10491,Retail Client 492,Retail,Northeast,SMB,144,2022-09-21
ACC-10492,Logistics Client 493,Logistics,Southwest,SMB,78,2023-04-03
ACC-10493,Manufacturing Client 494,Manufacturing,Northeast,SMB,75,2023-03-07
ACC-10494,Healthcare Client 495,Healthcare,Midwest,Enterprise,1266,2023-04-21
ACC-10495,Manufacturing Client 496,Manufacturing,Southeast,Mid-Market,98,2024-04-12
ACC-10496,Healthcare Client 497,Healthcare,West,Mid-Market,371,2024-04-11
ACC-10497,Education Client 498,Education,Midwest,SMB,90,2023-09-22
ACC-10498,Real Estate Client 499,Real Estate,Southwest,Mid-Market,363,2024-09-23
ACC-10499,Software Client 500,Software,West,Enterprise,865,2022-08-23
ACC-10500,Healthcare Client 501,Healthcare,Southwest,SMB,48,2024-12-15
ACC-10501,Logistics Client 502,Logistics,Southeast,Enterprise,1361,2022-08-14
ACC-10502,Healthcare Client 503,Healthcare,Midwest,Mid-Market,295,2024-10-08
ACC-10503,Education Client 504,Education,Northeast,SMB,199,2023-05-07
ACC-10504,Software Client 505,Software,Northeast,Enterprise,979,2024-10-10
ACC-10505,Healthcare Client 506,Healthcare,Midwest,SMB,23,2024-01-26
ACC-10506,Real Estate Client 507,Real Estate,Southeast,Enterprise,516,2023-01-08
ACC-10507,Real Estate Client 508,Real Estate,Midwest,SMB,145,2022-09-24
ACC-10508,Manufacturing Client 509,Manufacturing,West,Mid-Market,336,2022-12-31
ACC-10509,Retail Client 510,Retail,Midwest,SMB,81,2024-11-09
ACC-10510,Retail Client 511,Retail,West,SMB,26,2023-02-27
ACC-10511,Education Client 512,Education,Southeast,Mid-Market,138,2023-07-30
ACC-10512,Education Client 513,Education,Southwest,Mid-Market,91,2024-10-14
ACC-10513,Logistics Client 514,Logistics,Southeast,SMB,74,2024-11-29
ACC-10514,Software Client 515,Software,Midwest,Mid-Market,420,2024-07-30
ACC-10515,Healthcare Client 516,Healthcare,Southeast,SMB,70,2024-10-16
ACC-10516,Retail Client 517,Retail,Midwest,SMB,108,2023-07-26
ACC-10517,Software Client 518,Software,Southeast,SMB,94,2022-11-16
ACC-10518,Education Client 519,Education,Midwest,Enterprise,1783,2024-11-08
ACC-10519,Retail Client 520,Retail,Northeast,Enterprise,2649,2023-07-20
ACC-10520,Retail Client 521,Retail,Northeast,SMB,143,2024-06-23
ACC-10521,Manufacturing Client 522,Manufacturing,West,SMB,38,2024-03-09
ACC-10522,Real Estate Client 523,Real Estate,Southeast,Mid-Market,869,2023-08-10
ACC-10523,Retail Client 524,Retail,Southwest,SMB,61,2024-03-24
ACC-10524,Education Client 525,Education,Southeast,Mid-Market,299,2022-09-02
ACC-10525,Healthcare Client 526,Healthcare,West,SMB,62,2022-05-19
ACC-10526,Finance Client 527,Finance,West,Enterprise,1181,2024-06-21
ACC-10527,Manufacturing Client 528,Manufacturing,Midwest,SMB,27,2024-07-01
ACC-10528,Education Client 529,Education,Midwest,Enterprise,955,2024-05-05
ACC-10529,Education Client 530,Education,Southwest,Mid-Market,683,2023-08-21
ACC-10530,Logistics Client 531,Logistics,Northeast,SMB,70,2024-08-05
ACC-10531,Manufacturing Client 532,Manufacturing,Northeast,SMB,153,2022-07-29
ACC-10532,Healthcare Client 533,Healthcare,Midwest,SMB,74,2024-04-30
ACC-10533,Education Client 534,Education,Midwest,SMB,120,2023-08-07
ACC-10534,Healthcare Client 535,Healthcare,Northeast,Mid-Market,197,2023-11-18
ACC-10535,Retail Client 536,Retail,Midwest,Mid-Market,131,2023-12-05
ACC-10536,Education Client 537,Education,Southwest,SMB,152,2024-07-24
ACC-10537,Software Client 538,Software,West,Enterprise,284,2022-05-05
ACC-10538,Education Client 539,Education,West,Enterprise,795,2022-04-24
ACC-10539,Retail Client 540,Retail,Midwest,Mid-Market,479,2023-11-22
ACC-10540,Manufacturing Client 541,Manufacturing,Southeast,Mid-Market,254,2022-02-10
ACC-10541,Healthcare Client 542,Healthcare,West,SMB,87,2023-02-06
ACC-10542,Healthcare Client 543,Healthcare,Midwest,SMB,48,2022-08-02
ACC-10543,Finance Client 544,Finance,West,Mid-Market,289,2022-12-19
ACC-10544,Logistics Client 545,Logistics,Southwest,Mid-Market,171,2022-12-26
ACC-10545,Healthcare Client 546,Healthcare,Northeast,Mid-Market,232,2025-02-09
ACC-10546,Logistics Client 547,Logistics,West,Mid-Market,877,2024-07-06
ACC-10547,Finance Client 548,Finance,Midwest,SMB,59,2022-04-18
ACC-10548,Logistics Client 549,Logistics,Midwest,Mid-Market,117,2023-12-02
ACC-10549,Finance Client 550,Finance,Midwest,SMB,217,2022-08-03
ACC-10550,Education Client 551,Education,West,Enterprise,2434,2023-08-15
ACC-10551,Logistics Client 552,Logistics,West,Mid-Market,168,2023-10-19
ACC-10552,Finance Client 553,Finance,West,Mid-Market,222,2023-09-23
ACC-10553,Finance Client 554,Finance,Midwest,SMB,117,2023-03-19
ACC-10554,Education Client 555,Education,Midwest,SMB,66,2022-11-13
ACC-10555,Finance Client 556,Finance,Northeast,SMB,129,2022-02-18
ACC-10556,Finance Client 557,Finance,Northeast,SMB,33,2022-04-16
ACC-10557,Retail Client 558,Retail,Southeast,SMB,79,2022-01-08
ACC-10558,Real Estate Client 559,Real Estate,Midwest,Mid-Market,212,2024-04-11
ACC-10559,Software Client 560,Software,West,SMB,145,2022-11-28
ACC-10560,Real Estate Client 561,Real Estate,Midwest,Mid-Market,776,2022-11-17
ACC-10561,Software Client 562,Software,Southeast,SMB,190,2023-07-25
ACC-10562,Education Client 563,Education,West,Mid-Market,835,2022-04-07
ACC-10563,Real Estate Client 564,Real Estate,West,Mid-Market,222,2023-04-20
ACC-10564,Education Client 565,Education,Northeast,Mid-Market,544,2024-02-05
ACC-10565,Software Client 566,Software,Southeast,SMB,120,2023-05-04
ACC-10566,Finance Client 567,Finance,Southeast,SMB,129,2023-12-03
ACC-10567,Real Estate Client 568,Real Estate,Southwest,Enterprise,1619,2023-02-04
ACC-10568,Finance Client 569,Finance,Southeast,Mid-Market,208,2024-02-06
ACC-10569,Software Client 570,Software,West,Enterprise,1016,2023-12-13
ACC-10570,Software Client 571,Software,West,SMB,122,2024-03-06
ACC-10571,Healthcare Client 572,Healthcare,Midwest,SMB,145,2025-01-12
ACC-10572,Retail Client 573,Retail,Midwest,SMB,75,2023-12-21
ACC-10573,Finance Client 574,Finance,Northeast,SMB,348,2024-03-23
ACC-10574,Retail Client 575,Retail,Southwest,Enterprise,1234,2023-06-26
ACC-10575,Healthcare Client 576,Healthcare,Southeast,Mid-Market,261,2022-02-25
ACC-10576,Software Client 577,Software,Northeast,SMB,121,2022-03-09
ACC-10577,Real Estate Client 578,Real Estate,West,Mid-Market,549,2024-04-07
ACC-10578,Software Client 579,Software,Midwest,SMB,256,2022-04-30
ACC-10579,Real Estate Client 580,Real Estate,Northeast,Mid-Market,220,2023-05-17
ACC-10580,Finance Client 581,Finance,Southeast,Mid-Market,502,2024-01-13
ACC-10581,Healthcare Client 582,Healthcare,West,Enterprise,731,2023-10-08
ACC-10582,Healthcare Client 583,Healthcare,Southwest,SMB,161,2024-02-10
ACC-10583,Education Client 584,Education,Southwest,Mid-Market,96,2023-01-02
ACC-10584,Real Estate Client 585,Real Estate,Southeast,Enterprise,578,2023-11-22
ACC-10585,Real Estate Client 586,Real Estate,Midwest,Enterprise,1511,2023-04-25
ACC-10586,Healthcare Client 587,Healthcare,Midwest,SMB,64,2023-03-10
ACC-10587,Retail Client 588,Retail,Northeast,Mid-Market,442,2023-01-03
ACC-10588,Software Client 589,Software,West,Mid-Market,464,2022-04-06
ACC-10589,Retail Client 590,Retail,Northeast,SMB,39,2022-06-11
ACC-10590,Software Client 591,Software,West,SMB,64,2024-07-25
ACC-10591,Finance Client 592,Finance,Northeast,Mid-Market,218,2022-10-21
ACC-10592,Education Client 593,Education,Midwest,SMB,212,2023-11-12
ACC-10593,Manufacturing Client 594,Manufacturing,West,SMB,75,2024-09-23
ACC-10594,Retail Client 595,Retail,Northeast,SMB,35,2025-01-12
ACC-10595,Real Estate Client 596,Real Estate,Southeast,Mid-Market,211,2022-06-18
ACC-10596,Education Client 597,Education,West,Enterprise,1561,2024-08-22
ACC-10597,Education Client 598,Education,Northeast,SMB,73,2024-10-26
ACC-10598,Software Client 599,Software,Southeast,Enterprise,1248,2022-08-01
ACC-10599,Healthcare Client 600,Healthcare,Northeast,SMB,107,2022-03-09
ACC-10600,Logistics Client 601,Logistics,Northeast,SMB,81,2022-11-05
ACC-10601,Manufacturing Client 602,Manufacturing,Southwest,Mid-Market,624,2023-04-01
ACC-10602,Logistics Client 603,Logistics,Northeast,Mid-Market,504,2022-10-30
ACC-10603,Manufacturing Client 604,Manufacturing,West,Enterprise,1820,2024-10-08
ACC-10604,Logistics Client 605,Logistics,Southeast,Enterprise,1169,2023-07-07
ACC-10605,Retail Client 606,Retail,Southwest,SMB,47,2022-03-03
ACC-10606,Real Estate Client 607,Real Estate,Northeast,Mid-Market,235,2023-01-19
ACC-10607,Retail Client 608,Retail,Midwest,Mid-Market,565,2025-01-31
ACC-10608,Real Estate Client 609,Real Estate,Southwest,SMB,68,2023-05-28
ACC-10609,Real Estate Client 610,Real Estate,Southeast,Mid-Market,1141,2023-07-25
ACC-10610,Healthcare Client 611,Healthcare,Northeast,Enterprise,2170,2024-05-06
ACC-10611,Healthcare Client 612,Healthcare,West,SMB,57,2024-01-21
ACC-10612,Logistics Client 613,Logistics,Midwest,SMB,44,2022-09-23
ACC-10613,Education Client 614,Education,Southwest,SMB,74,2023-05-23
ACC-10614,Manufacturing Client 615,Manufacturing,Southwest,Enterprise,1822,2024-08-18
ACC-10615,Software Client 616,Software,Northeast,Enterprise,478,2022-09-05
ACC-10616,Retail Client 617,Retail,West,Enterprise,795,2022-06-08
ACC-10617,Real Estate Client 618,Real Estate,Southwest,Enterprise,660,2022-03-13
ACC-10618,Retail Client 619,Retail,West,SMB,92,2024-02-18
ACC-10619,Healthcare Client 620,Healthcare,Southeast,SMB,45,2022-11-01
ACC-10620,Real Estate Client 621,Real Estate,Midwest,Mid-Market,189,2023-06-24
ACC-10621,Retail Client 622,Retail,Southeast,SMB,87,2022-04-02
ACC-10622,Retail Client 623,Retail,Northeast,Mid-Market,478,2024-09-29
ACC-10623,Education Client 624,Education,Southeast,SMB,171,2022-12-08
ACC-10624,Real Estate Client 625,Real Estate,West,SMB,35,2022-03-09
ACC-10625,Logistics Client 626,Logistics,Southeast,Mid-Market,269,2023-02-26
ACC-10626,Logistics Client 627,Logistics,West,SMB,112,2022-12-11
ACC-10627,Manufacturing Client 628,Manufacturing,West,SMB,136,2023-01-18
ACC-10628,Retail Client 629,Retail,West,SMB,43,2023-07-04
ACC-10629,Logistics Client 630,Logistics,West,SMB,108,2022-01-20
ACC-10630,Retail Client 631,Retail,Southwest,Enterprise,994,2024-01-02
ACC-10631,Healthcare Client 632,Healthcare,Southeast,SMB,78,2022-03-06
ACC-10632,Real Estate Client 633,Real Estate,Midwest,SMB,60,2024-03-15
ACC-10633,Manufacturing Client 634,Manufacturing,Northeast,Mid-Market,332,2023-01-17
ACC-10634,Real Estate Client 635,Real Estate,West,Mid-Market,499,2022-05-26
ACC-10635,Healthcare Client 636,Healthcare,Southeast,SMB,137,2024-10-03
ACC-10636,Logistics Client 637,Logistics,Southeast,SMB,72,2023-01-04
ACC-10637,Logistics Client 638,Logistics,Southwest,Mid-Market,200,2022-12-17
ACC-10638,Education Client 639,Education,Northeast,SMB,93,2022-06-08
ACC-10639,Real Estate Client 640,Real Estate,Southwest,SMB,62,2023-08-20
ACC-10640,Finance Client 641,Finance,Northeast,Mid-Market,111,2022-09-25
ACC-10641,Finance Client 642,Finance,Midwest,Mid-Market,403,2023-05-21
ACC-10642,Retail Client 643,Retail,Southeast,SMB,68,2025-02-04
ACC-10643,Education Client 644,Education,Midwest,SMB,131,2024-09-06
ACC-10644,Real Estate Client 645,Real Estate,Southeast,SMB,188,2024-09-30
ACC-10645,Real Estate Client 646,Real Estate,Midwest,SMB,78,2024-09-19
ACC-10646,Finance Client 647,Finance,Northeast,Enterprise,2378,2023-06-14
ACC-10647,Logistics Client 648,Logistics,Southwest,SMB,80,2024-12-01
ACC-10648,Manufacturing Client 649,Manufacturing,West,SMB,40,2024-06-05
ACC-10649,Software Client 650,Software,West,Mid-Market,640,2025-02-20
ACC-10650,Manufacturing Client 651,Manufacturing,Northeast,SMB,37,2023-08-02
ACC-10651,Software Client 652,Software,Southwest,SMB,128,2023-02-16
ACC-10652,Manufacturing Client 653,Manufacturing,West,SMB,63,2024-11-13
ACC-10653,Manufacturing Client 654,Manufacturing,West,Enterprise,1496,2022-08-19
ACC-10654,Logistics Client 655,Logistics,Southwest,SMB,115,2023-01-09
ACC-10655,Real Estate Client 656,Real Estate,West,SMB,69,2024-12-05
ACC-10656,Real Estate Client 657,Real Estate,West,SMB,34,2024-11-26
ACC-10657,Software Client 658,Software,Southwest,Mid-Market,617,2022-02-15
ACC-10658,Education Client 659,Education,Southwest,SMB,64,2024-01-27
ACC-10659,Real Estate Client 660,Real Estate,Midwest,SMB,31,2023-05-04
ACC-10660,Software Client 661,Software,Southeast,Mid-Market,979,2022-04-12
ACC-10661,Finance Client 662,Finance,Northeast,SMB,53,2024-09-19
ACC-10662,Logistics Client 663,Logistics,Southeast,Mid-Market,134,2023-02-18
ACC-10663,Real Estate Client 664,Real Estate,Southeast,Mid-Market,121,2023-07-30
ACC-10664,Education Client 665,Education,Southeast,SMB,47,2022-11-15
ACC-10665,Software Client 666,Software,Northeast,Mid-Market,474,2023-03-31
ACC-10666,Education Client 667,Education,Southeast,Enterprise,370,2023-06-27
ACC-10667,Finance Client 668,Finance,Southeast,Mid-Market,128,2023-03-19
ACC-10668,Education Client 669,Education,Midwest,SMB,62,2024-07-09
ACC-10669,Finance Client 670,Finance,West,SMB,16,2023-04-12
ACC-10670,Finance Client 671,Finance,Northeast,SMB,103,2024-04-14
ACC-10671,Retail Client 672,Retail,Southwest,Enterprise,470,2023-11-03
ACC-10672,Retail Client 673,Retail,Northeast,Enterprise,1403,2024-10-18
ACC-10673,Real Estate Client 674,Real Estate,Northeast,Mid-Market,238,2023-05-20
ACC-10674,Manufacturing Client 675,Manufacturing,West,Mid-Market,623,2024-11-12
ACC-10675,Manufacturing Client 676,Manufacturing,Northeast,SMB,51,2023-09-26
ACC-10676,Software Client 677,Software,West,SMB,44,2022-12-23
ACC-10677,Healthcare Client 678,Healthcare,Southwest,SMB,95,2023-12-09
ACC-10678,Healthcare Client 679,Healthcare,West,Mid-Market,268,2022-06-04
ACC-10679,Software Client 680,Software,Southwest,Mid-Market,546,2024-11-02
ACC-10680,Software Client 681,Software,Southwest,SMB,44,2024-12-30
ACC-10681,Software Client 682,Software,Midwest,SMB,79,2022-02-09
ACC-10682,Manufacturing Client 683,Manufacturing,Northeast,Enterprise,1187,2024-03-17
ACC-10683,Finance Client 684,Finance,West,Mid-Market,244,2022-10-28
ACC-10684,Retail Client 685,Retail,Midwest,Mid-Market,252,2023-11-06
ACC-10685,Finance Client 686,Finance,Northeast,SMB,109,2024-09-18
ACC-10686,Logistics Client 687,Logistics,Southwest,Enterprise,786,2023-06-15
ACC-10687,Finance Client 688,Finance,West,SMB,72,2024-09-27
ACC-10688,Manufacturing Client 689,Manufacturing,Northeast,Mid-Market,650,2024-09-18
ACC-10689,Finance Client 690,Finance,Northeast,SMB,30,2022-10-30
ACC-10690,Healthcare Client 691,Healthcare,Midwest,Mid-Market,581,2023-12-15
ACC-10691,Manufacturing Client 692,Manufacturing,Northeast,SMB,79,2023-10-18
ACC-10692,Software Client 693,Software,Southeast,SMB,66,2024-03-14
ACC-10693,Manufacturing Client 694,Manufacturing,Northeast,Mid-Market,215,2024-06-25
ACC-10694,Retail Client 695,Retail,Midwest,Mid-Market,477,2022-07-17
ACC-10695,Healthcare Client 696,Healthcare,West,SMB,96,2023-11-24
ACC-10696,Healthcare Client 697,Healthcare,West,Mid-Market,348,2022-01-09
ACC-10697,Real Estate Client 698,Real Estate,Northeast,SMB,71,2023-08-30
ACC-10698,Logistics Client 699,Logistics,Southeast,SMB,54,2023-04-06
ACC-10699,Manufacturing Client 700,Manufacturing,Southwest,Mid-Market,144,2024-05-20
ACC-10700,Real Estate Client 701,Real Estate,Southeast,Mid-Market,196,2023-11-30
ACC-10701,Education Client 702,Education,Midwest,SMB,84,2022-11-02
ACC-10702,Real Estate Client 703,Real Estate,West,Enterprise,377,2023-09-17
ACC-10703,Education Client 704,Education,Southeast,SMB,53,2022-07-11
ACC-10704,Healthcare Client 705,Healthcare,Northeast,Enterprise,894,2022-10-03
ACC-10705,Software Client 706,Software,West,SMB,94,2022-11-14
ACC-10706,Manufacturing Client 707,Manufacturing,Southwest,Mid-Market,578,2022-09-01
ACC-10707,Healthcare Client 708,Healthcare,Southwest,SMB,111,2023-06-23
ACC-10708,Real Estate Client 709,Real Estate,Midwest,Mid-Market,293,2024-01-18
ACC-10709,Software Client 710,Software,West,Mid-Market,834,2023-03-22
ACC-10710,Real Estate Client 711,Real Estate,Southwest,SMB,46,2024-11-07
ACC-10711,Logistics Client 712,Logistics,Southeast,SMB,55,2024-02-14
ACC-10712,Education Client 713,Education,West,SMB,103,2024-01-09
ACC-10713,Logistics Client 714,Logistics,Southwest,SMB,72,2022-06-04
ACC-10714,Real Estate Client 715,Real Estate,West,Mid-Market,327,2024-06-25
ACC-10715,Real Estate Client 716,Real Estate,Southeast,SMB,39,2023-01-12
ACC-10716,Finance Client 717,Finance,Northeast,SMB,111,2024-02-14
ACC-10717,Retail Client 718,Retail,Midwest,SMB,87,2023-12-13
ACC-10718,Healthcare Client 719,Healthcare,Midwest,Enterprise,852,2023-04-26
ACC-10719,Education Client 720,Education,Southeast,Enterprise,699,2023-07-05
ACC-10720,Manufacturing Client 721,Manufacturing,Midwest,SMB,60,2022-11-14
ACC-10721,Retail Client 722,Retail,Southwest,Enterprise,1145,2022-08-01
ACC-10722,Real Estate Client 723,Real Estate,Northeast,Mid-Market,284,2024-05-30
ACC-10723,Manufacturing Client 724,Manufacturing,Southeast,SMB,56,2024-10-15
ACC-10724,Education Client 725,Education,West,Mid-Market,410,2023-07-11
ACC-10725,Retail Client 726,Retail,Northeast,SMB,127,2023-01-06
ACC-10726,Finance Client 727,Finance,Southeast,SMB,70,2023-01-16
ACC-10727,Retail Client 728,Retail,Northeast,Mid-Market,289,2022-08-09
ACC-10728,Education Client 729,Education,Northeast,Mid-Market,503,2024-11-17
ACC-10729,Healthcare Client 730,Healthcare,Southwest,Mid-Market,198,2022-02-27
ACC-10730,Manufacturing Client 731,Manufacturing,Midwest,Enterprise,1883,2024-06-27
ACC-10731,Manufacturing Client 732,Manufacturing,Southeast,Mid-Market,175,2024-07-18
ACC-10732,Logistics Client 733,Logistics,Southeast,SMB,107,2022-03-06
ACC-10733,Finance Client 734,Finance,Southwest,Mid-Market,657,2024-01-19
ACC-10734,Manufacturing Client 735,Manufacturing,Southwest,Mid-Market,560,2023-11-01
ACC-10735,Software Client 736,Software,Southwest,SMB,61,2023-02-26
ACC-10736,Manufacturing Client 737,Manufacturing,Northeast,Mid-Market,296,2024-08-28
ACC-10737,Healthcare Client 738,Healthcare,Southeast,SMB,90,2023-09-04
ACC-10738,Logistics Client 739,Logistics,Northeast,Mid-Market,368,2023-10-23
ACC-10739,Healthcare Client 740,Healthcare,Northeast,Mid-Market,292,2023-10-13
ACC-10740,Real Estate Client 741,Real Estate,Northeast,Mid-Market,213,2023-08-27
ACC-10741,Manufacturing Client 742,Manufacturing,Southeast,SMB,84,2024-06-19
ACC-10742,Healthcare Client 743,Healthcare,Southwest,Mid-Market,122,2022-05-13
ACC-10743,Real Estate Client 744,Real Estate,Northeast,SMB,55,2023-02-05
ACC-10744,Logistics Client 745,Logistics,Midwest,SMB,56,2024-07-02
ACC-10745,Healthcare Client 746,Healthcare,Midwest,Enterprise,2635,2023-06-18
ACC-10746,Manufacturing Client 747,Manufacturing,Northeast,Enterprise,2451,2024-11-02
ACC-10747,Finance Client 748,Finance,Midwest,SMB,98,2023-09-12
ACC-10748,Healthcare Client 749,Healthcare,West,SMB,57,2024-04-20
ACC-10749,Finance Client 750,Finance,Northeast,Enterprise,1992,2022-03-08
ACC-10750,Real Estate Client 751,Real Estate,Southwest,SMB,75,2022-09-30
ACC-10751,Retail Client 752,Retail,Midwest,SMB,47,2025-02-02
ACC-10752,Software Client 753,Software,Northeast,SMB,112,2024-11-15
ACC-10753,Retail Client 754,Retail,Midwest,Mid-Market,518,2024-08-01
ACC-10754,Healthcare Client 755,Healthcare,Southwest,SMB,43,2024-05-05
ACC-10755,Healthcare Client 756,Healthcare,Southwest,SMB,84,2024-11-19
ACC-10756,Healthcare Client 757,Healthcare,West,SMB,109,2022-12-27
ACC-10757,Logistics Client 758,Logistics,Midwest,Mid-Market,378,2023-02-05
ACC-10758,Healthcare Client 759,Healthcare,Midwest,SMB,95,2023-10-22
ACC-10759,Manufacturing Client 760,Manufacturing,West,SMB,167,2023-11-25
ACC-10760,Healthcare Client 761,Healthcare,Northeast,SMB,72,2023-03-21
ACC-10761,Real Estate Client 762,Real Estate,Southeast,Mid-Market,618,2023-04-02
ACC-10762,Real Estate Client 763,Real Estate,West,SMB,70,2023-08-19
ACC-10763,Real Estate Client 764,Real Estate,Southeast,SMB,67,2024-06-01
ACC-10764,Healthcare Client 765,Healthcare,West,SMB,120,2022-01-23
ACC-10765,Logistics Client 766,Logistics,Midwest,Mid-Market,216,2023-05-09
ACC-10766,Manufacturing Client 767,Manufacturing,West,Enterprise,715,2022-02-10
ACC-10767,Education Client 768,Education,Northeast,SMB,95,2024-02-23
ACC-10768,Education Client 769,Education,Southeast,Enterprise,506,2022-09-18
ACC-10769,Education Client 770,Education,Midwest,Enterprise,1096,2024-09-17
ACC-10770,Software Client 771,Software,West,SMB,59,2024-02-07
ACC-10771,Manufacturing Client 772,Manufacturing,Southeast,SMB,117,2022-12-23
ACC-10772,Healthcare Client 773,Healthcare,West,SMB,92,2024-12-18
ACC-10773,Retail Client 774,Retail,Southeast,SMB,29,2024-03-05
ACC-10774,Education Client 775,Education,Northeast,SMB,277,2024-05-22
ACC-10775,Education Client 776,Education,Northeast,SMB,114,2022-04-18
ACC-10776,Retail Client 777,Retail,Southeast,Enterprise,1285,2025-02-09
ACC-10777,Real Estate Client 778,Real Estate,Northeast,SMB,73,2023-02-05
ACC-10778,Healthcare Client 779,Healthcare,Southwest,Enterprise,946,2022-08-05
ACC-10779,Real Estate Client 780,Real Estate,West,SMB,38,2025-02-04
ACC-10780,Education Client 781,Education,Midwest,Mid-Market,367,2025-02-17
ACC-10781,Real Estate Client 782,Real Estate,Midwest,Enterprise,1312,2024-10-03
ACC-10782,Retail Client 783,Retail,Southeast,SMB,50,2022-08-28
ACC-10783,Finance Client 784,Finance,Midwest,SMB,39,2023-12-07
ACC-10784,Manufacturing Client 785,Manufacturing,Southeast,Mid-Market,292,2024-07-16
ACC-10785,Logistics Client 786,Logistics,Midwest,Mid-Market,845,2022-01-03
ACC-10786,Retail Client 787,Retail,West,SMB,83,2022-07-30
ACC-10787,Real Estate Client 788,Real Estate,Southeast,Enterprise,864,2023-08-28
ACC-10788,Manufacturing Client 789,Manufacturing,Southwest,SMB,82,2023-07-11
ACC-10789,Software Client 790,Software,Northeast,Mid-Market,135,2024-08-12
ACC-10790,Finance Client 791,Finance,West,SMB,106,2024-09-03
ACC-10791,Logistics Client 792,Logistics,Midwest,SMB,100,2023-12-09
ACC-10792,Education Client 793,Education,West,SMB,58,2022-04-28
ACC-10793,Retail Client 794,Retail,Southeast,SMB,74,2023-06-13
ACC-10794,Finance Client 795,Finance,Midwest,Enterprise,2287,2022-05-07
ACC-10795,Logistics Client 796,Logistics,West,Mid-Market,283,2023-02-07
ACC-10796,Real Estate Client 797,Real Estate,Southeast,SMB,198,2023-03-23
ACC-10797,Logistics Client 798,Logistics,Midwest,SMB,96,2022-11-25
ACC-10798,Finance Client 799,Finance,Northeast,Enterprise,412,2022-08-26
ACC-10799,Manufacturing Client 800,Manufacturing,Northeast,Mid-Market,514,2024-05-25
ACC-10800,Education Client 801,Education,Southwest,SMB,82,2023-03-19
ACC-10801,Retail Client 802,Retail,Northeast,Enterprise,1047,2024-01-06
ACC-10802,Logistics Client 803,Logistics,Southwest,Enterprise,899,2022-08-10
ACC-10803,Education Client 804,Education,West,Mid-Market,379,2024-04-18
ACC-10804,Manufacturing Client 805,Manufacturing,Southwest,Enterprise,768,2024-01-12
ACC-10805,Real Estate Client 806,Real Estate,Southwest,Mid-Market,760,2022-10-31
ACC-10806,Finance Client 807,Finance,Midwest,Mid-Market,211,2023-07-07
ACC-10807,Manufacturing Client 808,Manufacturing,West,Enterprise,456,2024-04-13
ACC-10808,Manufacturing Client 809,Manufacturing,West,Mid-Market,645,2024-04-09
ACC-10809,Finance Client 810,Finance,Southwest,SMB,45,2024-10-15
ACC-10810,Healthcare Client 811,Healthcare,Southeast,Enterprise,541,2024-08-03
ACC-10811,Healthcare Client 812,Healthcare,West,Enterprise,882,2024-01-30
ACC-10812,Manufacturing Client 813,Manufacturing,Midwest,Mid-Market,347,2023-11-13
ACC-10813,Logistics Client 814,Logistics,Northeast,Enterprise,1251,2023-07-06
ACC-10814,Logistics Client 815,Logistics,Southeast,SMB,55,2024-05-20
ACC-10815,Logistics Client 816,Logistics,Southwest,SMB,41,2022-09-21
ACC-10816,Retail Client 817,Retail,Southwest,Enterprise,1214,2024-04-25
ACC-10817,Manufacturing Client 818,Manufacturing,Southeast,SMB,83,2024-08-03
ACC-10818,Finance Client 819,Finance,Southwest,SMB,69,2023-11-15
ACC-10819,Logistics Client 820,Logistics,Midwest,Enterprise,766,2022-09-06
ACC-10820,Education Client 821,Education,Southwest,Enterprise,623,2023-02-23
ACC-10821,Retail Client 822,Retail,Northeast,Mid-Market,166,2022-06-24
ACC-10822,Retail Client 823,Retail,Southwest,Mid-Market,189,2022-09-01
ACC-10823,Retail Client 824,Retail,Northeast,Mid-Market,222,2022-05-26
ACC-10824,Logistics Client 825,Logistics,Midwest,Mid-Market,748,2023-09-27
ACC-10825,Software Client 826,Software,Southwest,Mid-Market,158,2024-04-02
ACC-10826,Education Client 827,Education,West,SMB,60,2022-10-29
ACC-10827,Retail Client 828,Retail,Northeast,Mid-Market,269,2025-01-31
ACC-10828,Logistics Client 829,Logistics,West,SMB,46,2023-06-20
ACC-10829,Software Client 830,Software,Midwest,SMB,74,2022-02-16
ACC-10830,Logistics Client 831,Logistics,Northeast,Mid-Market,341,2024-09-20
ACC-10831,Education Client 832,Education,Southeast,SMB,60,2023-02-16
ACC-10832,Logistics Client 833,Logistics,Midwest,Mid-Market,455,2024-08-03
ACC-10833,Real Estate Client 834,Real Estate,West,Mid-Market,397,2023-04-20
ACC-10834,Software Client 835,Software,West,Mid-Market,344,2024-06-23
ACC-10835,Education Client 836,Education,Midwest,SMB,44,2022-06-07
ACC-10836,Software Client 837,Software,Southwest,Mid-Market,102,2022-02-27
ACC-10837,Real Estate Client 838,Real Estate,Midwest,SMB,60,2022-07-21
ACC-10838,Retail Client 839,Retail,Southeast,Enterprise,812,2024-09-25
ACC-10839,Finance Client 840,Finance,Northeast,Mid-Market,422,2023-07-29
ACC-10840,Real Estate Client 841,Real Estate,Southeast,SMB,160,2024-01-13
ACC-10841,Software Client 842,Software,Midwest,Mid-Market,355,2022-08-31
ACC-10842,Healthcare Client 843,Healthcare,West,Mid-Market,387,2022-04-13
ACC-10843,Finance Client 844,Finance,Southwest,SMB,110,2022-11-07
ACC-10844,Finance Client 845,Finance,Southeast,Mid-Market,236,2022-10-21
ACC-10845,Logistics Client 846,Logistics,Southeast,Enterprise,1065,2023-03-08
ACC-10846,Software Client 847,Software,Southeast,SMB,80,2023-01-03
ACC-10847,Logistics Client 848,Logistics,Southeast,Mid-Market,1124,2022-05-12
ACC-10848,Healthcare Client 849,Healthcare,Midwest,Enterprise,2082,2024-06-22
ACC-10849,Retail Client 850,Retail,West,Mid-Market,620,2022-12-28
ACC-10850,Software Client 851,Software,Midwest,SMB,57,2024-01-29
ACC-10851,Logistics Client 852,Logistics,Northeast,Enterprise,679,2023-05-08
ACC-10852,Education Client 853,Education,Southwest,Enterprise,2723,2023-01-20
ACC-10853,Software Client 854,Software,Midwest,Mid-Market,311,2024-10-09
ACC-10854,Logistics Client 855,Logistics,West,SMB,98,2023-08-23
ACC-10855,Logistics Client 856,Logistics,West,SMB,36,2025-01-19
ACC-10856,Retail Client 857,Retail,Midwest,Mid-Market,138,2022-10-07
ACC-10857,Real Estate Client 858,Real Estate,Northeast,SMB,117,2023-02-05
ACC-10858,Manufacturing Client 859,Manufacturing,Northeast,SMB,174,2025-02-16
ACC-10859,Retail Client 860,Retail,West,Mid-Market,262,2023-12-03
ACC-10860,Healthcare Client 861,Healthcare,Southwest,SMB,68,2022-03-28
ACC-10861,Manufacturing Client 862,Manufacturing,Midwest,SMB,143,2025-02-23
ACC-10862,Manufacturing Client 863,Manufacturing,Southeast,SMB,39,2025-02-19
ACC-10863,Finance Client 864,Finance,Midwest,SMB,179,2022-07-02
ACC-10864,Manufacturing Client 865,Manufacturing,Southeast,SMB,149,2022-08-29
ACC-10865,Real Estate Client 866,Real Estate,Southeast,SMB,51,2024-04-10
ACC-10866,Retail Client 867,Retail,Midwest,SMB,79,2022-03-26
ACC-10867,Manufacturing Client 868,Manufacturing,Midwest,SMB,34,2023-05-13
ACC-10868,Retail Client 869,Retail,Southeast,Mid-Market,197,2024-09-20
ACC-10869,Education Client 870,Education,Northeast,Enterprise,1594,2023-02-22
ACC-10870,Retail Client 871,Retail,Northeast,SMB,153,2022-03-28
ACC-10871,Education Client 872,Education,Southeast,Enterprise,1742,2025-01-25
ACC-10872,Finance Client 873,Finance,Southeast,SMB,157,2024-12-24
ACC-10873,Finance Client 874,Finance,Southeast,SMB,123,2024-02-24
ACC-10874,Software Client 875,Software,West,Mid-Market,888,2023-01-21
ACC-10875,Finance Client 876,Finance,Northeast,Enterprise,1255,2022-05-18
ACC-10876,Real Estate Client 877,Real Estate,West,Enterprise,1396,2024-12-03
ACC-10877,Healthcare Client 878,Healthcare,Southeast,SMB,171,2022-02-25
ACC-10878,Software Client 879,Software,Northeast,SMB,119,2023-04-28
ACC-10879,Manufacturing Client 880,Manufacturing,West,Mid-Market,964,2024-09-09
ACC-10880,Software Client 881,Software,Northeast,Mid-Market,270,2023-12-30
ACC-10881,Education Client 882,Education,Southwest,SMB,88,2023-10-11
ACC-10882,Manufacturing Client 883,Manufacturing,Midwest,Enterprise,1519,2024-05-16
ACC-10883,Retail Client 884,Retail,Midwest,Mid-Market,654,2022-05-11
ACC-10884,Healthcare Client 885,Healthcare,Southwest,Enterprise,560,2023-01-23
ACC-10885,Logistics Client 886,Logistics,Midwest,SMB,65,2024-07-13
ACC-10886,Finance Client 887,Finance,Southwest,Enterprise,652,2024-03-11
ACC-10887,Manufacturing Client 888,Manufacturing,Southwest,Mid-Market,221,2024-03-14
ACC-10888,Finance Client 889,Finance,Midwest,SMB,42,2022-02-04
ACC-10889,Finance Client 890,Finance,Northeast,SMB,102,2024-10-25
ACC-10890,Retail Client 891,Retail,Southwest,Mid-Market,207,2022-10-22
ACC-10891,Software Client 892,Software,Northeast,Mid-Market,402,2022-05-25
ACC-10892,Education Client 893,Education,Midwest,SMB,63,2022-06-04
ACC-10893,Retail Client 894,Retail,Midwest,Mid-Market,219,2022-01-21
ACC-10894,Software Client 895,Software,Southwest,SMB,135,2022-02-18
ACC-10895,Manufacturing Client 896,Manufacturing,Southwest,Enterprise,2246,2024-01-18
ACC-10896,Education Client 897,Education,Northeast,Mid-Market,517,2024-12-03
ACC-10897,Real Estate Client 898,Real Estate,Southwest,SMB,45,2023-05-10
ACC-10898,Logistics Client 899,Logistics,Northeast,SMB,63,2022-07-03
ACC-10899,Software Client 900,Software,West,Mid-Market,1045,2024-09-11
ACC-10900,Manufacturing Client 901,Manufacturing,Northeast,Mid-Market,629,2023-03-13
ACC-10901,Finance Client 902,Finance,West,Enterprise,2069,2024-02-26
ACC-10902,Logistics Client 903,Logistics,Northeast,Enterprise,982,2023-08-29
ACC-10903,Software Client 904,Software,Northeast,SMB,148,2023-09-07
ACC-10904,Real Estate Client 905,Real Estate,West,SMB,77,2024-12-03
ACC-10905,Finance Client 906,Finance,Northeast,Mid-Market,275,2025-02-15
ACC-10906,Logistics Client 907,Logistics,Southwest,Enterprise,1042,2023-12-08
ACC-10907,Logistics Client 908,Logistics,Northeast,Mid-Market,319,2022-02-25
ACC-10908,Healthcare Client 909,Healthcare,Southeast,Mid-Market,279,2022-08-18
ACC-10909,Logistics Client 910,Logistics,Midwest,Enterprise,1029,2023-09-13
ACC-10910,Retail Client 911,Retail,Southwest,Enterprise,1952,2023-09-27
ACC-10911,Education Client 912,Education,Southwest,Enterprise,776,2022-10-17
ACC-10912,Software Client 913,Software,West,SMB,66,2023-07-10
ACC-10913,Software Client 914,Software,Midwest,SMB,47,2022-08-03
ACC-10914,Education Client 915,Education,Southeast,Mid-Market,597,2023-01-22
ACC-10915,Finance Client 916,Finance,Northeast,SMB,42,2022-07-30
ACC-10916,Education Client 917,Education,West,Enterprise,995,2023-11-04
ACC-10917,Software Client 918,Software,Northeast,Enterprise,1881,2023-12-07
ACC-10918,Retail Client 919,Retail,Southwest,Mid-Market,360,2024-12-20
ACC-10919,Manufacturing Client 920,Manufacturing,Southwest,SMB,125,2022-06-02
ACC-10920,Software Client 921,Software,Northeast,Mid-Market,208,2022-12-27
ACC-10921,Software Client 922,Software,Midwest,SMB,61,2022-08-05
ACC-10922,Software Client 923,Software,Northeast,SMB,48,2024-09-23
ACC-10923,Finance Client 924,Finance,Southwest,Enterprise,515,2022-05-19
ACC-10924,Software Client 925,Software,Northeast,Mid-Market,154,2024-07-18
ACC-10925,Finance Client 926,Finance,Southwest,SMB,68,2023-12-01
ACC-10926,Education Client 927,Education,Midwest,Mid-Market,481,2024-01-02
ACC-10927,Healthcare Client 928,Healthcare,Northeast,SMB,16,2024-06-02
ACC-10928,Manufacturing Client 929,Manufacturing,West,SMB,60,2022-04-25
ACC-10929,Software Client 930,Software,West,Mid-Market,1213,2024-05-23
ACC-10930,Manufacturing Client 931,Manufacturing,Northeast,Enterprise,1598,2022-02-17
ACC-10931,Finance Client 932,Finance,Northeast,SMB,43,2023-12-16
ACC-10932,Healthcare Client 933,Healthcare,West,SMB,130,2024-03-03
ACC-10933,Real Estate Client 934,Real Estate,West,Mid-Market,614,2024-12-26
ACC-10934,Finance Client 935,Finance,Southeast,SMB,54,2022-12-03
ACC-10935,Education Client 936,Education,Midwest,Mid-Market,416,2024-05-05
ACC-10936,Finance Client 937,Finance,Southeast,Mid-Market,507,2023-03-02
ACC-10937,Manufacturing Client 938,Manufacturing,Midwest,SMB,124,2024-01-17
ACC-10938,Logistics Client 939,Logistics,Southwest,Enterprise,1164,2022-12-29
ACC-10939,Logistics Client 940,Logistics,West,Mid-Market,217,2023-12-19
ACC-10940,Real Estate Client 941,Real Estate,Northeast,Enterprise,1493,2022-05-11
ACC-10941,Finance Client 942,Finance,Southwest,Mid-Market,144,2023-10-30
ACC-10942,Software Client 943,Software,Southwest,Enterprise,362,2023-09-15
ACC-10943,Retail Client 944,Retail,Southeast,Mid-Market,547,2023-09-04
ACC-10944,Education Client 945,Education,Midwest,Enterprise,2476,2023-03-03
ACC-10945,Education Client 946,Education,West,Mid-Market,906,2023-02-06
ACC-10946,Education Client 947,Education,Southwest,SMB,64,2022-12-26
ACC-10947,Logistics Client 948,Logistics,West,Mid-Market,140,2023-08-22
ACC-10948,Logistics Client 949,Logistics,Southwest,SMB,69,2024-05-27
ACC-10949,Retail Client 950,Retail,West,Enterprise,500,2024-06-13
ACC-10950,Real Estate Client 951,Real Estate,Southwest,SMB,80,2024-01-04
ACC-10951,Logistics Client 952,Logistics,West,Mid-Market,603,2024-09-22
ACC-10952,Software Client 953,Software,Midwest,Mid-Market,137,2022-08-29
ACC-10953,Real Estate Client 954,Real Estate,Midwest,Mid-Market,126,2022-04-18
ACC-10954,Real Estate Client 955,Real Estate,West,Mid-Market,260,2024-04-26
ACC-10955,Retail Client 956,Retail,Midwest,SMB,40,2022-05-17
ACC-10956,Healthcare Client 957,Healthcare,Midwest,Enterprise,1819,2022-01-11
ACC-10957,Logistics Client 958,Logistics,Southwest,Mid-Market,397,2022-10-09
ACC-10958,Logistics Client 959,Logistics,West,SMB,112,2024-10-27
ACC-10959,Education Client 960,Education,Southeast,Mid-Market,466,2023-09-28
ACC-10960,Finance Client 961,Finance,West,Mid-Market,397,2023-06-22
ACC-10961,Real Estate Client 962,Real Estate,Southwest,SMB,109,2024-10-20
ACC-10962,Logistics Client 963,Logistics,Southeast,SMB,136,2025-01-22
ACC-10963,Software Client 964,Software,Midwest,SMB,237,2024-03-24
ACC-10964,Real Estate Client 965,Real Estate,Southeast,Mid-Market,160,2024-03-09
ACC-10965,Manufacturing Client 966,Manufacturing,Southwest,SMB,64,2023-01-11
ACC-10966,Logistics Client 967,Logistics,Southeast,SMB,44,2023-08-29
ACC-10967,Healthcare Client 968,Healthcare,West,SMB,42,2022-10-19
ACC-10968,Education Client 969,Education,Midwest,SMB,71,2022-01-01
ACC-10969,Finance Client 970,Finance,Southeast,SMB,127,2022-11-20
ACC-10970,Finance Client 971,Finance,Midwest,SMB,48,2022-12-24
ACC-10971,Healthcare Client 972,Healthcare,Northeast,SMB,63,2023-04-05
ACC-10972,Software Client 973,Software,Northeast,Enterprise,550,2023-07-31
ACC-10973,Retail Client 974,Retail,West,SMB,119,2022-10-03
ACC-10974,Education Client 975,Education,West,SMB,50,2023-05-14
ACC-10975,Logistics Client 976,Logistics,Southeast,SMB,61,2023-08-25
ACC-10976,Education Client 977,Education,Midwest,SMB,60,2024-08-23
ACC-10977,Healthcare Client 978,Healthcare,Midwest,SMB,131,2022-07-19
ACC-10978,Finance Client 979,Finance,Southwest,SMB,59,2023-11-05
ACC-10979,Retail Client 980,Retail,Midwest,SMB,81,2025-02-21
ACC-10980,Manufacturing Client 981,Manufacturing,Southwest,SMB,58,2023-10-04
ACC-10981,Manufacturing Client 982,Manufacturing,Northeast,Mid-Market,337,2023-11-10
ACC-10982,Retail Client 983,Retail,Southwest,Mid-Market,328,2022-05-17
ACC-10983,Real Estate Client 984,Real Estate,Southwest,SMB,79,2023-12-13
ACC-10984,Manufacturing Client 985,Manufacturing,Midwest,Enterprise,906,2023-11-27
ACC-10985,Finance Client 986,Finance,Northeast,Mid-Market,629,2025-01-31
ACC-10986,Education Client 987,Education,Midwest,SMB,147,2022-06-12
ACC-10987,Finance Client 988,Finance,Southeast,Enterprise,1648,2022-04-01
ACC-10988,Healthcare Client 989,Healthcare,Southwest,Mid-Market,359,2022-07-03
ACC-10989,Education Client 990,Education,Midwest,SMB,53,2024-07-25
ACC-10990,Manufacturing Client 991,Manufacturing,Southeast,Enterprise,1934,2022-09-08
ACC-10991,Healthcare Client 992,Healthcare,Midwest,Mid-Market,342,2024-05-16
ACC-10992,Manufacturing Client 993,Manufacturing,Northeast,SMB,28,2024-05-17
ACC-10993,Software Client 994,Software,Southwest,Enterprise,1522,2025-01-16
ACC-10994,Healthcare Client 995,Healthcare,Southeast,SMB,142,2023-10-07
ACC-10995,Software Client 996,Software,Midwest,SMB,59,2023-10-22
ACC-10996,Real Estate Client 997,Real Estate,Southeast,SMB,115,2024-07-15
ACC-10997,Retail Client 998,Retail,Southeast,SMB,43,2022-02-27
ACC-10998,Logistics Client 999,Logistics,Southwest,Mid-Market,554,2024-10-02
ACC-10999,Logistics Client 1000,Logistics,Southwest,Mid-Market,238,2023-03-02
ACC-11000,Retail Client 1001,Retail,Midwest,Mid-Market,396,2024-01-03
ACC-11001,Retail Client 1002,Retail,Northeast,SMB,230,2022-07-02
ACC-11002,Software Client 1003,Software,Midwest,SMB,22,2022-11-30
ACC-11003,Software Client 1004,Software,Southwest,SMB,77,2023-08-26
ACC-11004,Healthcare Client 1005,Healthcare,Southwest,SMB,57,2023-01-18
ACC-11005,Real Estate Client 1006,Real Estate,Midwest,Mid-Market,97,2023-07-10
ACC-11006,Software Client 1007,Software,West,Enterprise,1351,2025-01-25
ACC-11007,Education Client 1008,Education,Northeast,Mid-Market,538,2023-10-27
ACC-11008,Logistics Client 1009,Logistics,Southeast,Enterprise,2134,2024-02-04
ACC-11009,Retail Client 1010,Retail,Southeast,SMB,35,2023-11-17
ACC-11010,Healthcare Client 1011,Healthcare,Southwest,SMB,49,2022-04-09
ACC-11011,Manufacturing Client 1012,Manufacturing,West,Enterprise,1730,2024-01-28
ACC-11012,Education Client 1013,Education,West,Mid-Market,227,2022-01-05
ACC-11013,Education Client 1014,Education,Southwest,Enterprise,1076,2024-02-16
ACC-11014,Software Client 1015,Software,West,Enterprise,613,2022-07-09
ACC-11015,Real Estate Client 1016,Real Estate,Southwest,Mid-Market,525,2023-07-19
ACC-11016,Healthcare Client 1017,Healthcare,Northeast,Mid-Market,157,2024-01-18
ACC-11017,Healthcare Client 1018,Healthcare,Northeast,Enterprise,2391,2025-01-14
ACC-11018,Retail Client 1019,Retail,Southwest,Mid-Market,537,2023-02-24
ACC-11019,Real Estate Client 1020,Real Estate,Southwest,Mid-Market,273,2023-10-04
ACC-11020,Logistics Client 1021,Logistics,Southwest,SMB,49,2024-01-17
ACC-11021,Finance Client 1022,Finance,West,Enterprise,1001,2024-08-06
ACC-11022,Software Client 1023,Software,West,SMB,76,2022-09-27
ACC-11023,Finance Client 1024,Finance,West,Enterprise,1037,2022-08-15
ACC-11024,Logistics Client 1025,Logistics,West,SMB,17,2023-05-31
ACC-11025,Software Client 1026,Software,West,Enterprise,931,2022-02-12
ACC-11026,Finance Client 1027,Finance,West,Mid-Market,135,2024-05-19
ACC-11027,Healthcare Client 1028,Healthcare,Southeast,Mid-Market,530,2022-01-23
ACC-11028,Finance Client 1029,Finance,Northeast,SMB,32,2023-12-27
ACC-11029,Healthcare Client 1030,Healthcare,Northeast,SMB,52,2022-02-25
ACC-11030,Retail Client 1031,Retail,Midwest,SMB,58,2024-02-25
ACC-11031,Healthcare Client 1032,Healthcare,Midwest,Mid-Market,682,2024-08-19
ACC-11032,Manufacturing Client 1033,Manufacturing,Midwest,Enterprise,950,2023-06-20
ACC-11033,Manufacturing Client 1034,Manufacturing,Southwest,Mid-Market,139,2023-12-10
ACC-11034,Real Estate Client 1035,Real Estate,Northeast,Mid-Market,292,2023-02-23
ACC-11035,Education Client 1036,Education,Midwest,SMB,116,2024-11-14
ACC-11036,Retail Client 1037,Retail,Southwest,SMB,66,2022-06-24
ACC-11037,Manufacturing Client 1038,Manufacturing,Southwest,SMB,42,2024-08-27
ACC-11038,Education Client 1039,Education,Southeast,SMB,47,2022-08-20
ACC-11039,Healthcare Client 1040,Healthcare,Southeast,Enterprise,1802,2022-09-03
ACC-11040,Manufacturing Client 1041,Manufacturing,Northeast,SMB,50,2024-08-27
ACC-11041,Logistics Client 1042,Logistics,Northeast,SMB,46,2023-03-03
ACC-11042,Manufacturing Client 1043,Manufacturing,Southeast,Mid-Market,1105,2023-06-29
ACC-11043,Manufacturing Client 1044,Manufacturing,Northeast,Enterprise,559,2023-07-19
ACC-11044,Healthcare Client 1045,Healthcare,West,SMB,75,2022-01-26
ACC-11045,Education Client 1046,Education,Southeast,SMB,24,2022-10-24
ACC-11046,Education Client 1047,Education,Southwest,SMB,32,2024-09-20
ACC-11047,Real Estate Client 1048,Real Estate,Northeast,Enterprise,1326,2023-05-19
ACC-11048,Education Client 1049,Education,Southwest,SMB,26,2022-03-25
ACC-11049,Healthcare Client 1050,Healthcare,Northeast,Mid-Market,332,2022-12-19
ACC-11050,Finance Client 1051,Finance,Southeast,Enterprise,3280,2024-11-05
ACC-11051,Finance Client 1052,Finance,Northeast,Mid-Market,462,2022-04-21
ACC-11052,Retail Client 1053,Retail,Midwest,SMB,52,2024-11-29
ACC-11053,Retail Client 1054,Retail,Northeast,Enterprise,1020,2023-10-14
ACC-11054,Healthcare Client 1055,Healthcare,Southwest,Enterprise,1124,2024-10-02
ACC-11055,Healthcare Client 1056,Healthcare,West,SMB,152,2023-06-08
ACC-11056,Logistics Client 1057,Logistics,West,Enterprise,1145,2022-08-17
ACC-11057,Software Client 1058,Software,Midwest,Enterprise,370,2022-10-17
ACC-11058,Logistics Client 1059,Logistics,Southwest,SMB,113,2022-02-04
ACC-11059,Software Client 1060,Software,Northeast,Mid-Market,420,2024-11-12
ACC-11060,Retail Client 1061,Retail,Northeast,SMB,80,2022-09-30
ACC-11061,Retail Client 1062,Retail,Southeast,Mid-Market,279,2024-10-18
ACC-11062,Software Client 1063,Software,Southeast,SMB,42,2025-01-09
ACC-11063,Manufacturing Client 1064,Manufacturing,Southeast,SMB,50,2023-05-04
ACC-11064,Education Client 1065,Education,West,Mid-Market,517,2023-07-19
ACC-11065,Manufacturing Client 1066,Manufacturing,Midwest,SMB,72,2022-03-13
ACC-11066,Manufacturing Client 1067,Manufacturing,Southeast,Enterprise,1767,2023-12-01
ACC-11067,Education Client 1068,Education,Southwest,SMB,114,2022-12-16
ACC-11068,Logistics Client 1069,Logistics,Southeast,Mid-Market,320,2024-10-16
ACC-11069,Manufacturing Client 1070,Manufacturing,Northeast,SMB,33,2023-05-19
ACC-11070,Logistics Client 1071,Logistics,Southwest,Mid-Market,254,2022-08-24
ACC-11071,Manufacturing Client 1072,Manufacturing,West,Mid-Market,349,2024-10-22
ACC-11072,Finance Client 1073,Finance,Northeast,SMB,92,2022-04-07
ACC-11073,Healthcare Client 1074,Healthcare,Midwest,Enterprise,1112,2022-11-16
ACC-11074,Education Client 1075,Education,Southwest,Mid-Market,163,2024-05-06
ACC-11075,Logistics Client 1076,Logistics,Midwest,SMB,44,2024-04-07
ACC-11076,Finance Client 1077,Finance,Southeast,Mid-Market,222,2022-07-09
ACC-11077,Real Estate Client 1078,Real Estate,West,Mid-Market,290,2022-01-18
ACC-11078,Software Client 1079,Software,West,Mid-Market,603,2022-12-03
ACC-11079,Software Client 1080,Software,Southwest,SMB,167,2022-10-08
ACC-11080,Healthcare Client 1081,Healthcare,Northeast,SMB,144,2023-07-03
ACC-11081,Software Client 1082,Software,West,Mid-Market,135,2024-02-13
ACC-11082,Real Estate Client 1083,Real Estate,Midwest,SMB,111,2023-11-23
ACC-11083,Manufacturing Client 1084,Manufacturing,West,Mid-Market,232,2022-11-09
ACC-11084,Finance Client 1085,Finance,Southeast,SMB,49,2023-05-18
ACC-11085,Logistics Client 1086,Logistics,Southeast,SMB,110,2022-07-25
ACC-11086,Healthcare Client 1087,Healthcare,Northeast,Enterprise,2482,2023-07-09
ACC-11087,Retail Client 1088,Retail,Southwest,Mid-Market,286,2024-02-12
ACC-11088,Logistics Client 1089,Logistics,Southeast,Mid-Market,672,2022-09-29
ACC-11089,Healthcare Client 1090,Healthcare,Southwest,SMB,50,2023-08-08
ACC-11090,Retail Client 1091,Retail,Midwest,SMB,81,2023-07-11
ACC-11091,Retail Client 1092,Retail,Southwest,SMB,46,2024-06-18
ACC-11092,Finance Client 1093,Finance,Midwest,Mid-Market,496,2023-08-27
ACC-11093,Education Client 1094,Education,Northeast,SMB,39,2022-04-23
ACC-11094,Retail Client 1095,Retail,West,Enterprise,2678,2023-05-29
ACC-11095,Retail Client 1096,Retail,Northeast,Enterprise,811,2022-08-09
ACC-11096,Education Client 1097,Education,Midwest,Mid-Market,148,2024-04-23
ACC-11097,Manufacturing Client 1098,Manufacturing,Southwest,SMB,66,2023-06-11
ACC-11098,Software Client 1099,Software,Midwest,SMB,33,2024-02-26
ACC-11099,Logistics Client 1100,Logistics,Southeast,SMB,135,2023-08-04
ACC-11100,Retail Client 1101,Retail,Midwest,Enterprise,1373,2023-09-17
ACC-11101,Real Estate Client 1102,Real Estate,Midwest,Mid-Market,152,2024-09-20
ACC-11102,Retail Client 1103,Retail,Southwest,Mid-Market,339,2022-05-20
ACC-11103,Retail Client 1104,Retail,Midwest,Mid-Market,273,2022-11-24
ACC-11104,Logistics Client 1105,Logistics,Northeast,Mid-Market,597,2024-11-13
ACC-11105,Real Estate Client 1106,Real Estate,Midwest,Enterprise,786,2024-02-16
ACC-11106,Logistics Client 1107,Logistics,Southeast,SMB,36,2025-02-21
ACC-11107,Manufacturing Client 1108,Manufacturing,Southeast,Mid-Market,435,2023-05-28
ACC-11108,Manufacturing Client 1109,Manufacturing,Southeast,SMB,47,2024-09-01
ACC-11109,Retail Client 1110,Retail,Northeast,Mid-Market,1152,2022-06-06
ACC-11110,Manufacturing Client 1111,Manufacturing,Southwest,Mid-Market,552,2022-07-20
ACC-11111,Manufacturing Client 1112,Manufacturing,West,Enterprise,987,2024-10-19
ACC-11112,Logistics Client 1113,Logistics,Midwest,Enterprise,516,2024-12-15
ACC-11113,Manufacturing Client 1114,Manufacturing,Southwest,SMB,24,2023-03-16
ACC-11114,Education Client 1115,Education,West,SMB,205,2024-09-17
ACC-11115,Finance Client 1116,Finance,West,Mid-Market,376,2022-09-07
ACC-11116,Logistics Client 1117,Logistics,Midwest,SMB,47,2022-11-07
ACC-11117,Finance Client 1118,Finance,Midwest,Mid-Market,274,2022-08-25
ACC-11118,Finance Client 1119,Finance,Midwest,Enterprise,769,2022-01-04
ACC-11119,Manufacturing Client 1120,Manufacturing,Southwest,Mid-Market,565,2023-03-08
ACC-11120,Retail Client 1121,Retail,Southeast,Mid-Market,237,2023-01-17
ACC-11121,Retail Client 1122,Retail,West,Mid-Market,399,2022-10-09
ACC-11122,Finance Client 1123,Finance,Northeast,Enterprise,359,2024-07-21
ACC-11123,Finance Client 1124,Finance,Southeast,Mid-Market,491,2024-06-29
ACC-11124,Retail Client 1125,Retail,Southeast,SMB,94,2024-09-16
ACC-11125,Logistics Client 1126,Logistics,Northeast,SMB,39,2024-09-04
ACC-11126,Software Client 1127,Software,Southeast,Mid-Market,192,2024-05-29
ACC-11127,Manufacturing Client 1128,Manufacturing,Northeast,Mid-Market,224,2023-04-26
ACC-11128,Education Client 1129,Education,West,SMB,54,2023-03-06
ACC-11129,Manufacturing Client 1130,Manufacturing,Midwest,Enterprise,1207,2022-11-23
ACC-11130,Healthcare Client 1131,Healthcare,Southeast,SMB,16,2024-12-23
ACC-11131,Logistics Client 1132,Logistics,Southwest,SMB,77,2023-01-23
ACC-11132,Education Client 1133,Education,Midwest,Mid-Market,362,2023-12-31
ACC-11133,Finance Client 1134,Finance,West,SMB,44,2023-04-09
ACC-11134,Finance Client 1135,Finance,Southeast,Mid-Market,279,2024-12-16
ACC-11135,Retail Client 1136,Retail,Midwest,Mid-Market,124,2022-07-24
ACC-11136,Software Client 1137,Software,Southwest,SMB,81,2024-12-07
ACC-11137,Logistics Client 1138,Logistics,Southwest,SMB,52,2024-11-22
ACC-11138,Healthcare Client 1139,Healthcare,Southwest,Mid-Market,304,2022-09-08
ACC-11139,Healthcare Client 1140,Healthcare,Southwest,SMB,91,2023-07-08
ACC-11140,Finance Client 1141,Finance,Southwest,SMB,178,2022-09-03
ACC-11141,Education Client 1142,Education,Southwest,Enterprise,1600,2023-04-27
ACC-11142,Retail Client 1143,Retail,Northeast,Mid-Market,237,2022-01-05
ACC-11143,Real Estate Client 1144,Real Estate,Midwest,SMB,35,2023-01-24
ACC-11144,Manufacturing Client 1145,Manufacturing,Southwest,Mid-Market,437,2023-10-16
ACC-11145,Logistics Client 1146,Logistics,Northeast,SMB,39,2023-09-25
ACC-11146,Manufacturing Client 1147,Manufacturing,Northeast,Mid-Market,563,2023-08-05
ACC-11147,Education Client 1148,Education,Southeast,Enterprise,1108,2024-06-29
ACC-11148,Finance Client 1149,Finance,Southeast,SMB,83,2023-07-08
ACC-11149,Software Client 1150,Software,Southwest,Mid-Market,652,2023-03-18
ACC-11150,Finance Client 1151,Finance,Midwest,Mid-Market,904,2022-10-31
ACC-11151,Retail Client 1152,Retail,Northeast,SMB,165,2022-03-07
ACC-11152,Software Client 1153,Software,Southwest,Mid-Market,413,2022-06-15
ACC-11153,Education Client 1154,Education,Northeast,Enterprise,1070,2022-08-17
ACC-11154,Real Estate Client 1155,Real Estate,Northeast,SMB,26,2023-03-30
ACC-11155,Finance Client 1156,Finance,Midwest,SMB,43,2023-04-11
ACC-11156,Software Client 1157,Software,Southwest,Enterprise,1673,2024-10-16
ACC-11157,Finance Client 1158,Finance,Midwest,Mid-Market,178,2023-06-06
ACC-11158,Education Client 1159,Education,Southwest,SMB,82,2023-05-05
ACC-11159,Software Client 1160,Software,West,SMB,93,2022-09-01
ACC-11160,Finance Client 1161,Finance,Southeast,Enterprise,1294,2022-12-09
ACC-11161,Logistics Client 1162,Logistics,West,SMB,111,2025-01-10
ACC-11162,Real Estate Client 1163,Real Estate,Southwest,SMB,46,2022-06-09
ACC-11163,Software Client 1164,Software,Northeast,Mid-Market,157,2023-09-14
ACC-11164,Healthcare Client 1165,Healthcare,Southwest,Enterprise,601,2024-10-27
ACC-11165,Finance Client 1166,Finance,West,Mid-Market,303,2022-11-30
ACC-11166,Retail Client 1167,Retail,Midwest,Enterprise,758,2024-01-08
ACC-11167,Finance Client 1168,Finance,Southeast,SMB,68,2024-06-21
ACC-11168,Real Estate Client 1169,Real Estate,Southwest,SMB,30,2022-06-07
ACC-11169,Logistics Client 1170,Logistics,Northeast,Mid-Market,408,2025-01-11
ACC-11170,Manufacturing Client 1171,Manufacturing,Southeast,SMB,55,2022-07-04
ACC-11171,Education Client 1172,Education,West,SMB,32,2024-11-03
ACC-11172,Logistics Client 1173,Logistics,Southeast,SMB,26,2024-05-22
ACC-11173,Real Estate Client 1174,Real Estate,Midwest,Mid-Market,183,2022-04-26
ACC-11174,Healthcare Client 1175,Healthcare,Southwest,Mid-Market,200,2022-04-09
ACC-11175,Software Client 1176,Software,Midwest,SMB,60,2023-07-20
ACC-11176,Retail Client 1177,Retail,Southeast,Mid-Market,88,2022-10-22
ACC-11177,Education Client 1178,Education,West,Mid-Market,338,2024-03-09
ACC-11178,Software Client 1179,Software,Southeast,SMB,44,2022-09-16
ACC-11179,Manufacturing Client 1180,Manufacturing,Southeast,SMB,86,2024-03-07
ACC-11180,Finance Client 1181,Finance,Midwest,SMB,19,2024-08-23
ACC-11181,Logistics Client 1182,Logistics,Southeast,SMB,164,2022-02-20
ACC-11182,Software Client 1183,Software,Southeast,SMB,74,2023-03-18
ACC-11183,Real Estate Client 1184,Real Estate,West,Mid-Market,316,2025-01-05
ACC-11184,Logistics Client 1185,Logistics,West,Mid-Market,646,2023-10-02
ACC-11185,Manufacturing Client 1186,Manufacturing,Southwest,SMB,49,2024-08-30
ACC-11186,Manufacturing Client 1187,Manufacturing,Southwest,Mid-Market,387,2023-07-08
ACC-11187,Education Client 1188,Education,Southeast,Mid-Market,133,2025-01-24
ACC-11188,Retail Client 1189,Retail,Midwest,Mid-Market,226,2024-10-26
ACC-11189,Healthcare Client 1190,Healthcare,West,Enterprise,593,2023-04-10
ACC-11190,Software Client 1191,Software,Northeast,Enterprise,1374,2022-08-08
ACC-11191,Finance Client 1192,Finance,Southwest,Mid-Market,200,2022-06-09
ACC-11192,Finance Client 1193,Finance,Northeast,SMB,17,2024-04-13
ACC-11193,Manufacturing Client 1194,Manufacturing,West,Mid-Market,169,2022-10-02
ACC-11194,Logistics Client 1195,Logistics,Southeast,SMB,66,2022-07-11
ACC-11195,Finance Client 1196,Finance,Southwest,SMB,82,2024-12-03
ACC-11196,Software Client 1197,Software,Northeast,Enterprise,1701,2022-06-27
ACC-11197,Software Client 1198,Software,Northeast,SMB,149,2024-02-19
ACC-11198,Finance Client 1199,Finance,Northeast,Enterprise,2754,2024-06-21
ACC-11199,Software Client 1200,Software,Midwest,SMB,205,2022-03-17
ACC-11200,Real Estate Client 1201,Real Estate,West,SMB,46,2023-08-27
ACC-11201,Finance Client 1202,Finance,Midwest,SMB,47,2022-11-24
ACC-11202,Finance Client 1203,Finance,Southwest,Mid-Market,189,2022-11-24
ACC-11203,Logistics Client 1204,Logistics,Midwest,Enterprise,507,2024-03-16
ACC-11204,Logistics Client 1205,Logistics,Midwest,Enterprise,660,2024-10-09
ACC-11205,Real Estate Client 1206,Real Estate,Northeast,SMB,165,2022-06-07
ACC-11206,Real Estate Client 1207,Real Estate,Southwest,Mid-Market,813,2022-07-08
ACC-11207,Retail Client 1208,Retail,Midwest,SMB,93,2023-12-26
ACC-11208,Software Client 1209,Software,Northeast,Enterprise,2527,2024-02-28
ACC-11209,Logistics Client 1210,Logistics,Northeast,Enterprise,1635,2023-12-29
ACC-11210,Retail Client 1211,Retail,Northeast,Mid-Market,409,2023-02-22
ACC-11211,Education Client 1212,Education,Northeast,Mid-Market,132,2023-06-08
ACC-11212,Real Estate Client 1213,Real Estate,West,Mid-Market,350,2024-07-14
ACC-11213,Real Estate Client 1214,Real Estate,Northeast,SMB,59,2022-12-09
ACC-11214,Real Estate Client 1215,Real Estate,West,Mid-Market,285,2024-03-09
ACC-11215,Healthcare Client 1216,Healthcare,West,Mid-Market,201,2023-09-15
ACC-11216,Education Client 1217,Education,Southwest,SMB,112,2022-01-25
ACC-11217,Retail Client 1218,Retail,Midwest,Mid-Market,677,2023-11-18
ACC-11218,Finance Client 1219,Finance,Northeast,Mid-Market,785,2023-08-26
ACC-11219,Finance Client 1220,Finance,Southeast,SMB,62,2024-01-08
ACC-11220,Real Estate Client 1221,Real Estate,Midwest,SMB,117,2022-10-29
ACC-11221,Logistics Client 1222,Logistics,Midwest,Enterprise,2257,2024-07-10
ACC-11222,Software Client 1223,Software,West,SMB,98,2023-07-11
ACC-11223,Manufacturing Client 1224,Manufacturing,West,Mid-Market,399,2022-06-20
ACC-11224,Real Estate Client 1225,Real Estate,Southeast,SMB,53,2023-01-23
ACC-11225,Retail Client 1226,Retail,Southwest,Mid-Market,301,2024-09-21
ACC-11226,Manufacturing Client 1227,Manufacturing,Southeast,SMB,107,2022-08-11
ACC-11227,Real Estate Client 1228,Real Estate,Southeast,Mid-Market,329,2022-09-09
ACC-11228,Logistics Client 1229,Logistics,West,SMB,32,2023-12-04
ACC-11229,Manufacturing Client 1230,Manufacturing,Southwest,Mid-Market,831,2024-01-29
ACC-11230,Finance Client 1231,Finance,Southeast,SMB,60,2022-07-16
ACC-11231,Logistics Client 1232,Logistics,Midwest,SMB,141,2023-01-11
ACC-11232,Retail Client 1233,Retail,Southeast,Enterprise,1620,2022-07-11
ACC-11233,Logistics Client 1234,Logistics,Southeast,Mid-Market,256,2023-06-19
ACC-11234,Manufacturing Client 1235,Manufacturing,West,Mid-Market,398,2022-05-05
ACC-11235,Real Estate Client 1236,Real Estate,Southwest,SMB,41,2022-02-24
ACC-11236,Manufacturing Client 1237,Manufacturing,Midwest,SMB,66,2024-12-15
ACC-11237,Logistics Client 1238,Logistics,Midwest,SMB,160,2024-10-26
ACC-11238,Manufacturing Client 1239,Manufacturing,West,Mid-Market,1098,2023-06-19
ACC-11239,Logistics Client 1240,Logistics,Midwest,Mid-Market,481,2025-02-24
ACC-11240,Education Client 1241,Education,Midwest,SMB,151,2024-07-08
ACC-11241,Education Client 1242,Education,Midwest,Enterprise,1003,2022-09-30
ACC-11242,Logistics Client 1243,Logistics,Midwest,SMB,28,2022-11-28
ACC-11243,Software Client 1244,Software,Midwest,Enterprise,1199,2023-03-13
ACC-11244,Real Estate Client 1245,Real Estate,Southwest,Enterprise,490,2022-12-10
ACC-11245,Education Client 1246,Education,Midwest,SMB,69,2024-04-06
ACC-11246,Retail Client 1247,Retail,Southwest,Enterprise,2543,2024-10-10
ACC-11247,Logistics Client 1248,Logistics,Southeast,Mid-Market,237,2024-07-16
ACC-11248,Real Estate Client 1249,Real Estate,West,Mid-Market,343,2023-01-07
ACC-11249,Logistics Client 1250,Logistics,Northeast,SMB,73,2022-04-27
ACC-11250,Healthcare Client 1251,Healthcare,Midwest,SMB,57,2024-12-21
ACC-11251,Software Client 1252,Software,Southwest,SMB,79,2024-04-07
ACC-11252,Education Client 1253,Education,Southwest,Mid-Market,834,2023-06-20
ACC-11253,Logistics Client 1254,Logistics,Southeast,SMB,43,2022-08-09
ACC-11254,Manufacturing Client 1255,Manufacturing,Northeast,SMB,32,2023-08-04
ACC-11255,Real Estate Client 1256,Real Estate,West,SMB,61,2022-05-26
ACC-11256,Finance Client 1257,Finance,West,SMB,28,2023-11-20
ACC-11257,Finance Client 1258,Finance,Northeast,Mid-Market,388,2024-06-18
ACC-11258,Healthcare Client 1259,Healthcare,Southeast,Mid-Market,688,2022-01-18
ACC-11259,Finance Client 1260,Finance,Southwest,Mid-Market,285,2024-01-24
ACC-11260,Real Estate Client 1261,Real Estate,Northeast,Enterprise,1333,2023-10-14
ACC-11261,Healthcare Client 1262,Healthcare,Southwest,SMB,71,2024-09-22
ACC-11262,Logistics Client 1263,Logistics,West,Mid-Market,232,2022-04-24
ACC-11263,Logistics Client 1264,Logistics,Northeast,SMB,90,2023-01-06
ACC-11264,Software Client 1265,Software,Southwest,Mid-Market,929,2023-05-19
ACC-11265,Real Estate Client 1266,Real Estate,Southeast,Enterprise,1268,2023-03-30
ACC-11266,Software Client 1267,Software,Southeast,SMB,95,2023-08-14
ACC-11267,Retail Client 1268,Retail,West,SMB,61,2023-07-15
ACC-11268,Healthcare Client 1269,Healthcare,Southwest,Mid-Market,478,2024-09-14
ACC-11269,Finance Client 1270,Finance,Southwest,Enterprise,1072,2023-08-15
ACC-11270,Healthcare Client 1271,Healthcare,Southeast,Mid-Market,285,2023-03-09
ACC-11271,Real Estate Client 1272,Real Estate,West,Mid-Market,347,2023-11-03
ACC-11272,Software Client 1273,Software,West,Mid-Market,1754,2023-03-31
ACC-11273,Finance Client 1274,Finance,Southwest,Mid-Market,188,2023-06-30
ACC-11274,Software Client 1275,Software,Southeast,Mid-Market,398,2022-07-07
ACC-11275,Education Client 1276,Education,Southeast,Enterprise,969,2023-01-24
ACC-11276,Software Client 1277,Software,Northeast,SMB,230,2024-09-19
ACC-11277,Software Client 1278,Software,Southwest,SMB,47,2024-07-30
ACC-11278,Healthcare Client 1279,Healthcare,Southwest,SMB,51,2023-06-26
ACC-11279,Real Estate Client 1280,Real Estate,West,Enterprise,824,2022-04-27
ACC-11280,Education Client 1281,Education,West,SMB,55,2023-04-25
ACC-11281,Education Client 1282,Education,Northeast,Mid-Market,455,2022-08-05
ACC-11282,Real Estate Client 1283,Real Estate,Southwest,SMB,22,2022-10-21
ACC-11283,Education Client 1284,Education,Midwest,Mid-Market,384,2022-12-13
ACC-11284,Education Client 1285,Education,Midwest,Enterprise,1357,2024-04-27
ACC-11285,Software Client 1286,Software,Southeast,Mid-Market,856,2022-03-30
ACC-11286,Software Client 1287,Software,West,SMB,107,2024-06-25
ACC-11287,Education Client 1288,Education,Midwest,SMB,39,2022-04-16
ACC-11288,Software Client 1289,Software,Southwest,Mid-Market,240,2024-08-04
ACC-11289,Software Client 1290,Software,Southeast,SMB,71,2024-11-17
ACC-11290,Manufacturing Client 1291,Manufacturing,Northeast,SMB,65,2024-01-29
ACC-11291,Real Estate Client 1292,Real Estate,West,Mid-Market,859,2022-05-27
ACC-11292,Software Client 1293,Software,West,Mid-Market,206,2022-07-12
ACC-11293,Software Client 1294,Software,Southwest,SMB,78,2023-11-25
ACC-11294,Manufacturing Client 1295,Manufacturing,West,SMB,57,2022-03-25
ACC-11295,Software Client 1296,Software,West,Mid-Market,382,2022-05-08
ACC-11296,Software Client 1297,Software,Southeast,SMB,65,2022-01-13
ACC-11297,Finance Client 1298,Finance,Northeast,SMB,22,2022-09-29
ACC-11298,Healthcare Client 1299,Healthcare,Northeast,SMB,42,2024-03-21
ACC-11299,Manufacturing Client 1300,Manufacturing,Southwest,Enterprise,924,2022-03-27
ACC-11300,Logistics Client 1301,Logistics,Southeast,SMB,47,2022-03-15
ACC-11301,Healthcare Client 1302,Healthcare,Southeast,Mid-Market,377,2025-01-23
ACC-11302,Healthcare Client 1303,Healthcare,West,SMB,133,2023-02-06
ACC-11303,Retail Client 1304,Retail,Southwest,Enterprise,532,2022-08-18
ACC-11304,Software Client 1305,Software,West,Mid-Market,289,2024-08-06
ACC-11305,Real Estate Client 1306,Real Estate,Southwest,SMB,20,2024-11-27
ACC-11306,Education Client 1307,Education,Southeast,SMB,91,2022-03-23
ACC-11307,Healthcare Client 1308,Healthcare,Midwest,Mid-Market,163,2023-09-17
ACC-11308,Healthcare Client 1309,Healthcare,Southeast,Enterprise,860,2024-05-21
ACC-11309,Manufacturing Client 1310,Manufacturing,Northeast,Mid-Market,100,2025-02-18
ACC-11310,Finance Client 1311,Finance,Northeast,Mid-Market,381,2024-01-14
ACC-11311,Healthcare Client 1312,Healthcare,Southwest,Mid-Market,258,2024-02-20
ACC-11312,Retail Client 1313,Retail,Northeast,Mid-Market,324,2023-11-06
ACC-11313,Real Estate Client 1314,Real Estate,Southeast,SMB,40,2024-06-05
ACC-11314,Education Client 1315,Education,Northeast,SMB,221,2022-08-11
ACC-11315,Healthcare Client 1316,Healthcare,West,Mid-Market,210,2022-02-10
ACC-11316,Finance Client 1317,Finance,Midwest,SMB,55,2023-06-03
ACC-11317,Retail Client 1318,Retail,Southwest,SMB,25,2024-03-10
ACC-11318,Logistics Client 1319,Logistics,Midwest,Enterprise,837,2022-03-15
ACC-11319,Finance Client 1320,Finance,Midwest,SMB,57,2022-11-17
ACC-11320,Healthcare Client 1321,Healthcare,Southwest,SMB,101,2022-10-18
ACC-11321,Logistics Client 1322,Logistics,Midwest,SMB,114,2024-12-10
ACC-11322,Software Client 1323,Software,Midwest,SMB,77,2024-08-13
ACC-11323,Logistics Client 1324,Logistics,Southwest,SMB,112,2023-11-05
ACC-11324,Software Client 1325,Software,Northeast,Mid-Market,161,2023-08-26
ACC-11325,Finance Client 1326,Finance,Midwest,SMB,54,2022-10-11
ACC-11326,Real Estate Client 1327,Real Estate,Northeast,SMB,29,2023-05-17
ACC-11327,Logistics Client 1328,Logistics,Northeast,SMB,51,2023-04-11
ACC-11328,Healthcare Client 1329,Healthcare,West,SMB,125,2023-10-19
ACC-11329,Retail Client 1330,Retail,Southwest,SMB,178,2024-06-25
ACC-11330,Education Client 1331,Education,Southeast,Mid-Market,335,2023-02-02
ACC-11331,Finance Client 1332,Finance,Southeast,SMB,102,2022-11-13
ACC-11332,Software Client 1333,Software,West,Mid-Market,1038,2022-07-04
ACC-11333,Manufacturing Client 1334,Manufacturing,Southwest,Mid-Market,582,2022-09-24
ACC-11334,Software Client 1335,Software,Northeast,SMB,46,2022-08-05
ACC-11335,Real Estate Client 1336,Real Estate,West,Mid-Market,210,2024-05-21
ACC-11336,Education Client 1337,Education,Midwest,Mid-Market,230,2023-09-22
ACC-11337,Finance Client 1338,Finance,Northeast,SMB,36,2024-11-11
ACC-11338,Education Client 1339,Education,Southwest,Mid-Market,294,2022-01-23
ACC-11339,Education Client 1340,Education,Northeast,SMB,96,2022-05-07
ACC-11340,Software Client 1341,Software,Midwest,SMB,73,2024-06-04
ACC-11341,Manufacturing Client 1342,Manufacturing,Southeast,SMB,43,2024-03-02
ACC-11342,Real Estate Client 1343,Real Estate,West,SMB,29,2024-07-08
ACC-11343,Real Estate Client 1344,Real Estate,Northeast,SMB,117,2024-02-14
ACC-11344,Software Client 1345,Software,Northeast,SMB,102,2024-06-08
ACC-11345,Retail Client 1346,Retail,Southwest,SMB,133,2022-05-24
ACC-11346,Software Client 1347,Software,Midwest,Enterprise,1491,2024-10-06
ACC-11347,Healthcare Client 1348,Healthcare,West,SMB,17,2023-09-02
ACC-11348,Logistics Client 1349,Logistics,Midwest,SMB,105,2023-10-19
ACC-11349,Retail Client 1350,Retail,Midwest,Mid-Market,162,2024-04-13
ACC-11350,Logistics Client 1351,Logistics,West,Mid-Market,339,2024-08-03
ACC-11351,Healthcare Client 1352,Healthcare,Northeast,SMB,102,2024-07-11
ACC-11352,Healthcare Client 1353,Healthcare,Midwest,Mid-Market,375,2023-02-09
ACC-11353,Retail Client 1354,Retail,Northeast,SMB,43,2024-08-11
ACC-11354,Manufacturing Client 1355,Manufacturing,Northeast,SMB,84,2024-12-03
ACC-11355,Education Client 1356,Education,Northeast,Mid-Market,363,2022-10-27
ACC-11356,Finance Client 1357,Finance,West,Mid-Market,608,2024-02-13
ACC-11357,Real Estate Client 1358,Real Estate,Midwest,SMB,123,2023-06-11
ACC-11358,Retail Client 1359,Retail,Northeast,SMB,138,2024-10-20
ACC-11359,Retail Client 1360,Retail,Southwest,Enterprise,1747,2023-08-17
ACC-11360,Real Estate Client 1361,Real Estate,Midwest,Enterprise,655,2023-12-03
ACC-11361,Retail Client 1362,Retail,Southeast,Enterprise,1094,2023-01-23
ACC-11362,Software Client 1363,Software,Southeast,Mid-Market,94,2022-11-15
ACC-11363,Healthcare Client 1364,Healthcare,Midwest,Mid-Market,234,2023-04-24
ACC-11364,Real Estate Client 1365,Real Estate,West,Enterprise,476,2023-10-31
ACC-11365,Retail Client 1366,Retail,Midwest,SMB,108,2023-02-17
ACC-11366,Finance Client 1367,Finance,Northeast,SMB,78,2022-10-07
ACC-11367,Manufacturing Client 1368,Manufacturing,Midwest,SMB,43,2023-11-13
ACC-11368,Manufacturing Client 1369,Manufacturing,Northeast,SMB,48,2023-12-16
ACC-11369,Real Estate Client 1370,Real Estate,West,Mid-Market,162,2024-11-20
ACC-11370,Finance Client 1371,Finance,Northeast,SMB,213,2024-12-08
ACC-11371,Real Estate Client 1372,Real Estate,Midwest,SMB,56,2024-09-18
ACC-11372,Logistics Client 1373,Logistics,Midwest,Enterprise,536,2022-11-01
ACC-11373,Software Client 1374,Software,Northeast,Enterprise,516,2025-01-25
ACC-11374,Software Client 1375,Software,Southeast,SMB,105,2023-02-18
ACC-11375,Manufacturing Client 1376,Manufacturing,West,Mid-Market,288,2024-03-23
ACC-11376,Healthcare Client 1377,Healthcare,Southwest,Mid-Market,498,2022-06-09
ACC-11377,Logistics Client 1378,Logistics,West,SMB,139,2024-09-13
ACC-11378,Software Client 1379,Software,Southeast,Enterprise,1759,2023-09-29
ACC-11379,Healthcare Client 1380,Healthcare,Southeast,SMB,57,2022-06-11
ACC-11380,Logistics Client 1381,Logistics,Southwest,SMB,105,2022-08-10
ACC-11381,Real Estate Client 1382,Real Estate,Northeast,Mid-Market,432,2023-03-10
ACC-11382,Healthcare Client 1383,Healthcare,Midwest,SMB,90,2023-05-14
ACC-11383,Retail Client 1384,Retail,Northeast,SMB,52,2025-01-28
ACC-11384,Healthcare Client 1385,Healthcare,Southeast,SMB,43,2024-01-04
ACC-11385,Education Client 1386,Education,West,Mid-Market,477,2023-11-23
ACC-11386,Software Client 1387,Software,Southwest,Mid-Market,225,2022-05-12
ACC-11387,Real Estate Client 1388,Real Estate,Northeast,Mid-Market,251,2024-07-07
ACC-11388,Logistics Client 1389,Logistics,Southeast,SMB,50,2024-01-26
ACC-11389,Education Client 1390,Education,Southwest,SMB,45,2022-10-08
ACC-11390,Healthcare Client 1391,Healthcare,Midwest,Mid-Market,259,2022-05-12
ACC-11391,Software Client 1392,Software,Southwest,Mid-Market,292,2025-02-14
ACC-11392,Healthcare Client 1393,Healthcare,Southeast,SMB,138,2022-03-04
ACC-11393,Retail Client 1394,Retail,Midwest,SMB,54,2023-03-29
ACC-11394,Software Client 1395,Software,Southeast,Mid-Market,397,2022-10-12
ACC-11395,Education Client 1396,Education,West,SMB,137,2023-04-07
ACC-11396,Finance Client 1397,Finance,Southeast,Mid-Market,243,2024-02-08
ACC-11397,Logistics Client 1398,Logistics,West,Enterprise,899,2023-08-16
ACC-11398,Finance Client 1399,Finance,West,SMB,74,2024-04-25
ACC-11399,Manufacturing Client 1400,Manufacturing,Southwest,Enterprise,415,2022-01-18
ACC-11400,Finance Client 1401,Finance,West,Mid-Market,313,2023-02-09
ACC-11401,Finance Client 1402,Finance,West,Enterprise,2342,2024-06-30
ACC-11402,Real Estate Client 1403,Real Estate,Northeast,SMB,31,2022-07-25
ACC-11403,Healthcare Client 1404,Healthcare,Midwest,Mid-Market,574,2023-05-20
ACC-11404,Healthcare Client 1405,Healthcare,Southeast,SMB,75,2024-07-28
ACC-11405,Logistics Client 1406,Logistics,Northeast,SMB,49,2024-10-27
ACC-11406,Education Client 1407,Education,Southeast,SMB,119,2023-07-20
ACC-11407,Healthcare Client 1408,Healthcare,Midwest,SMB,98,2023-01-16
ACC-11408,Real Estate Client 1409,Real Estate,Midwest,Mid-Market,403,2022-10-02
ACC-11409,Manufacturing Client 1410,Manufacturing,Southeast,Mid-Market,246,2024-02-10
ACC-11410,Retail Client 1411,Retail,West,SMB,44,2022-08-18
ACC-11411,Retail Client 1412,Retail,Northeast,SMB,78,2024-11-02
ACC-11412,Manufacturing Client 1413,Manufacturing,Southwest,SMB,99,2022-05-10
ACC-11413,Real Estate Client 1414,Real Estate,West,SMB,96,2023-09-08
ACC-11414,Finance Client 1415,Finance,Southwest,Enterprise,1010,2023-10-03
ACC-11415,Retail Client 1416,Retail,Southeast,Mid-Market,616,2023-12-30
ACC-11416,Retail Client 1417,Retail,West,SMB,31,2023-06-16
ACC-11417,Manufacturing Client 1418,Manufacturing,Southwest,Enterprise,629,2023-08-23
ACC-11418,Education Client 1419,Education,Midwest,SMB,59,2022-10-01
ACC-11419,Education Client 1420,Education,Northeast,SMB,98,2023-09-18
ACC-11420,Logistics Client 1421,Logistics,Southwest,Enterprise,632,2024-07-27
ACC-11421,Finance Client 1422,Finance,Northeast,Enterprise,1198,2023-08-13
ACC-11422,Logistics Client 1423,Logistics,Midwest,SMB,83,2023-08-28
ACC-11423,Software Client 1424,Software,Midwest,Mid-Market,205,2022-11-07
ACC-11424,Healthcare Client 1425,Healthcare,Southeast,SMB,43,2022-01-20
ACC-11425,Healthcare Client 1426,Healthcare,Midwest,SMB,29,2024-03-29
ACC-11426,Healthcare Client 1427,Healthcare,Southeast,Mid-Market,539,2024-08-27
ACC-11427,Education Client 1428,Education,Southwest,Mid-Market,339,2023-10-21
ACC-11428,Retail Client 1429,Retail,Midwest,SMB,57,2023-03-04
ACC-11429,Software Client 1430,Software,Midwest,Mid-Market,635,2024-06-20
ACC-11430,Real Estate Client 1431,Real Estate,West,SMB,44,2022-09-20
ACC-11431,Real Estate Client 1432,Real Estate,Southwest,SMB,54,2022-12-28
ACC-11432,Manufacturing Client 1433,Manufacturing,Northeast,SMB,59,2023-11-25
ACC-11433,Manufacturing Client 1434,Manufacturing,Southeast,Enterprise,2137,2022-03-08
ACC-11434,Finance Client 1435,Finance,Midwest,SMB,44,2023-12-21
ACC-11435,Manufacturing Client 1436,Manufacturing,Southwest,Enterprise,1361,2023-11-17
ACC-11436,Finance Client 1437,Finance,Midwest,Mid-Market,349,2024-03-30
ACC-11437,Manufacturing Client 1438,Manufacturing,West,SMB,32,2024-09-25
ACC-11438,Manufacturing Client 1439,Manufacturing,Southeast,Enterprise,2387,2022-12-26
ACC-11439,Logistics Client 1440,Logistics,Northeast,SMB,23,2023-09-30
ACC-11440,Logistics Client 1441,Logistics,Southwest,Mid-Market,561,2024-09-29
ACC-11441,Software Client 1442,Software,Southeast,Mid-Market,304,2023-03-29
ACC-11442,Healthcare Client 1443,Healthcare,Southeast,SMB,91,2022-05-09
ACC-11443,Education Client 1444,Education,Midwest,SMB,39,2022-09-07
ACC-11444,Education Client 1445,Education,Northeast,SMB,142,2023-02-27
ACC-11445,Logistics Client 1446,Logistics,Southwest,Enterprise,2013,2023-02-06
ACC-11446,Real Estate Client 1447,Real Estate,Northeast,Enterprise,608,2023-08-26
ACC-11447,Finance Client 1448,Finance,Southeast,SMB,72,2023-11-21
ACC-11448,Healthcare Client 1449,Healthcare,Midwest,Mid-Market,135,2024-05-28
ACC-11449,Retail Client 1450,Retail,Midwest,Mid-Market,309,2023-03-28
ACC-11450,Education Client 1451,Education,Southwest,SMB,27,2024-09-01
ACC-11451,Healthcare Client 1452,Healthcare,West,SMB,52,2022-05-21
ACC-11452,Manufacturing Client 1453,Manufacturing,Midwest,SMB,115,2023-03-18
ACC-11453,Logistics Client 1454,Logistics,Southwest,SMB,67,2022-06-21
ACC-11454,Software Client 1455,Software,Midwest,SMB,71,2023-07-25
ACC-11455,Finance Client 1456,Finance,Midwest,Enterprise,737,2024-06-06
ACC-11456,Finance Client 1457,Finance,West,SMB,51,2023-03-13
ACC-11457,Real Estate Client 1458,Real Estate,Midwest,SMB,63,2023-02-12
ACC-11458,Manufacturing Client 1459,Manufacturing,Southeast,SMB,66,2024-05-31
ACC-11459,Healthcare Client 1460,Healthcare,Northeast,SMB,77,2022-01-01
ACC-11460,Finance Client 1461,Finance,Southwest,Mid-Market,268,2024-05-11
ACC-11461,Education Client 1462,Education,Southwest,SMB,44,2023-08-24
ACC-11462,Finance Client 1463,Finance,West,Enterprise,1897,2024-09-12
ACC-11463,Logistics Client 1464,Logistics,Southeast,SMB,135,2023-10-07
ACC-11464,Manufacturing Client 1465,Manufacturing,West,Mid-Market,182,2024-06-19
ACC-11465,Finance Client 1466,Finance,Southeast,SMB,99,2024-06-19
ACC-11466,Logistics Client 1467,Logistics,Southeast,Mid-Market,230,2024-02-26
ACC-11467,Real Estate Client 1468,Real Estate,Southwest,Mid-Market,228,2022-08-01
ACC-11468,Finance Client 1469,Finance,Southwest,Enterprise,1088,2023-10-05
ACC-11469,Real Estate Client 1470,Real Estate,Southwest,SMB,69,2023-11-07
ACC-11470,Retail Client 1471,Retail,Midwest,Mid-Market,182,2022-06-11
ACC-11471,Real Estate Client 1472,Real Estate,Midwest,SMB,56,2023-04-30
ACC-11472,Manufacturing Client 1473,Manufacturing,Southeast,SMB,80,2022-06-21
ACC-11473,Healthcare Client 1474,Healthcare,Midwest,Mid-Market,260,2024-02-21
ACC-11474,Logistics Client 1475,Logistics,Midwest,Mid-Market,454,2022-02-28
ACC-11475,Finance Client 1476,Finance,West,SMB,28,2022-09-14
ACC-11476,Healthcare Client 1477,Healthcare,Southwest,Mid-Market,391,2022-03-26
ACC-11477,Real Estate Client 1478,Real Estate,Southeast,SMB,56,2023-05-18
ACC-11478,Real Estate Client 1479,Real Estate,Northeast,SMB,81,2022-12-14
ACC-11479,Manufacturing Client 1480,Manufacturing,Midwest,Enterprise,850,2022-09-08
ACC-11480,Logistics Client 1481,Logistics,Northeast,SMB,154,2022-10-24
ACC-11481,Healthcare Client 1482,Healthcare,West,SMB,52,2023-12-27
ACC-11482,Real Estate Client 1483,Real Estate,Southeast,Mid-Market,580,2023-02-13
ACC-11483,Software Client 1484,Software,West,SMB,69,2023-05-08
ACC-11484,Education Client 1485,Education,Southeast,SMB,38,2023-08-19
ACC-11485,Retail Client 1486,Retail,Midwest,Mid-Market,449,2023-07-09
ACC-11486,Retail Client 1487,Retail,Northeast,SMB,111,2022-03-02
ACC-11487,Software Client 1488,Software,West,Enterprise,2045,2023-08-22
ACC-11488,Logistics Client 1489,Logistics,West,SMB,120,2024-09-27
ACC-11489,Education Client 1490,Education,Midwest,SMB,55,2022-09-06
ACC-11490,Retail Client 1491,Retail,West,Mid-Market,319,2023-12-11
ACC-11491,Healthcare Client 1492,Healthcare,Southwest,Mid-Market,271,2023-03-07
ACC-11492,Healthcare Client 1493,Healthcare,West,SMB,218,2023-05-16
ACC-11493,Manufacturing Client 1494,Manufacturing,Northeast,SMB,64,2024-01-22
ACC-11494,Manufacturing Client 1495,Manufacturing,Northeast,Enterprise,643,2024-06-06
ACC-11495,Manufacturing Client 1496,Manufacturing,Southeast,SMB,263,2023-11-12
ACC-11496,Education Client 1497,Education,Midwest,SMB,233,2024-08-06
ACC-11497,Real Estate Client 1498,Real Estate,West,SMB,36,2022-04-25
ACC-11498,Education Client 1499,Education,Southeast,SMB,178,2023-01-18
ACC-11499,Logistics Client 1500,Logistics,Southeast,Enterprise,688,2024-07-23
ACC-11500,Real Estate Client 1501,Real Estate,West,SMB,73,2024-05-23
ACC-11501,Software Client 1502,Software,West,Enterprise,1708,2024-01-02
ACC-11502,Software Client 1503,Software,Southwest,Enterprise,940,2024-01-10
ACC-11503,Finance Client 1504,Finance,West,Mid-Market,204,2022-06-17
ACC-11504,Software Client 1505,Software,West,SMB,73,2024-11-16
ACC-11505,Real Estate Client 1506,Real Estate,Midwest,SMB,70,2023-12-10
ACC-11506,Manufacturing Client 1507,Manufacturing,Northeast,SMB,62,2024-02-29
ACC-11507,Retail Client 1508,Retail,West,SMB,78,2023-07-10
ACC-11508,Healthcare Client 1509,Healthcare,Midwest,SMB,95,2022-05-12
ACC-11509,Finance Client 1510,Finance,Midwest,Enterprise,1194,2022-01-29
ACC-11510,Retail Client 1511,Retail,Northeast,Enterprise,1549,2024-06-11
ACC-11511,Retail Client 1512,Retail,Southwest,Mid-Market,323,2023-03-07
ACC-11512,Logistics Client 1513,Logistics,Southwest,Mid-Market,160,2024-03-05
ACC-11513,Software Client 1514,Software,Southeast,Enterprise,6207,2022-01-11
ACC-11514,Healthcare Client 1515,Healthcare,Southwest,Mid-Market,331,2022-11-15
ACC-11515,Software Client 1516,Software,Southwest,SMB,84,2024-09-26
ACC-11516,Healthcare Client 1517,Healthcare,West,SMB,75,2023-03-20
ACC-11517,Healthcare Client 1518,Healthcare,Southwest,SMB,95,2023-03-18
ACC-11518,Finance Client 1519,Finance,West,Mid-Market,186,2022-06-16
ACC-11519,Healthcare Client 1520,Healthcare,Southwest,Mid-Market,693,2023-03-28
ACC-11520,Healthcare Client 1521,Healthcare,Southwest,SMB,44,2024-12-30
ACC-11521,Education Client 1522,Education,Southwest,SMB,68,2022-09-21
ACC-11522,Healthcare Client 1523,Healthcare,West,Mid-Market,702,2023-11-12
ACC-11523,Software Client 1524,Software,Southeast,Enterprise,988,2024-12-10
ACC-11524,Healthcare Client 1525,Healthcare,West,Mid-Market,537,2024-01-12
ACC-11525,Education Client 1526,Education,West,SMB,15,2022-01-17
ACC-11526,Healthcare Client 1527,Healthcare,Southwest,Enterprise,536,2022-03-07
ACC-11527,Real Estate Client 1528,Real Estate,West,SMB,85,2023-10-17
ACC-11528,Finance Client 1529,Finance,Northeast,Enterprise,1406,2024-04-22
ACC-11529,Finance Client 1530,Finance,Midwest,SMB,27,2022-06-27
ACC-11530,Logistics Client 1531,Logistics,Northeast,Mid-Market,495,2024-11-27
ACC-11531,Manufacturing Client 1532,Manufacturing,Northeast,Enterprise,475,2024-11-11
ACC-11532,Healthcare Client 1533,Healthcare,West,SMB,205,2024-06-12
ACC-11533,Logistics Client 1534,Logistics,Southeast,SMB,66,2024-09-25
ACC-11534,Education Client 1535,Education,Northeast,SMB,88,2022-06-09
ACC-11535,Manufacturing Client 1536,Manufacturing,Southeast,Enterprise,1143,2024-08-01
ACC-11536,Retail Client 1537,Retail,Southwest,SMB,182,2023-05-19
ACC-11537,Healthcare Client 1538,Healthcare,Northeast,Enterprise,1496,2023-10-30
ACC-11538,Finance Client 1539,Finance,West,SMB,175,2024-05-23
ACC-11539,Finance Client 1540,Finance,Midwest,Enterprise,771,2023-12-03
ACC-11540,Manufacturing Client 1541,Manufacturing,West,Mid-Market,340,2024-05-16
ACC-11541,Logistics Client 1542,Logistics,Southeast,Mid-Market,332,2022-07-10
ACC-11542,Finance Client 1543,Finance,Midwest,SMB,103,2024-06-14
ACC-11543,Real Estate Client 1544,Real Estate,Midwest,SMB,72,2022-08-14
ACC-11544,Real Estate Client 1545,Real Estate,Northeast,SMB,121,2022-08-13
ACC-11545,Education Client 1546,Education,Northeast,SMB,29,2024-08-18
ACC-11546,Healthcare Client 1547,Healthcare,Midwest,SMB,127,2023-05-31
ACC-11547,Manufacturing Client 1548,Manufacturing,West,Mid-Market,97,2022-12-19
ACC-11548,Healthcare Client 1549,Healthcare,Northeast,SMB,52,2023-08-12
ACC-11549,Healthcare Client 1550,Healthcare,Northeast,Mid-Market,482,2023-11-15
ACC-11550,Software Client 1551,Software,Northeast,SMB,66,2023-02-18
ACC-11551,Retail Client 1552,Retail,West,SMB,44,2022-01-26
ACC-11552,Education Client 1553,Education,Midwest,Enterprise,1129,2024-05-01
ACC-11553,Education Client 1554,Education,Midwest,SMB,139,2024-07-02
ACC-11554,Retail Client 1555,Retail,Midwest,SMB,48,2024-05-26
ACC-11555,Logistics Client 1556,Logistics,Midwest,SMB,83,2023-06-03
ACC-11556,Finance Client 1557,Finance,Southeast,Enterprise,1593,2024-11-21
ACC-11557,Education Client 1558,Education,Northeast,SMB,110,2025-02-16
ACC-11558,Finance Client 1559,Finance,Southeast,SMB,185,2022-09-18
ACC-11559,Logistics Client 1560,Logistics,Midwest,SMB,113,2024-11-10
ACC-11560,Education Client 1561,Education,West,Enterprise,801,2023-07-27
ACC-11561,Software Client 1562,Software,Midwest,Enterprise,1260,2022-04-29
ACC-11562,Manufacturing Client 1563,Manufacturing,Southeast,Mid-Market,273,2023-11-29
ACC-11563,Healthcare Client 1564,Healthcare,Northeast,Enterprise,1478,2023-09-28
ACC-11564,Real Estate Client 1565,Real Estate,Midwest,Enterprise,1882,2022-04-21
ACC-11565,Real Estate Client 1566,Real Estate,Midwest,Mid-Market,385,2024-05-06
ACC-11566,Real Estate Client 1567,Real Estate,Northeast,SMB,67,2025-01-22
ACC-11567,Education Client 1568,Education,Midwest,SMB,43,2023-08-24
ACC-11568,Education Client 1569,Education,West,SMB,73,2022-06-10
ACC-11569,Manufacturing Client 1570,Manufacturing,Midwest,SMB,51,2022-06-27
ACC-11570,Finance Client 1571,Finance,Midwest,SMB,89,2023-05-04
ACC-11571,Manufacturing Client 1572,Manufacturing,Midwest,Mid-Market,610,2022-06-28
ACC-11572,Software Client 1573,Software,West,Enterprise,767,2024-01-25
ACC-11573,Education Client 1574,Education,Northeast,SMB,39,2024-07-01
ACC-11574,Real Estate Client 1575,Real Estate,West,Enterprise,594,2024-01-21
ACC-11575,Real Estate Client 1576,Real Estate,Northeast,SMB,63,2022-03-29
ACC-11576,Real Estate Client 1577,Real Estate,West,SMB,41,2022-04-11
ACC-11577,Manufacturing Client 1578,Manufacturing,Southwest,SMB,67,2023-04-23
ACC-11578,Manufacturing Client 1579,Manufacturing,West,SMB,17,2024-06-21
ACC-11579,Education Client 1580,Education,West,Mid-Market,236,2023-06-09
ACC-11580,Retail Client 1581,Retail,Southeast,SMB,102,2022-03-10
ACC-11581,Retail Client 1582,Retail,Northeast,SMB,125,2024-08-18
ACC-11582,Healthcare Client 1583,Healthcare,Southeast,SMB,57,2024-11-30
ACC-11583,Finance Client 1584,Finance,Southeast,Enterprise,337,2022-01-26
ACC-11584,Manufacturing Client 1585,Manufacturing,Midwest,SMB,101,2022-03-14
ACC-11585,Manufacturing Client 1586,Manufacturing,Midwest,Enterprise,788,2024-11-12
ACC-11586,Finance Client 1587,Finance,West,SMB,23,2022-08-21
ACC-11587,Education Client 1588,Education,Northeast,Enterprise,1629,2022-10-04
ACC-11588,Software Client 1589,Software,Northeast,Enterprise,1120,2022-06-13
ACC-11589,Software Client 1590,Software,West,Mid-Market,287,2024-03-24
ACC-11590,Real Estate Client 1591,Real Estate,Midwest,SMB,40,2024-06-11
ACC-11591,Logistics Client 1592,Logistics,Southeast,Mid-Market,126,2024-10-24
ACC-11592,Retail Client 1593,Retail,West,SMB,72,2024-11-07
ACC-11593,Education Client 1594,Education,Southwest,SMB,71,2024-08-14
ACC-11594,Retail Client 1595,Retail,Midwest,Mid-Market,347,2024-10-22
ACC-11595,Education Client 1596,Education,Southwest,Enterprise,711,2023-12-30
ACC-11596,Education Client 1597,Education,Southwest,SMB,41,2024-09-04
ACC-11597,Healthcare Client 1598,Healthcare,Southeast,Enterprise,1455,2023-08-22
ACC-11598,Healthcare Client 1599,Healthcare,West,Mid-Market,253,2023-08-25
ACC-11599,Real Estate Client 1600,Real Estate,Southeast,SMB,78,2022-04-21
ACC-11600,Real Estate Client 1601,Real Estate,Southwest,Mid-Market,312,2022-12-29
ACC-11601,Manufacturing Client 1602,Manufacturing,Southwest,SMB,128,2023-12-27
ACC-11602,Healthcare Client 1603,Healthcare,Southeast,Mid-Market,307,2025-01-08
ACC-11603,Manufacturing Client 1604,Manufacturing,Northeast,Enterprise,1040,2024-10-07
ACC-11604,Real Estate Client 1605,Real Estate,West,Enterprise,1065,2024-12-01
ACC-11605,Real Estate Client 1606,Real Estate,Southwest,SMB,99,2024-12-11
ACC-11606,Retail Client 1607,Retail,Northeast,Mid-Market,289,2022-02-06
ACC-11607,Software Client 1608,Software,Northeast,Mid-Market,321,2023-01-19
ACC-11608,Real Estate Client 1609,Real Estate,Midwest,SMB,52,2022-05-04
ACC-11609,Manufacturing Client 1610,Manufacturing,Southeast,SMB,96,2023-10-11
ACC-11610,Finance Client 1611,Finance,Midwest,SMB,59,2022-07-12
ACC-11611,Healthcare Client 1612,Healthcare,Midwest,Mid-Market,276,2022-12-11
ACC-11612,Software Client 1613,Software,West,SMB,96,2024-04-13
ACC-11613,Logistics Client 1614,Logistics,Southeast,Mid-Market,770,2023-04-02
ACC-11614,Manufacturing Client 1615,Manufacturing,Midwest,SMB,116,2022-12-31
ACC-11615,Retail Client 1616,Retail,Southwest,SMB,102,2024-02-05
ACC-11616,Education Client 1617,Education,West,Mid-Market,311,2022-04-19
ACC-11617,Manufacturing Client 1618,Manufacturing,Southwest,SMB,55,2024-05-05
ACC-11618,Healthcare Client 1619,Healthcare,Southeast,Mid-Market,216,2025-01-10
ACC-11619,Retail Client 1620,Retail,Southwest,Mid-Market,404,2022-12-04
ACC-11620,Education Client 1621,Education,Southeast,Enterprise,610,2023-09-09
ACC-11621,Logistics Client 1622,Logistics,Northeast,SMB,54,2024-12-04
ACC-11622,Real Estate Client 1623,Real Estate,Southwest,SMB,106,2024-06-28
ACC-11623,Real Estate Client 1624,Real Estate,Southeast,SMB,26,2022-10-21
ACC-11624,Education Client 1625,Education,West,SMB,61,2024-10-02
ACC-11625,Real Estate Client 1626,Real Estate,Northeast,SMB,67,2022-08-21
ACC-11626,Manufacturing Client 1627,Manufacturing,Midwest,Enterprise,761,2023-09-07
ACC-11627,Logistics Client 1628,Logistics,West,SMB,59,2022-05-20
ACC-11628,Retail Client 1629,Retail,Northeast,SMB,185,2022-09-04
ACC-11629,Logistics Client 1630,Logistics,Northeast,Mid-Market,151,2024-11-14
ACC-11630,Manufacturing Client 1631,Manufacturing,Midwest,SMB,75,2025-02-17
ACC-11631,Logistics Client 1632,Logistics,Northeast,SMB,69,2022-05-16
ACC-11632,Finance Client 1633,Finance,Southeast,Enterprise,1271,2022-03-07
ACC-11633,Logistics Client 1634,Logistics,Southwest,Enterprise,795,2022-03-29
ACC-11634,Retail Client 1635,Retail,Southeast,SMB,101,2022-03-02
ACC-11635,Finance Client 1636,Finance,Midwest,SMB,45,2022-08-01
ACC-11636,Education Client 1637,Education,Southeast,Mid-Market,278,2023-03-17
ACC-11637,Real Estate Client 1638,Real Estate,Midwest,Mid-Market,683,2023-01-11
ACC-11638,Manufacturing Client 1639,Manufacturing,West,Mid-Market,201,2023-05-24
ACC-11639,Manufacturing Client 1640,Manufacturing,Southeast,SMB,230,2023-02-23
ACC-11640,Retail Client 1641,Retail,Northeast,SMB,50,2023-09-30
ACC-11641,Healthcare Client 1642,Healthcare,Midwest,SMB,172,2024-06-19
ACC-11642,Healthcare Client 1643,Healthcare,Southwest,Mid-Market,463,2024-09-14
ACC-11643,Real Estate Client 1644,Real Estate,Northeast,Mid-Market,245,2022-06-03
ACC-11644,Education Client 1645,Education,West,SMB,137,2023-08-26
ACC-11645,Finance Client 1646,Finance,Southwest,SMB,46,2022-12-30
ACC-11646,Healthcare Client 1647,Healthcare,Southeast,Mid-Market,495,2022-08-01
ACC-11647,Education Client 1648,Education,Northeast,Mid-Market,299,2024-10-12
ACC-11648,Retail Client 1649,Retail,Southwest,SMB,76,2022-10-01
ACC-11649,Healthcare Client 1650,Healthcare,Midwest,Mid-Market,400,2022-06-27
ACC-11650,Education Client 1651,Education,Midwest,SMB,44,2022-02-10
ACC-11651,Education Client 1652,Education,Southwest,Enterprise,391,2024-05-13
ACC-11652,Manufacturing Client 1653,Manufacturing,Southeast,SMB,57,2023-04-06
ACC-11653,Finance Client 1654,Finance,Midwest,SMB,44,2022-05-04
ACC-11654,Retail Client 1655,Retail,Southwest,Enterprise,800,2024-03-08
ACC-11655,Healthcare Client 1656,Healthcare,Southwest,Mid-Market,507,2024-05-09
ACC-11656,Logistics Client 1657,Logistics,Southeast,SMB,84,2024-03-22
ACC-11657,Real Estate Client 1658,Real Estate,Northeast,Mid-Market,295,2024-09-12
ACC-11658,Healthcare Client 1659,Healthcare,Midwest,SMB,73,2023-12-20
ACC-11659,Education Client 1660,Education,Southeast,Mid-Market,279,2024-05-18
ACC-11660,Logistics Client 1661,Logistics,Southwest,Mid-Market,260,2024-06-06
ACC-11661,Real Estate Client 1662,Real Estate,Northeast,Mid-Market,211,2023-03-15
ACC-11662,Education Client 1663,Education,Southwest,SMB,32,2024-02-01
ACC-11663,Education Client 1664,Education,West,Mid-Market,172,2022-07-17
ACC-11664,Education Client 1665,Education,Southeast,SMB,108,2022-12-31
ACC-11665,Healthcare Client 1666,Healthcare,Southwest,SMB,33,2023-02-04
ACC-11666,Healthcare Client 1667,Healthcare,West,Mid-Market,382,2024-02-17
ACC-11667,Education Client 1668,Education,Southeast,SMB,90,2024-09-29
ACC-11668,Software Client 1669,Software,Southeast,SMB,36,2022-09-18
ACC-11669,Finance Client 1670,Finance,West,SMB,80,2024-05-18
ACC-11670,Finance Client 1671,Finance,Midwest,SMB,51,2023-09-19
ACC-11671,Logistics Client 1672,Logistics,Northeast,SMB,146,2024-06-25
ACC-11672,Retail Client 1673,Retail,Northeast,Mid-Market,346,2022-01-01
ACC-11673,Software Client 1674,Software,Northeast,SMB,58,2025-01-21
ACC-11674,Education Client 1675,Education,Southwest,Mid-Market,443,2022-03-23
ACC-11675,Real Estate Client 1676,Real Estate,Midwest,SMB,39,2024-05-17
ACC-11676,Logistics Client 1677,Logistics,Southwest,Mid-Market,124,2023-09-22
ACC-11677,Healthcare Client 1678,Healthcare,Southwest,SMB,278,2024-04-29
ACC-11678,Retail Client 1679,Retail,Southwest,SMB,135,2024-11-12
ACC-11679,Education Client 1680,Education,Midwest,Enterprise,2315,2023-02-01
ACC-11680,Finance Client 1681,Finance,Southeast,SMB,109,2023-03-06
ACC-11681,Finance Client 1682,Finance,Northeast,Mid-Market,886,2024-02-14
ACC-11682,Real Estate Client 1683,Real Estate,Southwest,Mid-Market,302,2024-08-22
ACC-11683,Software Client 1684,Software,Northeast,Mid-Market,232,2024-08-21
ACC-11684,Logistics Client 1685,Logistics,Midwest,SMB,184,2024-10-02
ACC-11685,Logistics Client 1686,Logistics,Midwest,Mid-Market,328,2023-11-03
ACC-11686,Education Client 1687,Education,West,SMB,152,2023-10-27
ACC-11687,Manufacturing Client 1688,Manufacturing,Southeast,SMB,142,2022-10-21
ACC-11688,Retail Client 1689,Retail,West,Enterprise,1564,2023-08-13
ACC-11689,Manufacturing Client 1690,Manufacturing,Southeast,SMB,36,2024-10-31
ACC-11690,Healthcare Client 1691,Healthcare,Northeast,SMB,54,2022-09-22
ACC-11691,Finance Client 1692,Finance,Northeast,Mid-Market,199,2023-12-10
ACC-11692,Education Client 1693,Education,Midwest,Mid-Market,229,2022-02-09
ACC-11693,Retail Client 1694,Retail,Southeast,Mid-Market,635,2022-10-10
ACC-11694,Finance Client 1695,Finance,West,SMB,75,2024-03-16
ACC-11695,Retail Client 1696,Retail,Northeast,Mid-Market,140,2024-02-04
ACC-11696,Software Client 1697,Software,Southwest,SMB,141,2023-07-30
ACC-11697,Logistics Client 1698,Logistics,Midwest,Mid-Market,558,2024-06-27
ACC-11698,Manufacturing Client 1699,Manufacturing,Southeast,SMB,112,2023-08-10
ACC-11699,Finance Client 1700,Finance,West,Mid-Market,218,2024-05-14
ACC-11700,Finance Client 1701,Finance,Northeast,SMB,49,2023-06-03
ACC-11701,Education Client 1702,Education,West,SMB,76,2024-05-27
ACC-11702,Software Client 1703,Software,Northeast,Enterprise,1376,2025-02-11
ACC-11703,Finance Client 1704,Finance,Southwest,Mid-Market,222,2022-05-02
ACC-11704,Education Client 1705,Education,Southeast,Enterprise,1321,2022-05-05
ACC-11705,Software Client 1706,Software,Northeast,Enterprise,1611,2023-06-07
ACC-11706,Logistics Client 1707,Logistics,Southwest,SMB,27,2024-12-17
ACC-11707,Real Estate Client 1708,Real Estate,Midwest,SMB,101,2022-08-20
ACC-11708,Education Client 1709,Education,Southwest,Enterprise,1059,2023-05-06
ACC-11709,Real Estate Client 1710,Real Estate,Southwest,SMB,195,2024-09-06
ACC-11710,Manufacturing Client 1711,Manufacturing,Northeast,Mid-Market,272,2023-02-20
ACC-11711,Manufacturing Client 1712,Manufacturing,Southwest,SMB,105,2023-02-05
ACC-11712,Manufacturing Client 1713,Manufacturing,Southwest,Mid-Market,1077,2024-07-02
ACC-11713,Real Estate Client 1714,Real Estate,Southwest,Mid-Market,572,2024-11-15
ACC-11714,Manufacturing Client 1715,Manufacturing,Southwest,SMB,73,2024-03-27
ACC-11715,Finance Client 1716,Finance,Midwest,SMB,65,2024-11-16
ACC-11716,Healthcare Client 1717,Healthcare,West,Mid-Market,327,2023-03-07
ACC-11717,Real Estate Client 1718,Real Estate,Southwest,Enterprise,1178,2022-07-29
ACC-11718,Real Estate Client 1719,Real Estate,Midwest,SMB,49,2023-01-05
ACC-11719,Finance Client 1720,Finance,Northeast,Mid-Market,454,2023-11-13
ACC-11720,Software Client 1721,Software,West,SMB,59,2023-04-28
ACC-11721,Education Client 1722,Education,Southwest,SMB,78,2024-10-01
ACC-11722,Manufacturing Client 1723,Manufacturing,Midwest,Enterprise,575,2022-09-30
ACC-11723,Healthcare Client 1724,Healthcare,Southwest,SMB,65,2024-12-06
ACC-11724,Software Client 1725,Software,West,SMB,67,2024-11-23
ACC-11725,Retail Client 1726,Retail,Southwest,SMB,133,2024-04-07
ACC-11726,Software Client 1727,Software,Northeast,SMB,109,2023-03-04
ACC-11727,Retail Client 1728,Retail,Northeast,Enterprise,903,2023-12-20
ACC-11728,Software Client 1729,Software,Southwest,Mid-Market,130,2024-03-19
ACC-11729,Education Client 1730,Education,Northeast,Mid-Market,241,2022-11-12
ACC-11730,Real Estate Client 1731,Real Estate,West,SMB,95,2023-01-15
ACC-11731,Healthcare Client 1732,Healthcare,Southeast,Mid-Market,190,2024-07-09
ACC-11732,Real Estate Client 1733,Real Estate,West,SMB,144,2024-07-24
ACC-11733,Education Client 1734,Education,Southwest,SMB,48,2024-04-26
ACC-11734,Education Client 1735,Education,Northeast,SMB,59,2024-09-14
ACC-11735,Healthcare Client 1736,Healthcare,Southwest,Mid-Market,211,2022-05-19
ACC-11736,Software Client 1737,Software,Midwest,Mid-Market,213,2024-06-15
ACC-11737,Retail Client 1738,Retail,West,Enterprise,915,2024-10-23
ACC-11738,Manufacturing Client 1739,Manufacturing,Northeast,SMB,132,2022-03-09
ACC-11739,Logistics Client 1740,Logistics,Northeast,Mid-Market,286,2024-09-22
ACC-11740,Retail Client 1741,Retail,Southeast,Mid-Market,205,2024-05-19
ACC-11741,Finance Client 1742,Finance,Midwest,SMB,151,2022-10-15
ACC-11742,Real Estate Client 1743,Real Estate,Southeast,Mid-Market,381,2022-04-24
ACC-11743,Manufacturing Client 1744,Manufacturing,Northeast,SMB,164,2022-11-07
ACC-11744,Retail Client 1745,Retail,Southwest,SMB,41,2024-08-25
ACC-11745,Education Client 1746,Education,Northeast,Mid-Market,414,2024-03-08
ACC-11746,Logistics Client 1747,Logistics,Southeast,SMB,77,2024-12-17
ACC-11747,Retail Client 1748,Retail,Southwest,SMB,189,2022-08-16
ACC-11748,Real Estate Client 1749,Real Estate,West,SMB,35,2022-06-16
ACC-11749,Manufacturing Client 1750,Manufacturing,Northeast,Mid-Market,298,2023-09-09
ACC-11750,Software Client 1751,Software,West,Mid-Market,362,2023-05-03
ACC-11751,Logistics Client 1752,Logistics,West,SMB,54,2023-01-09
ACC-11752,Retail Client 1753,Retail,West,Mid-Market,567,2024-04-05
ACC-11753,Manufacturing Client 1754,Manufacturing,Southwest,SMB,72,2025-02-01
ACC-11754,Logistics Client 1755,Logistics,West,SMB,193,2022-10-29
ACC-11755,Real Estate Client 1756,Real Estate,Southwest,Enterprise,2394,2023-10-24
ACC-11756,Software Client 1757,Software,Southeast,SMB,48,2024-08-10
ACC-11757,Finance Client 1758,Finance,Southwest,Enterprise,2365,2023-09-05
ACC-11758,Manufacturing Client 1759,Manufacturing,Southwest,SMB,129,2023-12-28
ACC-11759,Software Client 1760,Software,Southeast,SMB,71,2024-11-12
ACC-11760,Real Estate Client 1761,Real Estate,West,Mid-Market,413,2022-11-26
ACC-11761,Retail Client 1762,Retail,Midwest,Enterprise,1332,2022-02-03
ACC-11762,Logistics Client 1763,Logistics,Southeast,SMB,91,2023-07-02
ACC-11763,Software Client 1764,Software,Midwest,Mid-Market,233,2024-10-27
ACC-11764,Education Client 1765,Education,Northeast,SMB,32,2023-12-08
ACC-11765,Education Client 1766,Education,Midwest,Enterprise,500,2023-07-14
ACC-11766,Manufacturing Client 1767,Manufacturing,Midwest,SMB,111,2023-10-21
ACC-11767,Manufacturing Client 1768,Manufacturing,West,SMB,64,2023-08-25
ACC-11768,Real Estate Client 1769,Real Estate,Southeast,Mid-Market,128,2022-05-06
ACC-11769,Education Client 1770,Education,West,SMB,153,2024-06-29
ACC-11770,Education Client 1771,Education,Northeast,Mid-Market,537,2022-11-03
ACC-11771,Finance Client 1772,Finance,Northeast,SMB,97,2024-05-29
ACC-11772,Retail Client 1773,Retail,West,Mid-Market,853,2022-06-23
ACC-11773,Logistics Client 1774,Logistics,Northeast,Mid-Market,178,2023-05-01
ACC-11774,Software Client 1775,Software,Southeast,SMB,32,2022-10-30
ACC-11775,Education Client 1776,Education,Southeast,SMB,101,2022-10-06
ACC-11776,Education Client 1777,Education,Midwest,SMB,61,2022-05-03
ACC-11777,Education Client 1778,Education,West,SMB,116,2024-08-21
ACC-11778,Real Estate Client 1779,Real Estate,Southwest,SMB,97,2023-05-14
ACC-11779,Software Client 1780,Software,Midwest,SMB,40,2022-08-10
ACC-11780,Retail Client 1781,Retail,Midwest,SMB,93,2023-05-08
ACC-11781,Real Estate Client 1782,Real Estate,Southwest,Mid-Market,790,2022-01-21
ACC-11782,Healthcare Client 1783,Healthcare,West,Mid-Market,412,2024-11-22
ACC-11783,Healthcare Client 1784,Healthcare,Northeast,SMB,70,2022-03-18
ACC-11784,Education Client 1785,Education,Midwest,SMB,45,2022-01-14
ACC-11785,Software Client 1786,Software,Southeast,SMB,100,2024-04-04
ACC-11786,Healthcare Client 1787,Healthcare,Midwest,Enterprise,627,2024-01-20
ACC-11787,Logistics Client 1788,Logistics,Southwest,Enterprise,758,2023-03-25
ACC-11788,Finance Client 1789,Finance,Northeast,SMB,45,2023-06-14
ACC-11789,Retail Client 1790,Retail,Midwest,SMB,212,2023-12-30
ACC-11790,Real Estate Client 1791,Real Estate,Midwest,Enterprise,474,2023-01-10
ACC-11791,Manufacturing Client 1792,Manufacturing,Northeast,SMB,107,2022-09-18
ACC-11792,Healthcare Client 1793,Healthcare,Midwest,SMB,66,2025-01-02
ACC-11793,Retail Client 1794,Retail,Midwest,SMB,49,2022-06-21
ACC-11794,Manufacturing Client 1795,Manufacturing,Southwest,SMB,52,2024-02-05
ACC-11795,Healthcare Client 1796,Healthcare,West,Mid-Market,136,2024-04-03
ACC-11796,Manufacturing Client 1797,Manufacturing,Northeast,Enterprise,614,2022-04-17
ACC-11797,Manufacturing Client 1798,Manufacturing,Southwest,Mid-Market,119,2022-06-12
ACC-11798,Logistics Client 1799,Logistics,West,SMB,49,2023-11-01
ACC-11799,Software Client 1800,Software,West,SMB,98,2022-01-28
ACC-11800,Logistics Client 1801,Logistics,West,SMB,38,2024-01-27
ACC-11801,Healthcare Client 1802,Healthcare,Southeast,SMB,90,2024-06-02
ACC-11802,Manufacturing Client 1803,Manufacturing,West,Enterprise,1516,2022-08-18
ACC-11803,Healthcare Client 1804,Healthcare,Northeast,SMB,103,2024-11-28
ACC-11804,Education Client 1805,Education,Midwest,Mid-Market,243,2022-03-26
ACC-11805,Healthcare Client 1806,Healthcare,Southeast,SMB,89,2024-07-17
ACC-11806,Manufacturing Client 1807,Manufacturing,Southeast,Mid-Market,203,2024-02-09
ACC-11807,Manufacturing Client 1808,Manufacturing,Southwest,SMB,74,2022-10-25
ACC-11808,Healthcare Client 1809,Healthcare,Midwest,Mid-Market,310,2023-10-06
ACC-11809,Finance Client 1810,Finance,Southwest,SMB,107,2024-06-21
ACC-11810,Real Estate Client 1811,Real Estate,Northeast,Mid-Market,636,2024-10-31
ACC-11811,Manufacturing Client 1812,Manufacturing,Southeast,SMB,59,2023-01-19
ACC-11812,Retail Client 1813,Retail,Southeast,Enterprise,885,2024-01-09
ACC-11813,Finance Client 1814,Finance,Southeast,Mid-Market,229,2024-10-26
ACC-11814,Logistics Client 1815,Logistics,Southeast,Mid-Market,200,2023-10-19
ACC-11815,Real Estate Client 1816,Real Estate,Southeast,SMB,30,2025-02-20
ACC-11816,Manufacturing Client 1817,Manufacturing,Southeast,SMB,59,2022-07-16
ACC-11817,Finance Client 1818,Finance,West,Enterprise,1490,2022-04-20
ACC-11818,Retail Client 1819,Retail,Southwest,SMB,61,2023-12-26
ACC-11819,Real Estate Client 1820,Real Estate,Midwest,Enterprise,575,2023-06-24
ACC-11820,Healthcare Client 1821,Healthcare,Southwest,SMB,102,2023-07-11
ACC-11821,Retail Client 1822,Retail,Southeast,SMB,87,2023-05-11
ACC-11822,Real Estate Client 1823,Real Estate,Midwest,Enterprise,708,2023-09-23
ACC-11823,Education Client 1824,Education,Southeast,SMB,30,2023-01-18
ACC-11824,Education Client 1825,Education,Southeast,SMB,52,2024-02-03
ACC-11825,Retail Client 1826,Retail,Southwest,SMB,42,2024-07-25
ACC-11826,Retail Client 1827,Retail,Southwest,Enterprise,1256,2024-08-24
ACC-11827,Software Client 1828,Software,Midwest,SMB,84,2024-03-28
ACC-11828,Real Estate Client 1829,Real Estate,Northeast,Mid-Market,972,2023-04-06
ACC-11829,Software Client 1830,Software,Southeast,SMB,115,2024-01-31
ACC-11830,Real Estate Client 1831,Real Estate,Southeast,SMB,154,2023-09-25
ACC-11831,Retail Client 1832,Retail,West,SMB,132,2022-08-10
ACC-11832,Logistics Client 1833,Logistics,Southeast,SMB,105,2022-07-19
ACC-11833,Finance Client 1834,Finance,Northeast,SMB,50,2023-11-17
ACC-11834,Software Client 1835,Software,West,Enterprise,1588,2024-03-19
ACC-11835,Logistics Client 1836,Logistics,West,SMB,80,2024-06-05
ACC-11836,Software Client 1837,Software,Midwest,SMB,63,2022-03-01
ACC-11837,Logistics Client 1838,Logistics,Southwest,SMB,196,2022-02-12
ACC-11838,Logistics Client 1839,Logistics,Midwest,SMB,44,2024-07-26
ACC-11839,Real Estate Client 1840,Real Estate,Midwest,Enterprise,901,2024-09-19
ACC-11840,Manufacturing Client 1841,Manufacturing,West,Mid-Market,407,2023-05-25
ACC-11841,Healthcare Client 1842,Healthcare,Southwest,Mid-Market,521,2023-09-24
ACC-11842,Education Client 1843,Education,Midwest,SMB,116,2023-04-08
ACC-11843,Education Client 1844,Education,Northeast,Mid-Market,614,2022-03-27
ACC-11844,Manufacturing Client 1845,Manufacturing,Midwest,SMB,46,2022-11-09
ACC-11845,Healthcare Client 1846,Healthcare,Southwest,SMB,61,2024-03-04
ACC-11846,Software Client 1847,Software,Southwest,SMB,57,2022-09-13
ACC-11847,Software Client 1848,Software,Northeast,Mid-Market,1189,2024-07-22
ACC-11848,Real Estate Client 1849,Real Estate,Midwest,Enterprise,3408,2024-10-15
ACC-11849,Healthcare Client 1850,Healthcare,Midwest,SMB,46,2023-01-19
ACC-11850,Retail Client 1851,Retail,Northeast,Enterprise,3471,2022-12-11
ACC-11851,Healthcare Client 1852,Healthcare,Southeast,SMB,30,2022-06-02
ACC-11852,Software Client 1853,Software,Northeast,Mid-Market,303,2024-06-13
ACC-11853,Real Estate Client 1854,Real Estate,Northeast,Mid-Market,314,2023-04-26
ACC-11854,Education Client 1855,Education,West,Mid-Market,233,2023-01-29
ACC-11855,Healthcare Client 1856,Healthcare,Northeast,Enterprise,1243,2023-05-26
ACC-11856,Software Client 1857,Software,Southwest,Mid-Market,115,2025-01-05
ACC-11857,Manufacturing Client 1858,Manufacturing,Southeast,Mid-Market,263,2023-06-23
ACC-11858,Logistics Client 1859,Logistics,Northeast,Mid-Market,186,2023-05-27
ACC-11859,Education Client 1860,Education,Southwest,Enterprise,1269,2022-01-27
ACC-11860,Manufacturing Client 1861,Manufacturing,Midwest,Enterprise,923,2024-03-01
ACC-11861,Manufacturing Client 1862,Manufacturing,Northeast,Mid-Market,569,2023-01-06
ACC-11862,Education Client 1863,Education,Midwest,SMB,82,2022-11-11
ACC-11863,Logistics Client 1864,Logistics,West,SMB,37,2023-10-18
ACC-11864,Real Estate Client 1865,Real Estate,Southwest,SMB,166,2024-03-15
ACC-11865,Real Estate Client 1866,Real Estate,Southwest,Mid-Market,187,2022-03-11
ACC-11866,Logistics Client 1867,Logistics,Southwest,Mid-Market,616,2022-03-25
ACC-11867,Software Client 1868,Software,Southeast,Mid-Market,301,2024-01-08
ACC-11868,Logistics Client 1869,Logistics,Northeast,Enterprise,1209,2025-01-20
ACC-11869,Healthcare Client 1870,Healthcare,Midwest,Mid-Market,416,2024-08-18
ACC-11870,Logistics Client 1871,Logistics,Southeast,SMB,84,2022-07-09
ACC-11871,Logistics Client 1872,Logistics,Midwest,Mid-Market,384,2023-03-29
ACC-11872,Logistics Client 1873,Logistics,West,Enterprise,991,2025-01-11
ACC-11873,Healthcare Client 1874,Healthcare,Southwest,Mid-Market,716,2022-04-12
ACC-11874,Education Client 1875,Education,West,SMB,50,2023-07-15
ACC-11875,Healthcare Client 1876,Healthcare,Midwest,Enterprise,1275,2024-12-22
ACC-11876,Healthcare Client 1877,Healthcare,Midwest,SMB,80,2022-08-22
ACC-11877,Retail Client 1878,Retail,Midwest,SMB,61,2024-05-25
ACC-11878,Real Estate Client 1879,Real Estate,Southeast,SMB,83,2023-11-30
ACC-11879,Retail Client 1880,Retail,Southeast,Mid-Market,138,2024-07-19
ACC-11880,Healthcare Client 1881,Healthcare,Southeast,Mid-Market,248,2022-01-08
ACC-11881,Real Estate Client 1882,Real Estate,Midwest,SMB,137,2024-04-29
ACC-11882,Finance Client 1883,Finance,West,SMB,46,2024-03-11
ACC-11883,Real Estate Client 1884,Real Estate,Southwest,Mid-Market,168,2025-02-07
ACC-11884,Logistics Client 1885,Logistics,Midwest,Enterprise,724,2023-10-05
ACC-11885,Logistics Client 1886,Logistics,Northeast,Mid-Market,682,2024-03-28
ACC-11886,Manufacturing Client 1887,Manufacturing,West,SMB,56,2024-10-13
ACC-11887,Real Estate Client 1888,Real Estate,West,SMB,63,2024-01-09
ACC-11888,Logistics Client 1889,Logistics,Southwest,SMB,84,2022-04-04
ACC-11889,Finance Client 1890,Finance,Northeast,Mid-Market,352,2023-07-19
ACC-11890,Retail Client 1891,Retail,Northeast,SMB,69,2023-04-23
ACC-11891,Healthcare Client 1892,Healthcare,West,Mid-Market,221,2023-01-06
ACC-11892,Finance Client 1893,Finance,West,Enterprise,1000,2024-05-28
ACC-11893,Retail Client 1894,Retail,Southwest,SMB,246,2023-09-27
ACC-11894,Healthcare Client 1895,Healthcare,Southwest,SMB,77,2024-03-13
ACC-11895,Healthcare Client 1896,Healthcare,Midwest,SMB,60,2024-02-28
ACC-11896,Finance Client 1897,Finance,Southwest,Mid-Market,377,2024-11-24
ACC-11897,Manufacturing Client 1898,Manufacturing,West,SMB,78,2023-03-23
ACC-11898,Logistics Client 1899,Logistics,Southwest,Mid-Market,280,2022-05-03
ACC-11899,Logistics Client 1900,Logistics,Northeast,Mid-Market,613,2023-02-16
ACC-11900,Healthcare Client 1901,Healthcare,Midwest,Mid-Market,343,2022-06-18
ACC-11901,Manufacturing Client 1902,Manufacturing,Southeast,Enterprise,674,2023-02-08
ACC-11902,Logistics Client 1903,Logistics,West,SMB,69,2022-08-21
ACC-11903,Healthcare Client 1904,Healthcare,West,Mid-Market,636,2022-01-10
ACC-11904,Finance Client 1905,Finance,West,SMB,68,2024-11-03
ACC-11905,Retail Client 1906,Retail,West,SMB,95,2023-01-20
ACC-11906,Retail Client 1907,Retail,Midwest,SMB,91,2024-07-23
ACC-11907,Manufacturing Client 1908,Manufacturing,West,Mid-Market,131,2022-12-16
ACC-11908,Finance Client 1909,Finance,Northeast,Mid-Market,144,2022-08-14
ACC-11909,Education Client 1910,Education,West,Enterprise,2175,2022-06-05
ACC-11910,Real Estate Client 1911,Real Estate,Southwest,SMB,247,2022-11-25
ACC-11911,Finance Client 1912,Finance,Midwest,SMB,75,2024-12-05
ACC-11912,Logistics Client 1913,Logistics,Southwest,SMB,199,2023-07-14
ACC-11913,Manufacturing Client 1914,Manufacturing,Southeast,Enterprise,1804,2023-03-18
ACC-11914,Logistics Client 1915,Logistics,West,Mid-Market,510,2023-09-16
ACC-11915,Software Client 1916,Software,Southwest,SMB,97,2024-07-05
ACC-11916,Retail Client 1917,Retail,West,SMB,124,2023-07-15
ACC-11917,Software Client 1918,Software,West,SMB,102,2023-02-04
ACC-11918,Education Client 1919,Education,Northeast,Mid-Market,612,2024-05-09
ACC-11919,Healthcare Client 1920,Healthcare,West,Enterprise,1112,2023-12-13
ACC-11920,Real Estate Client 1921,Real Estate,Midwest,SMB,38,2024-06-18
ACC-11921,Education Client 1922,Education,Southwest,Mid-Market,594,2022-04-24
ACC-11922,Real Estate Client 1923,Real Estate,Southeast,SMB,39,2024-11-03
ACC-11923,Manufacturing Client 1924,Manufacturing,Midwest,SMB,111,2023-06-22
ACC-11924,Finance Client 1925,Finance,Midwest,SMB,30,2022-09-12
ACC-11925,Healthcare Client 1926,Healthcare,Southwest,Mid-Market,296,2022-03-18
ACC-11926,Logistics Client 1927,Logistics,Midwest,Mid-Market,279,2023-11-15
ACC-11927,Logistics Client 1928,Logistics,Southeast,SMB,36,2022-09-16
ACC-11928,Retail Client 1929,Retail,Southeast,Mid-Market,1558,2024-01-26
ACC-11929,Finance Client 1930,Finance,Southwest,Mid-Market,439,2024-06-03
ACC-11930,Manufacturing Client 1931,Manufacturing,Midwest,SMB,60,2025-01-25
ACC-11931,Retail Client 1932,Retail,Southeast,Mid-Market,367,2022-05-17
ACC-11932,Real Estate Client 1933,Real Estate,Southeast,Mid-Market,223,2024-07-13
ACC-11933,Software Client 1934,Software,West,SMB,51,2023-05-31
ACC-11934,Healthcare Client 1935,Healthcare,Midwest,Mid-Market,311,2023-09-19
ACC-11935,Logistics Client 1936,Logistics,Northeast,SMB,37,2023-05-18
ACC-11936,Education Client 1937,Education,Midwest,Mid-Market,886,2023-01-03
ACC-11937,Software Client 1938,Software,Southeast,Mid-Market,512,2024-01-07
ACC-11938,Real Estate Client 1939,Real Estate,Southwest,SMB,111,2022-07-15
ACC-11939,Retail Client 1940,Retail,West,Enterprise,1436,2022-08-12
ACC-11940,Real Estate Client 1941,Real Estate,Midwest,SMB,38,2022-06-06
ACC-11941,Logistics Client 1942,Logistics,West,SMB,53,2023-04-12
ACC-11942,Manufacturing Client 1943,Manufacturing,West,Mid-Market,710,2024-05-21
ACC-11943,Retail Client 1944,Retail,Southeast,SMB,64,2022-07-01
ACC-11944,Manufacturing Client 1945,Manufacturing,Midwest,Enterprise,4312,2022-05-27
ACC-11945,Education Client 1946,Education,Southwest,Mid-Market,367,2022-05-21
ACC-11946,Software Client 1947,Software,Southwest,Mid-Market,583,2022-01-12
ACC-11947,Education Client 1948,Education,Southeast,Mid-Market,504,2024-02-06
ACC-11948,Education Client 1949,Education,Southeast,SMB,60,2023-09-05
ACC-11949,Logistics Client 1950,Logistics,Southeast,Mid-Market,144,2023-10-01
ACC-11950,Logistics Client 1951,Logistics,Southeast,Mid-Market,223,2023-07-27
ACC-11951,Logistics Client 1952,Logistics,Midwest,SMB,107,2024-12-25
ACC-11952,Manufacturing Client 1953,Manufacturing,Southwest,Mid-Market,490,2024-09-23
ACC-11953,Manufacturing Client 1954,Manufacturing,West,Mid-Market,190,2025-01-29
ACC-11954,Software Client 1955,Software,West,Enterprise,2112,2022-12-25
ACC-11955,Real Estate Client 1956,Real Estate,West,Mid-Market,262,2022-06-09
ACC-11956,Software Client 1957,Software,Southwest,SMB,61,2023-06-11
ACC-11957,Manufacturing Client 1958,Manufacturing,Southwest,Mid-Market,302,2024-11-28
ACC-11958,Healthcare Client 1959,Healthcare,West,SMB,70,2025-01-12
ACC-11959,Retail Client 1960,Retail,Southwest,SMB,103,2022-10-14
ACC-11960,Education Client 1961,Education,Northeast,SMB,63,2023-02-05
ACC-11961,Software Client 1962,Software,Southwest,Enterprise,2191,2022-03-06
ACC-11962,Education Client 1963,Education,Southeast,Mid-Market,81,2023-10-01
ACC-11963,Real Estate Client 1964,Real Estate,Midwest,Enterprise,359,2023-05-29
ACC-11964,Logistics Client 1965,Logistics,Southeast,Enterprise,1483,2023-04-29
ACC-11965,Software Client 1966,Software,Southeast,Mid-Market,79,2024-02-13
ACC-11966,Software Client 1967,Software,Midwest,Mid-Market,895,2024-01-03
ACC-11967,Healthcare Client 1968,Healthcare,Southwest,SMB,40,2022-04-08
ACC-11968,Healthcare Client 1969,Healthcare,Southwest,SMB,120,2024-09-08
ACC-11969,Manufacturing Client 1970,Manufacturing,Northeast,Enterprise,1012,2022-04-19
ACC-11970,Software Client 1971,Software,Northeast,Mid-Market,110,2024-10-06
ACC-11971,Real Estate Client 1972,Real Estate,Northeast,SMB,15,2022-10-12
ACC-11972,Education Client 1973,Education,Northeast,Enterprise,829,2022-12-07
ACC-11973,Manufacturing Client 1974,Manufacturing,West,Enterprise,442,2023-03-31
ACC-11974,Real Estate Client 1975,Real Estate,Southwest,Mid-Market,715,2023-10-26
ACC-11975,Software Client 1976,Software,Midwest,SMB,20,2023-03-02
ACC-11976,Finance Client 1977,Finance,West,Enterprise,744,2022-04-02
ACC-11977,Logistics Client 1978,Logistics,Southwest,Mid-Market,366,2022-04-09
ACC-11978,Retail Client 1979,Retail,West,SMB,85,2023-04-24
ACC-11979,Logistics Client 1980,Logistics,Northeast,SMB,38,2023-11-02
ACC-11980,Finance Client 1981,Finance,Northeast,Mid-Market,1250,2024-05-06
ACC-11981,Logistics Client 1982,Logistics,Midwest,Enterprise,1034,2023-02-26
ACC-11982,Software Client 1983,Software,Midwest,SMB,42,2023-03-05
ACC-11983,Education Client 1984,Education,Northeast,SMB,97,2023-09-18
ACC-11984,Logistics Client 1985,Logistics,Southeast,Enterprise,1771,2023-02-03
ACC-11985,Logistics Client 1986,Logistics,Southwest,Enterprise,2068,2024-06-08
ACC-11986,Retail Client 1987,Retail,Northeast,SMB,63,2024-05-11
ACC-11987,Software Client 1988,Software,West,SMB,54,2022-05-07
ACC-11988,Software Client 1989,Software,Southwest,SMB,40,2025-02-24
ACC-11989,Education Client 1990,Education,Northeast,Mid-Market,356,2024-08-14
ACC-11990,Retail Client 1991,Retail,Southeast,SMB,83,2023-10-06
ACC-11991,Healthcare Client 1992,Healthcare,Midwest,SMB,52,2023-05-12
ACC-11992,Healthcare Client 1993,Healthcare,West,SMB,81,2023-08-19
ACC-11993,Healthcare Client 1994,Healthcare,Southeast,SMB,52,2022-07-02
ACC-11994,Manufacturing Client 1995,Manufacturing,West,SMB,187,2024-01-22
ACC-11995,Real Estate Client 1996,Real Estate,Midwest,SMB,87,2022-04-12
ACC-11996,Finance Client 1997,Finance,Midwest,Mid-Market,626,2023-08-14
ACC-11997,Finance Client 1998,Finance,West,SMB,266,2022-03-25
ACC-11998,Software Client 1999,Software,West,Enterprise,1446,2022-09-18
ACC-11999,Finance Client 2000,Finance,Northeast,Mid-Market,416,2023-01-23
ACC-12000,Retail Client 2001,Retail,Northeast,SMB,74,2024-01-08
ACC-12001,Education Client 2002,Education,Southwest,SMB,75,2023-01-20
ACC-12002,Logistics Client 2003,Logistics,Southwest,SMB,96,2023-09-08
ACC-12003,Logistics Client 2004,Logistics,Southwest,Mid-Market,399,2022-12-09
ACC-12004,Finance Client 2005,Finance,Midwest,Mid-Market,259,2022-05-11
ACC-12005,Education Client 2006,Education,Midwest,SMB,70,2024-09-22
ACC-12006,Logistics Client 2007,Logistics,Northeast,SMB,110,2023-07-09
ACC-12007,Education Client 2008,Education,West,Mid-Market,182,2023-12-29
ACC-12008,Real Estate Client 2009,Real Estate,Midwest,Enterprise,1982,2023-10-07
ACC-12009,Healthcare Client 2010,Healthcare,Northeast,SMB,43,2024-11-20
ACC-12010,Logistics Client 2011,Logistics,West,Mid-Market,148,2023-02-18
ACC-12011,Manufacturing Client 2012,Manufacturing,West,Enterprise,1181,2024-10-01
ACC-12012,Real Estate Client 2013,Real Estate,West,Enterprise,1294,2023-12-12
ACC-12013,Education Client 2014,Education,Southeast,Mid-Market,221,2023-03-07
ACC-12014,Healthcare Client 2015,Healthcare,Southeast,Mid-Market,450,2022-06-10
ACC-12015,Finance Client 2016,Finance,Northeast,SMB,44,2022-05-27
ACC-12016,Manufacturing Client 2017,Manufacturing,Northeast,SMB,66,2024-11-22
ACC-12017,Education Client 2018,Education,Midwest,SMB,181,2023-03-07
ACC-12018,Retail Client 2019,Retail,Northeast,Enterprise,900,2022-05-31
ACC-12019,Retail Client 2020,Retail,Midwest,Mid-Market,205,2024-11-13
ACC-12020,Manufacturing Client 2021,Manufacturing,Midwest,SMB,123,2023-08-14
ACC-12021,Logistics Client 2022,Logistics,West,Mid-Market,330,2023-08-14
ACC-12022,Manufacturing Client 2023,Manufacturing,Southwest,Mid-Market,346,2024-05-20
ACC-12023,Manufacturing Client 2024,Manufacturing,Southwest,SMB,68,2022-09-18
ACC-12024,Logistics Client 2025,Logistics,Northeast,Enterprise,1171,2024-02-01
ACC-12025,Retail Client 2026,Retail,Northeast,SMB,148,2022-03-15
ACC-12026,Manufacturing Client 2027,Manufacturing,Midwest,Mid-Market,182,2023-05-25
ACC-12027,Logistics Client 2028,Logistics,Northeast,Mid-Market,292,2022-05-12
ACC-12028,Logistics Client 2029,Logistics,Southeast,Enterprise,464,2024-09-30
ACC-12029,Manufacturing Client 2030,Manufacturing,Midwest,SMB,43,2024-02-17
ACC-12030,Real Estate Client 2031,Real Estate,Southeast,Mid-Market,519,2024-06-04
ACC-12031,Finance Client 2032,Finance,Midwest,Mid-Market,171,2024-08-21
ACC-12032,Healthcare Client 2033,Healthcare,Midwest,SMB,104,2024-09-01
ACC-12033,Logistics Client 2034,Logistics,West,SMB,137,2022-08-04
ACC-12034,Software Client 2035,Software,Southwest,Mid-Market,285,2022-04-06
ACC-12035,Healthcare Client 2036,Healthcare,Southeast,Mid-Market,446,2023-03-13
ACC-12036,Software Client 2037,Software,Northeast,Mid-Market,504,2023-01-03
ACC-12037,Healthcare Client 2038,Healthcare,Northeast,SMB,34,2023-03-06
ACC-12038,Logistics Client 2039,Logistics,Midwest,SMB,57,2022-08-07
ACC-12039,Finance Client 2040,Finance,Southeast,SMB,47,2024-05-05
ACC-12040,Manufacturing Client 2041,Manufacturing,Northeast,SMB,61,2023-01-27
ACC-12041,Finance Client 2042,Finance,Southwest,Mid-Market,235,2023-12-29
ACC-12042,Retail Client 2043,Retail,Southeast,SMB,86,2023-06-21
ACC-12043,Finance Client 2044,Finance,Northeast,SMB,75,2024-04-18
ACC-12044,Manufacturing Client 2045,Manufacturing,Northeast,SMB,210,2024-04-24
ACC-12045,Finance Client 2046,Finance,Southeast,SMB,81,2023-08-28
ACC-12046,Retail Client 2047,Retail,Midwest,SMB,112,2023-02-20
ACC-12047,Education Client 2048,Education,Southeast,Mid-Market,630,2023-11-20
ACC-12048,Software Client 2049,Software,Midwest,SMB,90,2023-10-22
ACC-12049,Healthcare Client 2050,Healthcare,Southwest,Mid-Market,238,2024-03-15
ACC-12050,Education Client 2051,Education,Southwest,Mid-Market,512,2024-06-21
ACC-12051,Education Client 2052,Education,Southwest,Mid-Market,268,2024-10-21
ACC-12052,Software Client 2053,Software,Southeast,SMB,124,2022-09-13
ACC-12053,Logistics Client 2054,Logistics,Southwest,Mid-Market,116,2022-07-25
ACC-12054,Manufacturing Client 2055,Manufacturing,Northeast,Mid-Market,232,2024-05-15
ACC-12055,Retail Client 2056,Retail,Northeast,Enterprise,377,2023-02-05
ACC-12056,Finance Client 2057,Finance,West,SMB,21,2023-01-25
ACC-12057,Logistics Client 2058,Logistics,Midwest,SMB,96,2023-07-05
ACC-12058,Real Estate Client 2059,Real Estate,Southwest,SMB,53,2022-03-25
ACC-12059,Manufacturing Client 2060,Manufacturing,Northeast,Enterprise,971,2024-03-03
ACC-12060,Manufacturing Client 2061,Manufacturing,Southeast,Enterprise,1459,2022-03-13
ACC-12061,Logistics Client 2062,Logistics,West,SMB,99,2022-06-19
ACC-12062,Education Client 2063,Education,Northeast,Enterprise,1822,2022-12-27
ACC-12063,Manufacturing Client 2064,Manufacturing,Southwest,SMB,21,2022-07-25
ACC-12064,Logistics Client 2065,Logistics,Midwest,Mid-Market,364,2023-11-29
ACC-12065,Logistics Client 2066,Logistics,Northeast,Mid-Market,444,2024-07-18
ACC-12066,Education Client 2067,Education,West,Mid-Market,190,2022-11-28
ACC-12067,Real Estate Client 2068,Real Estate,Southeast,Enterprise,424,2023-01-09
ACC-12068,Manufacturing Client 2069,Manufacturing,Midwest,Mid-Market,572,2024-05-29
ACC-12069,Retail Client 2070,Retail,Southeast,Enterprise,1323,2023-04-22
ACC-12070,Software Client 2071,Software,Southwest,Enterprise,443,2024-12-29
ACC-12071,Real Estate Client 2072,Real Estate,Southwest,Mid-Market,110,2022-06-10
ACC-12072,Logistics Client 2073,Logistics,Southeast,SMB,136,2024-09-13
ACC-12073,Real Estate Client 2074,Real Estate,West,SMB,178,2024-03-13
ACC-12074,Manufacturing Client 2075,Manufacturing,Southwest,SMB,85,2022-08-10
ACC-12075,Healthcare Client 2076,Healthcare,Southwest,Mid-Market,168,2023-08-18
ACC-12076,Education Client 2077,Education,Midwest,SMB,67,2024-03-07
ACC-12077,Healthcare Client 2078,Healthcare,Northeast,Mid-Market,135,2023-04-26
ACC-12078,Healthcare Client 2079,Healthcare,Southwest,SMB,58,2022-01-18
ACC-12079,Software Client 2080,Software,Northeast,Mid-Market,361,2023-08-16
ACC-12080,Healthcare Client 2081,Healthcare,Midwest,SMB,61,2023-11-21
ACC-12081,Healthcare Client 2082,Healthcare,West,Mid-Market,194,2023-11-01
ACC-12082,Real Estate Client 2083,Real Estate,Northeast,SMB,117,2024-07-16
ACC-12083,Manufacturing Client 2084,Manufacturing,Midwest,Enterprise,1242,2023-02-23
ACC-12084,Manufacturing Client 2085,Manufacturing,Northeast,SMB,99,2024-08-27
ACC-12085,Software Client 2086,Software,Northeast,SMB,30,2024-10-30
ACC-12086,Real Estate Client 2087,Real Estate,West,Mid-Market,294,2024-06-08
ACC-12087,Real Estate Client 2088,Real Estate,Southwest,SMB,27,2024-01-26
ACC-12088,Retail Client 2089,Retail,Northeast,Enterprise,563,2022-05-23
ACC-12089,Healthcare Client 2090,Healthcare,West,Mid-Market,359,2022-11-27
ACC-12090,Healthcare Client 2091,Healthcare,Southeast,SMB,62,2024-04-09
ACC-12091,Logistics Client 2092,Logistics,Southeast,SMB,55,2023-09-17
ACC-12092,Retail Client 2093,Retail,West,Mid-Market,121,2023-02-28
ACC-12093,Real Estate Client 2094,Real Estate,Midwest,Mid-Market,413,2023-08-18
ACC-12094,Manufacturing Client 2095,Manufacturing,Southeast,SMB,101,2022-02-07
ACC-12095,Logistics Client 2096,Logistics,Midwest,SMB,22,2024-06-17
ACC-12096,Education Client 2097,Education,Southeast,SMB,66,2022-04-03
ACC-12097,Manufacturing Client 2098,Manufacturing,Southeast,SMB,133,2022-10-22
ACC-12098,Education Client 2099,Education,Midwest,SMB,161,2024-04-28
ACC-12099,Software Client 2100,Software,Southwest,Mid-Market,162,2025-01-22
ACC-12100,Logistics Client 2101,Logistics,Southwest,Enterprise,1002,2024-02-24
ACC-12101,Education Client 2102,Education,Southwest,Enterprise,851,2023-01-23
ACC-12102,Logistics Client 2103,Logistics,Southwest,Enterprise,1219,2023-09-06
ACC-12103,Manufacturing Client 2104,Manufacturing,Midwest,Mid-Market,266,2022-11-26
ACC-12104,Manufacturing Client 2105,Manufacturing,Southeast,SMB,103,2023-06-21
ACC-12105,Retail Client 2106,Retail,Midwest,Enterprise,584,2022-12-09
ACC-12106,Healthcare Client 2107,Healthcare,Northeast,Enterprise,711,2023-12-09
ACC-12107,Real Estate Client 2108,Real Estate,Southeast,SMB,110,2024-05-18
ACC-12108,Finance Client 2109,Finance,Southeast,Enterprise,2325,2024-11-14
ACC-12109,Healthcare Client 2110,Healthcare,Southwest,Mid-Market,602,2022-04-02
ACC-12110,Retail Client 2111,Retail,Southeast,Mid-Market,3243,2022-08-25
ACC-12111,Logistics Client 2112,Logistics,Southeast,SMB,63,2023-09-11
ACC-12112,Healthcare Client 2113,Healthcare,Midwest,SMB,51,2022-01-05
ACC-12113,Logistics Client 2114,Logistics,Southeast,Mid-Market,1206,2025-02-17
ACC-12114,Logistics Client 2115,Logistics,Southeast,Mid-Market,560,2022-06-12
ACC-12115,Manufacturing Client 2116,Manufacturing,Midwest,Mid-Market,643,2024-09-08
ACC-12116,Retail Client 2117,Retail,Northeast,SMB,105,2024-04-02
ACC-12117,Manufacturing Client 2118,Manufacturing,West,SMB,24,2023-06-06
ACC-12118,Healthcare Client 2119,Healthcare,Northeast,SMB,66,2022-12-18
ACC-12119,Real Estate Client 2120,Real Estate,Midwest,Mid-Market,557,2024-07-15
ACC-12120,Finance Client 2121,Finance,Midwest,Enterprise,6431,2023-07-01
ACC-12121,Manufacturing Client 2122,Manufacturing,Southwest,Mid-Market,228,2023-01-01
ACC-12122,Retail Client 2123,Retail,Midwest,Mid-Market,242,2023-03-10
ACC-12123,Real Estate Client 2124,Real Estate,Southeast,Enterprise,712,2023-08-16
ACC-12124,Finance Client 2125,Finance,Midwest,SMB,101,2022-02-23
ACC-12125,Healthcare Client 2126,Healthcare,West,SMB,60,2023-08-03
ACC-12126,Retail Client 2127,Retail,Northeast,SMB,42,2024-01-23
ACC-12127,Manufacturing Client 2128,Manufacturing,Southwest,SMB,59,2024-03-30
ACC-12128,Logistics Client 2129,Logistics,Northeast,SMB,135,2024-07-15
ACC-12129,Real Estate Client 2130,Real Estate,Southwest,Mid-Market,673,2022-12-29
ACC-12130,Software Client 2131,Software,Southwest,Mid-Market,305,2022-07-20
ACC-12131,Healthcare Client 2132,Healthcare,Northeast,Mid-Market,161,2022-11-09
ACC-12132,Retail Client 2133,Retail,West,Enterprise,1276,2024-03-09
ACC-12133,Healthcare Client 2134,Healthcare,Midwest,SMB,62,2022-11-23
ACC-12134,Software Client 2135,Software,Southwest,Mid-Market,336,2024-09-26
ACC-12135,Software Client 2136,Software,Northeast,SMB,70,2022-01-17
ACC-12136,Education Client 2137,Education,Southwest,SMB,58,2022-02-01
ACC-12137,Real Estate Client 2138,Real Estate,Northeast,SMB,86,2024-01-04
ACC-12138,Healthcare Client 2139,Healthcare,Midwest,Enterprise,1236,2022-06-08
ACC-12139,Healthcare Client 2140,Healthcare,West,SMB,32,2023-12-01
ACC-12140,Manufacturing Client 2141,Manufacturing,Northeast,Mid-Market,132,2022-08-29
ACC-12141,Education Client 2142,Education,Southeast,SMB,57,2022-10-05
ACC-12142,Logistics Client 2143,Logistics,Northeast,Mid-Market,297,2023-05-05
ACC-12143,Education Client 2144,Education,Southwest,Mid-Market,424,2024-08-28
ACC-12144,Software Client 2145,Software,Southwest,SMB,183,2024-03-08
ACC-12145,Software Client 2146,Software,Midwest,SMB,35,2023-04-28
ACC-12146,Education Client 2147,Education,West,Mid-Market,122,2023-12-09
ACC-12147,Education Client 2148,Education,Northeast,SMB,168,2024-01-24
ACC-12148,Manufacturing Client 2149,Manufacturing,West,SMB,55,2022-06-26
ACC-12149,Education Client 2150,Education,Northeast,SMB,103,2022-03-14
ACC-12150,Healthcare Client 2151,Healthcare,Midwest,Mid-Market,278,2023-04-17
ACC-12151,Manufacturing Client 2152,Manufacturing,Northeast,Enterprise,898,2022-02-20
ACC-12152,Software Client 2153,Software,Northeast,SMB,61,2023-01-17
ACC-12153,Logistics Client 2154,Logistics,West,SMB,170,2024-05-01
ACC-12154,Retail Client 2155,Retail,West,Enterprise,1165,2023-05-30
ACC-12155,Healthcare Client 2156,Healthcare,Northeast,Enterprise,1469,2023-04-29
ACC-12156,Healthcare Client 2157,Healthcare,Southeast,SMB,74,2024-01-01
ACC-12157,Healthcare Client 2158,Healthcare,Southwest,Mid-Market,235,2024-04-29
ACC-12158,Manufacturing Client 2159,Manufacturing,Southwest,SMB,40,2023-08-19
ACC-12159,Retail Client 2160,Retail,Northeast,SMB,83,2022-10-16
ACC-12160,Real Estate Client 2161,Real Estate,West,Enterprise,1746,2023-02-09
ACC-12161,Healthcare Client 2162,Healthcare,Midwest,Enterprise,3120,2023-09-12
ACC-12162,Manufacturing Client 2163,Manufacturing,Southeast,SMB,128,2022-03-02
ACC-12163,Manufacturing Client 2164,Manufacturing,Midwest,SMB,58,2022-08-29
ACC-12164,Manufacturing Client 2165,Manufacturing,Southeast,Mid-Market,615,2023-12-30
ACC-12165,Real Estate Client 2166,Real Estate,Midwest,SMB,181,2023-02-06
ACC-12166,Real Estate Client 2167,Real Estate,West,Enterprise,468,2024-10-13
ACC-12167,Healthcare Client 2168,Healthcare,Northeast,SMB,48,2024-04-01
ACC-12168,Retail Client 2169,Retail,West,Mid-Market,1005,2023-02-05
ACC-12169,Logistics Client 2170,Logistics,Southeast,Enterprise,1475,2023-09-10
ACC-12170,Logistics Client 2171,Logistics,Northeast,Enterprise,948,2023-01-12
ACC-12171,Finance Client 2172,Finance,Northeast,Mid-Market,188,2022-10-13
ACC-12172,Logistics Client 2173,Logistics,Northeast,Mid-Market,245,2023-09-25
ACC-12173,Logistics Client 2174,Logistics,Northeast,Mid-Market,555,2024-07-04
ACC-12174,Manufacturing Client 2175,Manufacturing,Midwest,Mid-Market,315,2024-04-12
ACC-12175,Logistics Client 2176,Logistics,West,SMB,82,2024-07-23
ACC-12176,Logistics Client 2177,Logistics,Southwest,Mid-Market,296,2023-05-07
ACC-12177,Manufacturing Client 2178,Manufacturing,Midwest,SMB,73,2022-12-28
ACC-12178,Healthcare Client 2179,Healthcare,Southwest,Mid-Market,578,2024-10-13
ACC-12179,Software Client 2180,Software,West,Enterprise,705,2023-08-26
ACC-12180,Software Client 2181,Software,West,SMB,53,2023-08-14
ACC-12181,Healthcare Client 2182,Healthcare,Northeast,Enterprise,1824,2023-02-06
ACC-12182,Healthcare Client 2183,Healthcare,Midwest,SMB,92,2023-07-30
ACC-12183,Software Client 2184,Software,Northeast,Enterprise,3889,2023-09-24
ACC-12184,Retail Client 2185,Retail,West,SMB,162,2024-10-27
ACC-12185,Manufacturing Client 2186,Manufacturing,Southeast,SMB,77,2024-07-15
ACC-12186,Logistics Client 2187,Logistics,Southeast,Mid-Market,318,2022-08-08
ACC-12187,Real Estate Client 2188,Real Estate,Northeast,Mid-Market,201,2022-10-18
ACC-12188,Education Client 2189,Education,Southeast,SMB,53,2023-01-24
ACC-12189,Retail Client 2190,Retail,Southwest,Mid-Market,841,2022-08-24
ACC-12190,Retail Client 2191,Retail,Southeast,Mid-Market,566,2022-02-03
ACC-12191,Logistics Client 2192,Logistics,Northeast,Mid-Market,329,2024-02-19
ACC-12192,Real Estate Client 2193,Real Estate,Northeast,Mid-Market,320,2024-04-26
ACC-12193,Retail Client 2194,Retail,Northeast,Mid-Market,408,2024-08-09
ACC-12194,Finance Client 2195,Finance,Southeast,Mid-Market,142,2023-01-19
ACC-12195,Real Estate Client 2196,Real Estate,Midwest,SMB,32,2023-10-04
ACC-12196,Retail Client 2197,Retail,Northeast,Mid-Market,157,2024-03-04
ACC-12197,Education Client 2198,Education,West,Mid-Market,445,2024-11-09
ACC-12198,Education Client 2199,Education,Southwest,SMB,68,2024-06-06
ACC-12199,Education Client 2200,Education,Midwest,Enterprise,1258,2024-03-09
ACC-12200,Education Client 2201,Education,Northeast,SMB,82,2024-03-02
ACC-12201,Real Estate Client 2202,Real Estate,Northeast,Mid-Market,1302,2022-01-10
ACC-12202,Healthcare Client 2203,Healthcare,Northeast,Mid-Market,652,2023-02-27
ACC-12203,Manufacturing Client 2204,Manufacturing,Northeast,Mid-Market,497,2024-09-26
ACC-12204,Finance Client 2205,Finance,Southeast,SMB,90,2024-07-15
ACC-12205,Software Client 2206,Software,Northeast,Mid-Market,232,2024-05-04
ACC-12206,Education Client 2207,Education,Southeast,Enterprise,1225,2024-02-28
ACC-12207,Healthcare Client 2208,Healthcare,Midwest,SMB,103,2023-08-03
ACC-12208,Healthcare Client 2209,Healthcare,Southwest,Mid-Market,368,2023-12-22
ACC-12209,Healthcare Client 2210,Healthcare,Midwest,SMB,162,2024-07-30
ACC-12210,Logistics Client 2211,Logistics,West,SMB,220,2022-09-10
ACC-12211,Real Estate Client 2212,Real Estate,Southeast,Mid-Market,452,2023-03-04
ACC-12212,Retail Client 2213,Retail,Southwest,Mid-Market,310,2023-10-31
ACC-12213,Finance Client 2214,Finance,West,SMB,37,2022-03-01
ACC-12214,Real Estate Client 2215,Real Estate,Southwest,SMB,88,2023-01-12
ACC-12215,Finance Client 2216,Finance,Southwest,SMB,14,2024-07-27
ACC-12216,Logistics Client 2217,Logistics,West,SMB,53,2022-05-27
ACC-12217,Retail Client 2218,Retail,Southeast,SMB,203,2022-01-23
ACC-12218,Real Estate Client 2219,Real Estate,West,Enterprise,1010,2022-05-24
ACC-12219,Logistics Client 2220,Logistics,Southwest,Mid-Market,253,2022-12-14
ACC-12220,Manufacturing Client 2221,Manufacturing,Northeast,SMB,53,2023-11-22
ACC-12221,Education Client 2222,Education,Southwest,Mid-Market,738,2022-04-05
ACC-12222,Logistics Client 2223,Logistics,Southeast,Mid-Market,344,2024-05-17
ACC-12223,Software Client 2224,Software,Northeast,SMB,90,2022-04-23
ACC-12224,Manufacturing Client 2225,Manufacturing,Midwest,SMB,46,2024-09-15
ACC-12225,Healthcare Client 2226,Healthcare,Southeast,SMB,145,2023-01-12
ACC-12226,Software Client 2227,Software,Northeast,Mid-Market,397,2024-08-18
ACC-12227,Manufacturing Client 2228,Manufacturing,Southeast,Enterprise,852,2022-10-12
ACC-12228,Manufacturing Client 2229,Manufacturing,Southwest,Enterprise,702,2024-01-13
ACC-12229,Logistics Client 2230,Logistics,Southeast,SMB,90,2022-10-13
ACC-12230,Finance Client 2231,Finance,Southeast,SMB,32,2024-08-09
ACC-12231,Finance Client 2232,Finance,Northeast,Mid-Market,388,2023-02-08
ACC-12232,Software Client 2233,Software,Northeast,SMB,20,2023-05-12
ACC-12233,Logistics Client 2234,Logistics,Southwest,SMB,108,2022-11-04
ACC-12234,Manufacturing Client 2235,Manufacturing,Northeast,SMB,140,2025-01-12
ACC-12235,Logistics Client 2236,Logistics,Southeast,SMB,45,2022-08-05
ACC-12236,Healthcare Client 2237,Healthcare,Northeast,Mid-Market,431,2024-10-15
ACC-12237,Education Client 2238,Education,Northeast,Enterprise,1353,2025-01-13
ACC-12238,Education Client 2239,Education,Southwest,SMB,79,2022-11-19
ACC-12239,Education Client 2240,Education,Southwest,Mid-Market,301,2024-08-16
ACC-12240,Real Estate Client 2241,Real Estate,West,SMB,96,2024-12-28
ACC-12241,Finance Client 2242,Finance,Northeast,Mid-Market,189,2024-03-12
ACC-12242,Software Client 2243,Software,Southwest,Enterprise,1076,2023-08-24
ACC-12243,Finance Client 2244,Finance,Northeast,Enterprise,1542,2024-02-24
ACC-12244,Real Estate Client 2245,Real Estate,Midwest,SMB,106,2022-08-02
ACC-12245,Retail Client 2246,Retail,Midwest,Mid-Market,223,2023-06-17
ACC-12246,Real Estate Client 2247,Real Estate,Midwest,SMB,93,2024-07-30
ACC-12247,Retail Client 2248,Retail,Northeast,SMB,62,2022-02-18
ACC-12248,Real Estate Client 2249,Real Estate,Northeast,SMB,28,2022-02-17
ACC-12249,Real Estate Client 2250,Real Estate,Southwest,SMB,32,2022-05-13
ACC-12250,Retail Client 2251,Retail,Southwest,Mid-Market,72,2023-09-04
ACC-12251,Healthcare Client 2252,Healthcare,Southwest,Enterprise,630,2024-11-01
ACC-12252,Education Client 2253,Education,Northeast,SMB,62,2022-04-14
ACC-12253,Finance Client 2254,Finance,Southwest,SMB,82,2024-11-18
ACC-12254,Healthcare Client 2255,Healthcare,Southeast,SMB,60,2023-03-03
ACC-12255,Software Client 2256,Software,Southeast,SMB,34,2024-11-26
ACC-12256,Retail Client 2257,Retail,Northeast,Mid-Market,359,2023-03-24
ACC-12257,Healthcare Client 2258,Healthcare,Midwest,SMB,60,2022-06-22
ACC-12258,Healthcare Client 2259,Healthcare,Southeast,SMB,39,2024-06-16
ACC-12259,Real Estate Client 2260,Real Estate,Northeast,SMB,43,2023-02-04
ACC-12260,Software Client 2261,Software,Midwest,SMB,109,2022-01-03
ACC-12261,Education Client 2262,Education,Midwest,Mid-Market,145,2023-11-27
ACC-12262,Software Client 2263,Software,Midwest,SMB,45,2023-08-03
ACC-12263,Manufacturing Client 2264,Manufacturing,Northeast,Enterprise,1972,2024-06-22
ACC-12264,Healthcare Client 2265,Healthcare,Southwest,Enterprise,3031,2022-12-07
ACC-12265,Software Client 2266,Software,Northeast,SMB,37,2024-12-01
ACC-12266,Retail Client 2267,Retail,Midwest,SMB,99,2022-08-17
ACC-12267,Real Estate Client 2268,Real Estate,Southeast,Enterprise,1765,2024-02-13
ACC-12268,Manufacturing Client 2269,Manufacturing,West,SMB,35,2023-01-02
ACC-12269,Retail Client 2270,Retail,Southeast,SMB,36,2024-11-30
ACC-12270,Logistics Client 2271,Logistics,Southeast,SMB,31,2024-05-26
ACC-12271,Manufacturing Client 2272,Manufacturing,Northeast,Enterprise,1100,2023-05-08
ACC-12272,Healthcare Client 2273,Healthcare,Northeast,Enterprise,443,2024-09-30
ACC-12273,Software Client 2274,Software,Midwest,SMB,153,2024-09-15
ACC-12274,Retail Client 2275,Retail,Southeast,SMB,119,2022-03-19
ACC-12275,Manufacturing Client 2276,Manufacturing,West,Enterprise,2204,2024-04-21
ACC-12276,Finance Client 2277,Finance,Northeast,SMB,294,2024-04-28
ACC-12277,Logistics Client 2278,Logistics,Southwest,Mid-Market,184,2023-07-03
ACC-12278,Healthcare Client 2279,Healthcare,Midwest,Enterprise,2266,2022-09-21
ACC-12279,Logistics Client 2280,Logistics,Southwest,SMB,67,2023-03-07
ACC-12280,Logistics Client 2281,Logistics,Southeast,Enterprise,1153,2024-06-02
ACC-12281,Manufacturing Client 2282,Manufacturing,Midwest,SMB,63,2024-10-06
ACC-12282,Healthcare Client 2283,Healthcare,Southeast,Mid-Market,224,2024-04-22
ACC-12283,Retail Client 2284,Retail,Midwest,Mid-Market,256,2024-06-07
ACC-12284,Real Estate Client 2285,Real Estate,Southwest,Enterprise,754,2023-07-17
ACC-12285,Education Client 2286,Education,Southeast,SMB,113,2023-01-25
ACC-12286,Finance Client 2287,Finance,Southwest,Enterprise,2277,2022-05-01
ACC-12287,Healthcare Client 2288,Healthcare,Southeast,SMB,67,2022-12-31
ACC-12288,Healthcare Client 2289,Healthcare,Midwest,Enterprise,1179,2024-12-03
ACC-12289,Logistics Client 2290,Logistics,Southeast,Mid-Market,265,2022-07-21
ACC-12290,Logistics Client 2291,Logistics,Southwest,SMB,60,2022-06-16
ACC-12291,Healthcare Client 2292,Healthcare,Southeast,Enterprise,1081,2022-07-12
ACC-12292,Retail Client 2293,Retail,West,Mid-Market,744,2022-04-04
ACC-12293,Finance Client 2294,Finance,Northeast,SMB,61,2024-01-30
ACC-12294,Manufacturing Client 2295,Manufacturing,Midwest,Mid-Market,274,2024-03-24
ACC-12295,Finance Client 2296,Finance,Southwest,Enterprise,431,2022-01-31
ACC-12296,Healthcare Client 2297,Healthcare,Midwest,SMB,36,2022-04-09
ACC-12297,Healthcare Client 2298,Healthcare,Northeast,Mid-Market,335,2023-05-12
ACC-12298,Logistics Client 2299,Logistics,West,Mid-Market,348,2023-04-12
ACC-12299,Healthcare Client 2300,Healthcare,West,Mid-Market,243,2024-10-11
ACC-12300,Real Estate Client 2301,Real Estate,West,Mid-Market,337,2022-04-11
ACC-12301,Finance Client 2302,Finance,West,Mid-Market,215,2022-07-14
ACC-12302,Real Estate Client 2303,Real Estate,Southwest,SMB,89,2023-01-04
ACC-12303,Education Client 2304,Education,Southwest,SMB,196,2025-02-10
ACC-12304,Retail Client 2305,Retail,West,Mid-Market,122,2024-11-15
ACC-12305,Education Client 2306,Education,Southeast,Mid-Market,266,2025-01-21
ACC-12306,Healthcare Client 2307,Healthcare,Southwest,Mid-Market,920,2023-02-12
ACC-12307,Manufacturing Client 2308,Manufacturing,Midwest,SMB,31,2024-10-18
ACC-12308,Education Client 2309,Education,Southeast,Mid-Market,117,2023-12-14
ACC-12309,Healthcare Client 2310,Healthcare,Southeast,Mid-Market,369,2023-06-08
ACC-12310,Education Client 2311,Education,Northeast,SMB,77,2022-01-04
ACC-12311,Software Client 2312,Software,Northeast,SMB,37,2024-11-25
ACC-12312,Finance Client 2313,Finance,Southeast,SMB,318,2023-03-18
ACC-12313,Healthcare Client 2314,Healthcare,Southeast,Enterprise,3807,2023-09-03
ACC-12314,Finance Client 2315,Finance,Midwest,SMB,173,2022-07-09
ACC-12315,Retail Client 2316,Retail,Northeast,SMB,232,2022-02-12
ACC-12316,Retail Client 2317,Retail,Midwest,Mid-Market,507,2023-09-26
ACC-12317,Real Estate Client 2318,Real Estate,Southwest,SMB,84,2024-08-09
ACC-12318,Retail Client 2319,Retail,Northeast,Enterprise,1128,2023-11-03
ACC-12319,Real Estate Client 2320,Real Estate,Northeast,SMB,48,2023-09-08
ACC-12320,Software Client 2321,Software,Southeast,SMB,157,2022-07-07
ACC-12321,Education Client 2322,Education,West,Mid-Market,260,2024-12-13
ACC-12322,Manufacturing Client 2323,Manufacturing,Northeast,SMB,84,2023-07-21
ACC-12323,Logistics Client 2324,Logistics,Southeast,SMB,160,2022-05-06
ACC-12324,Retail Client 2325,Retail,Southeast,Mid-Market,464,2024-01-16
ACC-12325,Healthcare Client 2326,Healthcare,Southeast,SMB,53,2023-02-10
ACC-12326,Software Client 2327,Software,Northeast,Mid-Market,210,2022-02-23
ACC-12327,Education Client 2328,Education,West,Enterprise,1906,2024-03-10
ACC-12328,Healthcare Client 2329,Healthcare,West,Enterprise,971,2022-01-09
ACC-12329,Real Estate Client 2330,Real Estate,Southeast,Enterprise,1960,2024-03-05
ACC-12330,Real Estate Client 2331,Real Estate,Southwest,Enterprise,486,2023-07-03
ACC-12331,Real Estate Client 2332,Real Estate,Midwest,SMB,78,2025-01-07
ACC-12332,Finance Client 2333,Finance,Southeast,Enterprise,2195,2024-12-05
ACC-12333,Education Client 2334,Education,Northeast,Enterprise,2242,2024-12-23
ACC-12334,Retail Client 2335,Retail,Southwest,Enterprise,786,2022-05-26
ACC-12335,Healthcare Client 2336,Healthcare,Southwest,Enterprise,1108,2024-03-08
ACC-12336,Real Estate Client 2337,Real Estate,Southwest,Enterprise,1315,2022-10-14
ACC-12337,Manufacturing Client 2338,Manufacturing,Midwest,Mid-Market,282,2023-06-06
ACC-12338,Retail Client 2339,Retail,Southeast,Mid-Market,1194,2023-10-31
ACC-12339,Logistics Client 2340,Logistics,West,SMB,216,2022-10-19
ACC-12340,Retail Client 2341,Retail,West,SMB,180,2024-08-02
ACC-12341,Finance Client 2342,Finance,Southeast,Mid-Market,239,2023-04-01
ACC-12342,Real Estate Client 2343,Real Estate,Northeast,Mid-Market,209,2024-04-06
ACC-12343,Finance Client 2344,Finance,Southeast,Mid-Market,751,2022-06-02
ACC-12344,Real Estate Client 2345,Real Estate,Southeast,Mid-Market,143,2023-07-13
ACC-12345,Retail Client 2346,Retail,Southeast,Mid-Market,658,2024-09-04
ACC-12346,Finance Client 2347,Finance,Northeast,SMB,144,2022-05-20
ACC-12347,Software Client 2348,Software,Southeast,Enterprise,1014,2024-06-17
ACC-12348,Software Client 2349,Software,West,Mid-Market,287,2024-05-17
ACC-12349,Real Estate Client 2350,Real Estate,Northeast,SMB,48,2024-06-15
ACC-12350,Finance Client 2351,Finance,Southeast,Mid-Market,208,2025-01-22
ACC-12351,Logistics Client 2352,Logistics,Southwest,SMB,194,2023-03-18
ACC-12352,Logistics Client 2353,Logistics,Southwest,Mid-Market,671,2023-05-28
ACC-12353,Software Client 2354,Software,Midwest,Mid-Market,199,2024-09-12
ACC-12354,Software Client 2355,Software,Midwest,SMB,173,2024-07-24
ACC-12355,Healthcare Client 2356,Healthcare,Northeast,Enterprise,2537,2024-05-03
ACC-12356,Logistics Client 2357,Logistics,West,SMB,38,2023-12-11
ACC-12357,Real Estate Client 2358,Real Estate,Midwest,SMB,64,2022-07-26
ACC-12358,Real Estate Client 2359,Real Estate,Midwest,SMB,144,2024-03-20
ACC-12359,Real Estate Client 2360,Real Estate,West,SMB,110,2024-07-26
ACC-12360,Healthcare Client 2361,Healthcare,Midwest,SMB,65,2024-07-27
ACC-12361,Healthcare Client 2362,Healthcare,Southeast,Enterprise,560,2022-09-01
ACC-12362,Finance Client 2363,Finance,Southeast,Mid-Market,265,2024-10-09
ACC-12363,Software Client 2364,Software,Southeast,SMB,106,2024-12-05
ACC-12364,Software Client 2365,Software,Midwest,Mid-Market,561,2024-12-14
ACC-12365,Manufacturing Client 2366,Manufacturing,Midwest,Mid-Market,576,2024-05-15
ACC-12366,Education Client 2367,Education,Southwest,Mid-Market,144,2023-01-16
ACC-12367,Real Estate Client 2368,Real Estate,Northeast,SMB,22,2024-01-11
ACC-12368,Logistics Client 2369,Logistics,Northeast,SMB,50,2023-12-08
ACC-12369,Education Client 2370,Education,West,SMB,78,2022-06-10
ACC-12370,Logistics Client 2371,Logistics,Southeast,Enterprise,720,2023-05-02
ACC-12371,Manufacturing Client 2372,Manufacturing,Midwest,Mid-Market,225,2024-11-17
ACC-12372,Retail Client 2373,Retail,Southwest,SMB,60,2022-04-07
ACC-12373,Real Estate Client 2374,Real Estate,Southeast,SMB,46,2024-10-29
ACC-12374,Real Estate Client 2375,Real Estate,Southwest,Mid-Market,443,2023-01-27
ACC-12375,Software Client 2376,Software,Midwest,SMB,54,2023-02-23
ACC-12376,Retail Client 2377,Retail,Northeast,SMB,139,2022-11-26
ACC-12377,Education Client 2378,Education,Southwest,Mid-Market,195,2024-02-05
ACC-12378,Manufacturing Client 2379,Manufacturing,Northeast,SMB,89,2022-09-11
ACC-12379,Software Client 2380,Software,Southeast,Mid-Market,703,2023-05-08
ACC-12380,Manufacturing Client 2381,Manufacturing,Southwest,Mid-Market,622,2025-01-19
ACC-12381,Manufacturing Client 2382,Manufacturing,Southeast,Mid-Market,267,2022-01-29
ACC-12382,Retail Client 2383,Retail,Southeast,SMB,64,2022-04-08
ACC-12383,Manufacturing Client 2384,Manufacturing,West,SMB,42,2024-05-10
ACC-12384,Logistics Client 2385,Logistics,Southwest,Mid-Market,221,2023-09-26
ACC-12385,Software Client 2386,Software,Southeast,SMB,33,2023-09-15
ACC-12386,Software Client 2387,Software,Midwest,Mid-Market,380,2024-06-05
ACC-12387,Logistics Client 2388,Logistics,Southeast,Mid-Market,318,2022-10-31
ACC-12388,Logistics Client 2389,Logistics,West,Enterprise,1177,2025-01-27
ACC-12389,Education Client 2390,Education,Southeast,SMB,138,2022-04-06
ACC-12390,Logistics Client 2391,Logistics,Southwest,Mid-Market,215,2022-04-26
ACC-12391,Finance Client 2392,Finance,West,SMB,119,2022-01-15
ACC-12392,Retail Client 2393,Retail,West,SMB,49,2023-01-31
ACC-12393,Real Estate Client 2394,Real Estate,Southwest,Enterprise,829,2022-05-20
ACC-12394,Healthcare Client 2395,Healthcare,Southwest,SMB,126,2023-01-31
ACC-12395,Real Estate Client 2396,Real Estate,Midwest,SMB,84,2024-12-22
ACC-12396,Manufacturing Client 2397,Manufacturing,West,Enterprise,728,2022-09-30
ACC-12397,Real Estate Client 2398,Real Estate,Southwest,Enterprise,2040,2024-04-29
ACC-12398,Healthcare Client 2399,Healthcare,West,Enterprise,1460,2023-02-02
ACC-12399,Real Estate Client 2400,Real Estate,West,SMB,30,2024-08-30
ACC-12400,Healthcare Client 2401,Healthcare,West,SMB,192,2024-07-26
ACC-12401,Logistics Client 2402,Logistics,Northeast,Mid-Market,505,2024-04-21
ACC-12402,Retail Client 2403,Retail,Northeast,SMB,57,2024-02-27
ACC-12403,Healthcare Client 2404,Healthcare,Midwest,Enterprise,2291,2023-07-12
ACC-12404,Education Client 2405,Education,Southwest,SMB,99,2025-01-19
ACC-12405,Healthcare Client 2406,Healthcare,Midwest,Enterprise,1187,2022-07-17
ACC-12406,Finance Client 2407,Finance,Midwest,Enterprise,705,2023-11-03
ACC-12407,Finance Client 2408,Finance,West,Mid-Market,437,2024-08-25
ACC-12408,Software Client 2409,Software,Midwest,SMB,63,2022-03-20
ACC-12409,Education Client 2410,Education,Midwest,Mid-Market,213,2023-11-24
ACC-12410,Software Client 2411,Software,Midwest,Mid-Market,764,2024-05-30
ACC-12411,Finance Client 2412,Finance,Midwest,SMB,62,2023-08-28
ACC-12412,Healthcare Client 2413,Healthcare,Southwest,SMB,63,2025-01-04
ACC-12413,Real Estate Client 2414,Real Estate,West,SMB,153,2024-11-23
ACC-12414,Logistics Client 2415,Logistics,Southeast,Enterprise,826,2022-07-27
ACC-12415,Manufacturing Client 2416,Manufacturing,Southwest,Mid-Market,237,2022-08-20
ACC-12416,Manufacturing Client 2417,Manufacturing,Southwest,SMB,40,2024-08-02
ACC-12417,Software Client 2418,Software,West,SMB,250,2023-07-25
ACC-12418,Healthcare Client 2419,Healthcare,Midwest,SMB,75,2022-12-11
ACC-12419,Software Client 2420,Software,Southeast,Mid-Market,467,2023-05-09
ACC-12420,Retail Client 2421,Retail,Southwest,Mid-Market,911,2025-01-06
ACC-12421,Retail Client 2422,Retail,Northeast,SMB,149,2025-02-04
ACC-12422,Finance Client 2423,Finance,Southwest,SMB,126,2022-06-03
ACC-12423,Retail Client 2424,Retail,Southeast,SMB,59,2023-08-23
ACC-12424,Real Estate Client 2425,Real Estate,Northeast,SMB,44,2023-10-01
ACC-12425,Education Client 2426,Education,Southwest,SMB,25,2024-06-14
ACC-12426,Manufacturing Client 2427,Manufacturing,Midwest,Enterprise,1331,2024-06-20
ACC-12427,Finance Client 2428,Finance,Northeast,SMB,51,2024-04-20
ACC-12428,Finance Client 2429,Finance,West,SMB,54,2023-04-11
ACC-12429,Manufacturing Client 2430,Manufacturing,Southeast,SMB,82,2024-10-24
ACC-12430,Software Client 2431,Software,Northeast,SMB,227,2023-09-19
ACC-12431,Logistics Client 2432,Logistics,Midwest,SMB,75,2023-09-27
ACC-12432,Real Estate Client 2433,Real Estate,Southwest,SMB,134,2023-08-04
ACC-12433,Manufacturing Client 2434,Manufacturing,Northeast,Mid-Market,394,2022-05-09
ACC-12434,Software Client 2435,Software,Southwest,SMB,68,2023-10-22
ACC-12435,Retail Client 2436,Retail,Southwest,SMB,76,2024-03-03
ACC-12436,Real Estate Client 2437,Real Estate,Southeast,Mid-Market,244,2024-09-24
ACC-12437,Education Client 2438,Education,Northeast,SMB,139,2022-04-28
ACC-12438,Education Client 2439,Education,Southwest,SMB,21,2022-01-07
ACC-12439,Healthcare Client 2440,Healthcare,Southwest,SMB,75,2024-10-22
ACC-12440,Retail Client 2441,Retail,West,SMB,29,2024-07-02
ACC-12441,Real Estate Client 2442,Real Estate,Southeast,SMB,50,2024-08-11
ACC-12442,Software Client 2443,Software,Southwest,Enterprise,307,2024-02-02
ACC-12443,Healthcare Client 2444,Healthcare,Southeast,Mid-Market,196,2022-03-23
ACC-12444,Manufacturing Client 2445,Manufacturing,Midwest,SMB,75,2024-04-07
ACC-12445,Finance Client 2446,Finance,Midwest,SMB,33,2024-09-15
ACC-12446,Real Estate Client 2447,Real Estate,Northeast,Mid-Market,158,2022-05-22
ACC-12447,Software Client 2448,Software,Southwest,SMB,111,2022-03-10
ACC-12448,Finance Client 2449,Finance,Southwest,Mid-Market,473,2022-02-22
ACC-12449,Logistics Client 2450,Logistics,West,Mid-Market,283,2023-12-05
ACC-12450,Logistics Client 2451,Logistics,Southeast,Mid-Market,109,2022-02-19
ACC-12451,Software Client 2452,Software,Midwest,Enterprise,643,2023-09-02
ACC-12452,Retail Client 2453,Retail,Southeast,SMB,34,2023-12-07
ACC-12453,Real Estate Client 2454,Real Estate,West,Mid-Market,94,2023-05-03
ACC-12454,Software Client 2455,Software,Midwest,SMB,81,2024-07-08
ACC-12455,Finance Client 2456,Finance,West,SMB,26,2024-02-03
ACC-12456,Real Estate Client 2457,Real Estate,Northeast,Mid-Market,632,2023-01-19
ACC-12457,Software Client 2458,Software,Northeast,SMB,64,2022-08-21
ACC-12458,Education Client 2459,Education,Midwest,Mid-Market,281,2025-01-12
ACC-12459,Finance Client 2460,Finance,Southwest,Mid-Market,326,2023-03-11
ACC-12460,Software Client 2461,Software,Midwest,Enterprise,754,2023-02-02
ACC-12461,Education Client 2462,Education,Southeast,SMB,51,2022-08-29
ACC-12462,Manufacturing Client 2463,Manufacturing,West,Mid-Market,255,2024-03-14
ACC-12463,Software Client 2464,Software,West,SMB,59,2023-01-14
ACC-12464,Software Client 2465,Software,Northeast,Enterprise,668,2022-11-09
ACC-12465,Retail Client 2466,Retail,Southwest,Enterprise,856,2023-01-31
ACC-12466,Finance Client 2467,Finance,Northeast,Mid-Market,762,2024-08-11
ACC-12467,Education Client 2468,Education,Midwest,Mid-Market,762,2024-05-11
ACC-12468,Education Client 2469,Education,West,SMB,43,2023-07-09
ACC-12469,Real Estate Client 2470,Real Estate,West,SMB,61,2025-01-21
ACC-12470,Logistics Client 2471,Logistics,Northeast,SMB,119,2023-01-17
ACC-12471,Retail Client 2472,Retail,Southeast,Mid-Market,409,2023-08-25
ACC-12472,Retail Client 2473,Retail,Northeast,Enterprise,851,2024-05-07
ACC-12473,Software Client 2474,Software,West,Enterprise,865,2024-06-22
ACC-12474,Logistics Client 2475,Logistics,West,Mid-Market,376,2023-08-09
ACC-12475,Real Estate Client 2476,Real Estate,Midwest,Enterprise,932,2024-12-20
ACC-12476,Logistics Client 2477,Logistics,West,SMB,73,2025-01-29
ACC-12477,Logistics Client 2478,Logistics,West,SMB,111,2023-09-05
ACC-12478,Logistics Client 2479,Logistics,Southeast,SMB,207,2023-01-03
ACC-12479,Retail Client 2480,Retail,Northeast,SMB,52,2024-07-07
ACC-12480,Manufacturing Client 2481,Manufacturing,Midwest,SMB,108,2024-03-01
ACC-12481,Finance Client 2482,Finance,Southwest,Mid-Market,407,2025-02-19
ACC-12482,Logistics Client 2483,Logistics,Southeast,Mid-Market,512,2024-03-27
ACC-12483,Logistics Client 2484,Logistics,Northeast,Enterprise,1529,2023-01-11
ACC-12484,Education Client 2485,Education,Northeast,Enterprise,714,2023-10-31
ACC-12485,Healthcare Client 2486,Healthcare,Southeast,SMB,59,2025-02-01
ACC-12486,Education Client 2487,Education,West,Mid-Market,309,2024-12-22
ACC-12487,Real Estate Client 2488,Real Estate,Northeast,Mid-Market,355,2023-06-16
ACC-12488,Healthcare Client 2489,Healthcare,Midwest,SMB,58,2023-08-06
ACC-12489,Education Client 2490,Education,West,SMB,18,2024-06-22
ACC-12490,Retail Client 2491,Retail,West,SMB,45,2024-04-14
ACC-12491,Manufacturing Client 2492,Manufacturing,Southwest,SMB,173,2024-07-01
ACC-12492,Healthcare Client 2493,Healthcare,Southeast,SMB,43,2023-01-31
ACC-12493,Healthcare Client 2494,Healthcare,Southwest,SMB,39,2025-01-04
ACC-12494,Education Client 2495,Education,Northeast,SMB,26,2024-10-15
ACC-12495,Education Client 2496,Education,Southwest,SMB,30,2024-05-06
ACC-12496,Software Client 2497,Software,West,SMB,105,2025-01-09
ACC-12497,Real Estate Client 2498,Real Estate,West,Enterprise,1029,2023-08-03
ACC-12498,Finance Client 2499,Finance,Southeast,Mid-Market,282,2023-11-08
ACC-12499,Software Client 2500,Software,Midwest,SMB,53,2024-08-21
ACC-12500,Retail Client 2501,Retail,West,Mid-Market,444,2022-12-26
ACC-12501,Finance Client 2502,Finance,Southeast,SMB,139,2024-04-09
ACC-12502,Manufacturing Client 2503,Manufacturing,Midwest,Mid-Market,325,2024-04-13
ACC-12503,Logistics Client 2504,Logistics,Southeast,SMB,60,2024-12-24
ACC-12504,Real Estate Client 2505,Real Estate,Midwest,Mid-Market,581,2022-08-21
ACC-12505,Logistics Client 2506,Logistics,Northeast,Mid-Market,170,2022-06-25
ACC-12506,Finance Client 2507,Finance,Southeast,SMB,57,2023-08-24
ACC-12507,Healthcare Client 2508,Healthcare,Northeast,Mid-Market,169,2024-12-03
ACC-12508,Finance Client 2509,Finance,Southwest,SMB,45,2024-10-24
ACC-12509,Education Client 2510,Education,Southwest,Enterprise,766,2022-04-07
ACC-12510,Real Estate Client 2511,Real Estate,Southwest,Mid-Market,267,2024-05-24
ACC-12511,Logistics Client 2512,Logistics,Southeast,Mid-Market,189,2023-06-04
ACC-12512,Real Estate Client 2513,Real Estate,West,SMB,106,2022-04-19
ACC-12513,Healthcare Client 2514,Healthcare,West,Mid-Market,404,2022-01-29
ACC-12514,Logistics Client 2515,Logistics,Southwest,SMB,51,2023-05-01
ACC-12515,Real Estate Client 2516,Real Estate,West,Mid-Market,201,2022-03-17
ACC-12516,Healthcare Client 2517,Healthcare,Midwest,Mid-Market,320,2024-01-27
ACC-12517,Finance Client 2518,Finance,Northeast,Mid-Market,402,2024-03-04
ACC-12518,Retail Client 2519,Retail,Southeast,SMB,69,2022-10-01
ACC-12519,Retail Client 2520,Retail,West,Mid-Market,265,2024-02-06
ACC-12520,Logistics Client 2521,Logistics,Northeast,Mid-Market,186,2024-01-10
ACC-12521,Education Client 2522,Education,Southwest,SMB,44,2024-07-15
ACC-12522,Manufacturing Client 2523,Manufacturing,Midwest,SMB,95,2022-08-23
ACC-12523,Real Estate Client 2524,Real Estate,Southwest,Enterprise,1508,2023-05-04
ACC-12524,Finance Client 2525,Finance,Southeast,Mid-Market,379,2023-01-04
ACC-12525,Finance Client 2526,Finance,West,Mid-Market,277,2022-09-12
ACC-12526,Healthcare Client 2527,Healthcare,Northeast,Enterprise,1401,2022-06-15
ACC-12527,Software Client 2528,Software,Southeast,SMB,102,2022-10-21
ACC-12528,Healthcare Client 2529,Healthcare,Midwest,SMB,38,2024-11-28
ACC-12529,Software Client 2530,Software,Southeast,Mid-Market,230,2024-12-28
ACC-12530,Retail Client 2531,Retail,West,Mid-Market,109,2023-10-08
ACC-12531,Logistics Client 2532,Logistics,Midwest,Enterprise,1621,2024-07-03
ACC-12532,Education Client 2533,Education,Northeast,Mid-Market,287,2023-08-18
ACC-12533,Manufacturing Client 2534,Manufacturing,Northeast,Mid-Market,158,2025-02-21
ACC-12534,Finance Client 2535,Finance,Northeast,Mid-Market,368,2022-05-20
ACC-12535,Manufacturing Client 2536,Manufacturing,Northeast,SMB,50,2022-05-16
ACC-12536,Manufacturing Client 2537,Manufacturing,West,Mid-Market,112,2024-03-10
ACC-12537,Retail Client 2538,Retail,Southwest,SMB,161,2024-11-25
ACC-12538,Manufacturing Client 2539,Manufacturing,Midwest,SMB,93,2024-11-16
ACC-12539,Software Client 2540,Software,Southwest,SMB,217,2023-07-11
ACC-12540,Real Estate Client 2541,Real Estate,Southwest,Enterprise,1309,2024-11-22
ACC-12541,Education Client 2542,Education,Northeast,Mid-Market,394,2022-10-11
ACC-12542,Education Client 2543,Education,Midwest,Mid-Market,197,2024-11-11
ACC-12543,Retail Client 2544,Retail,Midwest,Mid-Market,265,2024-05-24
ACC-12544,Finance Client 2545,Finance,West,Mid-Market,214,2022-08-08
ACC-12545,Manufacturing Client 2546,Manufacturing,West,Enterprise,3122,2022-04-20
ACC-12546,Finance Client 2547,Finance,Midwest,SMB,88,2023-09-05
ACC-12547,Real Estate Client 2548,Real Estate,Southwest,SMB,93,2024-12-11
ACC-12548,Retail Client 2549,Retail,Midwest,SMB,76,2025-01-14
ACC-12549,Software Client 2550,Software,Southwest,Mid-Market,690,2022-05-06
ACC-12550,Real Estate Client 2551,Real Estate,West,Enterprise,877,2022-02-27
ACC-12551,Retail Client 2552,Retail,West,SMB,93,2024-12-10
ACC-12552,Manufacturing Client 2553,Manufacturing,Southeast,SMB,38,2024-05-03
ACC-12553,Finance Client 2554,Finance,West,Enterprise,958,2023-08-19
ACC-12554,Real Estate Client 2555,Real Estate,Midwest,SMB,69,2024-10-25
ACC-12555,Education Client 2556,Education,Northeast,Enterprise,929,2023-07-03
ACC-12556,Retail Client 2557,Retail,Midwest,Enterprise,1696,2024-03-07
ACC-12557,Manufacturing Client 2558,Manufacturing,Southeast,SMB,36,2022-10-19
ACC-12558,Retail Client 2559,Retail,Northeast,Mid-Market,574,2022-03-29
ACC-12559,Finance Client 2560,Finance,West,SMB,56,2023-09-19
ACC-12560,Manufacturing Client 2561,Manufacturing,Southwest,Mid-Market,268,2022-04-01
ACC-12561,Healthcare Client 2562,Healthcare,Southeast,Mid-Market,303,2022-10-21
ACC-12562,Finance Client 2563,Finance,Southeast,Enterprise,984,2023-01-08
ACC-12563,Healthcare Client 2564,Healthcare,Midwest,Mid-Market,267,2022-07-17
ACC-12564,Finance Client 2565,Finance,Southwest,Enterprise,800,2023-12-26
ACC-12565,Healthcare Client 2566,Healthcare,Northeast,Enterprise,524,2024-02-24
ACC-12566,Retail Client 2567,Retail,Southeast,Mid-Market,501,2023-10-27
ACC-12567,Retail Client 2568,Retail,Southeast,Mid-Market,424,2024-03-05
ACC-12568,Logistics Client 2569,Logistics,Northeast,SMB,92,2023-04-16
ACC-12569,Education Client 2570,Education,Southeast,SMB,60,2022-01-03
ACC-12570,Education Client 2571,Education,West,Mid-Market,144,2024-09-02
ACC-12571,Logistics Client 2572,Logistics,Southeast,Mid-Market,225,2022-04-21
ACC-12572,Software Client 2573,Software,Northeast,Mid-Market,249,2022-12-27
ACC-12573,Finance Client 2574,Finance,West,SMB,118,2022-02-24
ACC-12574,Education Client 2575,Education,Northeast,SMB,153,2023-08-11
ACC-12575,Education Client 2576,Education,Southwest,SMB,78,2023-08-11
ACC-12576,Manufacturing Client 2577,Manufacturing,Northeast,Mid-Market,585,2024-05-22
ACC-12577,Education Client 2578,Education,Midwest,SMB,95,2024-12-25
ACC-12578,Retail Client 2579,Retail,West,Mid-Market,620,2023-07-12
ACC-12579,Manufacturing Client 2580,Manufacturing,Southeast,SMB,62,2022-05-07
ACC-12580,Manufacturing Client 2581,Manufacturing,Northeast,Mid-Market,357,2023-03-24
ACC-12581,Manufacturing Client 2582,Manufacturing,Southwest,Enterprise,1663,2023-12-26
ACC-12582,Retail Client 2583,Retail,Northeast,SMB,53,2024-07-03
ACC-12583,Real Estate Client 2584,Real Estate,West,SMB,51,2023-04-29
ACC-12584,Software Client 2585,Software,Midwest,Enterprise,573,2025-01-27
ACC-12585,Logistics Client 2586,Logistics,Southwest,SMB,107,2022-12-23
ACC-12586,Healthcare Client 2587,Healthcare,Southwest,Mid-Market,351,2024-05-15
ACC-12587,Retail Client 2588,Retail,Midwest,Mid-Market,498,2024-05-09
ACC-12588,Finance Client 2589,Finance,Northeast,SMB,74,2023-07-10
ACC-12589,Manufacturing Client 2590,Manufacturing,Southeast,Mid-Market,395,2022-10-06
ACC-12590,Healthcare Client 2591,Healthcare,Northeast,Mid-Market,350,2023-12-30
ACC-12591,Logistics Client 2592,Logistics,Southwest,Mid-Market,257,2024-10-24
ACC-12592,Manufacturing Client 2593,Manufacturing,Southwest,Enterprise,439,2022-12-11
ACC-12593,Manufacturing Client 2594,Manufacturing,Southeast,Enterprise,728,2024-09-04
ACC-12594,Healthcare Client 2595,Healthcare,Midwest,SMB,96,2022-08-16
ACC-12595,Finance Client 2596,Finance,Midwest,SMB,91,2024-08-15
ACC-12596,Software Client 2597,Software,West,Mid-Market,329,2024-07-11
ACC-12597,Software Client 2598,Software,West,Mid-Market,145,2024-10-17
ACC-12598,Finance Client 2599,Finance,Midwest,SMB,106,2023-06-04
ACC-12599,Logistics Client 2600,Logistics,Midwest,SMB,54,2024-08-18
ACC-12600,Logistics Client 2601,Logistics,Southwest,SMB,41,2024-06-16
ACC-12601,Healthcare Client 2602,Healthcare,Southeast,SMB,63,2023-04-18
ACC-12602,Healthcare Client 2603,Healthcare,Midwest,SMB,51,2024-04-30
ACC-12603,Education Client 2604,Education,Northeast,SMB,317,2022-08-28
ACC-12604,Software Client 2605,Software,Northeast,SMB,95,2023-09-04
ACC-12605,Finance Client 2606,Finance,West,Enterprise,667,2023-08-29
ACC-12606,Logistics Client 2607,Logistics,Southwest,Enterprise,482,2024-05-29
ACC-12607,Manufacturing Client 2608,Manufacturing,Southwest,Enterprise,1207,2023-07-27
ACC-12608,Real Estate Client 2609,Real Estate,Southwest,Mid-Market,578,2023-08-11
ACC-12609,Logistics Client 2610,Logistics,Southwest,SMB,38,2023-03-14
ACC-12610,Healthcare Client 2611,Healthcare,Southeast,Enterprise,1554,2022-01-30
ACC-12611,Manufacturing Client 2612,Manufacturing,Midwest,Mid-Market,587,2025-02-10
ACC-12612,Logistics Client 2613,Logistics,Southwest,Mid-Market,525,2024-09-02
ACC-12613,Finance Client 2614,Finance,West,Mid-Market,425,2023-01-25
ACC-12614,Finance Client 2615,Finance,West,Mid-Market,450,2023-12-18
ACC-12615,Software Client 2616,Software,Northeast,Enterprise,1275,2024-10-02
ACC-12616,Healthcare Client 2617,Healthcare,Southwest,SMB,109,2022-11-13
ACC-12617,Real Estate Client 2618,Real Estate,Midwest,Enterprise,501,2023-01-13
ACC-12618,Healthcare Client 2619,Healthcare,Southeast,SMB,51,2022-12-21
ACC-12619,Manufacturing Client 2620,Manufacturing,Southwest,SMB,87,2024-06-17
ACC-12620,Finance Client 2621,Finance,Southwest,Mid-Market,277,2025-01-25
ACC-12621,Software Client 2622,Software,West,Mid-Market,287,2023-05-26
ACC-12622,Real Estate Client 2623,Real Estate,West,Enterprise,1818,2023-09-22
ACC-12623,Education Client 2624,Education,Southeast,Mid-Market,143,2024-02-15
ACC-12624,Logistics Client 2625,Logistics,Southwest,Mid-Market,332,2022-01-06
ACC-12625,Healthcare Client 2626,Healthcare,Southwest,SMB,121,2024-04-08
ACC-12626,Retail Client 2627,Retail,Northeast,Mid-Market,156,2023-05-06
ACC-12627,Logistics Client 2628,Logistics,West,Enterprise,1168,2022-10-21
ACC-12628,Manufacturing Client 2629,Manufacturing,Southwest,Mid-Market,1380,2023-11-14
ACC-12629,Software Client 2630,Software,Northeast,Mid-Market,180,2022-05-30
ACC-12630,Healthcare Client 2631,Healthcare,Southeast,Mid-Market,431,2024-11-07
ACC-12631,Education Client 2632,Education,Southeast,SMB,42,2022-04-01
ACC-12632,Software Client 2633,Software,Southeast,SMB,45,2025-01-05
ACC-12633,Finance Client 2634,Finance,Northeast,SMB,128,2022-09-19
ACC-12634,Software Client 2635,Software,Midwest,Mid-Market,301,2023-04-28
ACC-12635,Finance Client 2636,Finance,Northeast,Enterprise,1437,2022-03-29
ACC-12636,Manufacturing Client 2637,Manufacturing,Southwest,Mid-Market,496,2024-01-06
ACC-12637,Real Estate Client 2638,Real Estate,Southeast,SMB,36,2024-12-19
ACC-12638,Software Client 2639,Software,Midwest,SMB,45,2024-05-19
ACC-12639,Real Estate Client 2640,Real Estate,Southeast,SMB,107,2024-07-04
ACC-12640,Healthcare Client 2641,Healthcare,Southeast,SMB,46,2022-07-08
ACC-12641,Retail Client 2642,Retail,West,SMB,156,2025-01-03
ACC-12642,Finance Client 2643,Finance,Midwest,SMB,100,2024-08-11
ACC-12643,Logistics Client 2644,Logistics,Southwest,SMB,66,2022-07-24
ACC-12644,Healthcare Client 2645,Healthcare,West,SMB,81,2023-01-28
ACC-12645,Software Client 2646,Software,West,Enterprise,448,2024-05-07
ACC-12646,Logistics Client 2647,Logistics,Southeast,Mid-Market,292,2024-04-05
ACC-12647,Logistics Client 2648,Logistics,West,Mid-Market,382,2024-05-29
ACC-12648,Software Client 2649,Software,Northeast,SMB,54,2024-08-10
ACC-12649,Manufacturing Client 2650,Manufacturing,Southeast,SMB,70,2024-05-19
ACC-12650,Software Client 2651,Software,Northeast,SMB,46,2023-12-15
ACC-12651,Software Client 2652,Software,Northeast,SMB,59,2023-09-18
ACC-12652,Logistics Client 2653,Logistics,Southeast,SMB,165,2024-03-17
ACC-12653,Manufacturing Client 2654,Manufacturing,Northeast,Mid-Market,309,2024-08-06
ACC-12654,Software Client 2655,Software,Midwest,SMB,45,2022-11-13
ACC-12655,Retail Client 2656,Retail,Southeast,SMB,35,2024-05-25
ACC-12656,Retail Client 2657,Retail,Midwest,Mid-Market,510,2024-06-02
ACC-12657,Retail Client 2658,Retail,West,Mid-Market,218,2025-01-04
ACC-12658,Real Estate Client 2659,Real Estate,West,SMB,70,2024-08-14
ACC-12659,Real Estate Client 2660,Real Estate,Midwest,SMB,141,2024-04-23
ACC-12660,Healthcare Client 2661,Healthcare,Midwest,SMB,74,2022-12-06
ACC-12661,Retail Client 2662,Retail,Southeast,Mid-Market,644,2022-02-05
ACC-12662,Software Client 2663,Software,Southeast,Mid-Market,207,2022-08-13
ACC-12663,Manufacturing Client 2664,Manufacturing,West,SMB,59,2023-06-23
ACC-12664,Manufacturing Client 2665,Manufacturing,West,Mid-Market,193,2024-11-11
ACC-12665,Retail Client 2666,Retail,West,Mid-Market,509,2022-07-19
ACC-12666,Software Client 2667,Software,West,Mid-Market,305,2023-05-08
ACC-12667,Finance Client 2668,Finance,Northeast,Mid-Market,550,2023-01-05
ACC-12668,Finance Client 2669,Finance,Midwest,SMB,301,2025-01-15
ACC-12669,Manufacturing Client 2670,Manufacturing,Northeast,SMB,23,2024-09-11
ACC-12670,Real Estate Client 2671,Real Estate,Northeast,SMB,79,2022-10-17
ACC-12671,Manufacturing Client 2672,Manufacturing,Northeast,Enterprise,1976,2023-07-05
ACC-12672,Logistics Client 2673,Logistics,Southeast,SMB,67,2022-08-25
ACC-12673,Logistics Client 2674,Logistics,Midwest,Mid-Market,319,2022-08-31
ACC-12674,Education Client 2675,Education,West,Enterprise,781,2024-04-09
ACC-12675,Logistics Client 2676,Logistics,West,SMB,48,2025-01-08
ACC-12676,Real Estate Client 2677,Real Estate,West,SMB,59,2022-06-10
ACC-12677,Software Client 2678,Software,Southeast,SMB,29,2022-03-15
ACC-12678,Software Client 2679,Software,Midwest,SMB,151,2022-06-26
ACC-12679,Healthcare Client 2680,Healthcare,Southwest,Mid-Market,679,2024-02-20
ACC-12680,Finance Client 2681,Finance,Midwest,Mid-Market,587,2024-10-20
ACC-12681,Manufacturing Client 2682,Manufacturing,Southwest,SMB,39,2023-03-17
ACC-12682,Manufacturing Client 2683,Manufacturing,Midwest,SMB,95,2024-11-06
ACC-12683,Healthcare Client 2684,Healthcare,Midwest,SMB,112,2022-04-25
ACC-12684,Finance Client 2685,Finance,West,Mid-Market,403,2024-03-07
ACC-12685,Manufacturing Client 2686,Manufacturing,Southeast,Enterprise,2280,2023-10-18
ACC-12686,Logistics Client 2687,Logistics,Midwest,SMB,54,2024-12-12
ACC-12687,Software Client 2688,Software,Southeast,Mid-Market,528,2024-10-27
ACC-12688,Education Client 2689,Education,Midwest,Mid-Market,328,2024-10-17
ACC-12689,Logistics Client 2690,Logistics,West,SMB,91,2023-11-04
ACC-12690,Healthcare Client 2691,Healthcare,Northeast,SMB,116,2022-08-13
ACC-12691,Manufacturing Client 2692,Manufacturing,Southwest,Enterprise,1147,2022-10-06
ACC-12692,Manufacturing Client 2693,Manufacturing,West,SMB,70,2022-04-22
ACC-12693,Retail Client 2694,Retail,Midwest,Mid-Market,298,2023-06-09
ACC-12694,Real Estate Client 2695,Real Estate,Southwest,Mid-Market,198,2023-10-17
ACC-12695,Software Client 2696,Software,Southeast,SMB,47,2023-02-10
ACC-12696,Healthcare Client 2697,Healthcare,Northeast,Mid-Market,621,2024-11-03
ACC-12697,Logistics Client 2698,Logistics,Midwest,Mid-Market,394,2022-08-12
ACC-12698,Retail Client 2699,Retail,Northeast,SMB,23,2023-04-08
ACC-12699,Finance Client 2700,Finance,West,Mid-Market,710,2023-07-28
ACC-12700,Logistics Client 2701,Logistics,West,Mid-Market,135,2022-04-05
ACC-12701,Healthcare Client 2702,Healthcare,West,SMB,52,2024-07-08
ACC-12702,Manufacturing Client 2703,Manufacturing,Northeast,SMB,56,2024-09-24
ACC-12703,Software Client 2704,Software,Southeast,SMB,180,2022-04-07
ACC-12704,Real Estate Client 2705,Real Estate,Midwest,SMB,98,2023-01-30
ACC-12705,Real Estate Client 2706,Real Estate,Southeast,SMB,71,2023-12-10
ACC-12706,Retail Client 2707,Retail,Southwest,Mid-Market,227,2024-09-23
ACC-12707,Healthcare Client 2708,Healthcare,Northeast,SMB,94,2024-08-26
ACC-12708,Manufacturing Client 2709,Manufacturing,Southeast,Enterprise,876,2022-03-19
ACC-12709,Finance Client 2710,Finance,West,SMB,122,2022-12-04
ACC-12710,Education Client 2711,Education,West,SMB,287,2023-10-05
ACC-12711,Real Estate Client 2712,Real Estate,Southwest,SMB,85,2022-01-01
ACC-12712,Real Estate Client 2713,Real Estate,Southeast,SMB,51,2023-09-08
ACC-12713,Healthcare Client 2714,Healthcare,Southwest,Enterprise,1036,2024-06-07
ACC-12714,Real Estate Client 2715,Real Estate,Southeast,SMB,66,2024-01-07
ACC-12715,Real Estate Client 2716,Real Estate,West,Mid-Market,616,2022-07-25
ACC-12716,Healthcare Client 2717,Healthcare,Southwest,SMB,110,2023-01-18
ACC-12717,Finance Client 2718,Finance,Southeast,Mid-Market,459,2022-02-05
ACC-12718,Education Client 2719,Education,Midwest,SMB,32,2024-10-26
ACC-12719,Real Estate Client 2720,Real Estate,Midwest,SMB,126,2023-03-26
ACC-12720,Logistics Client 2721,Logistics,Southwest,SMB,52,2023-05-02
ACC-12721,Software Client 2722,Software,Southwest,Mid-Market,495,2024-10-06
ACC-12722,Logistics Client 2723,Logistics,Northeast,Enterprise,5350,2023-02-10
ACC-12723,Real Estate Client 2724,Real Estate,Northeast,SMB,36,2022-08-20
ACC-12724,Retail Client 2725,Retail,Southwest,SMB,107,2022-10-03
ACC-12725,Real Estate Client 2726,Real Estate,Southwest,Mid-Market,387,2022-07-13
ACC-12726,Real Estate Client 2727,Real Estate,Southeast,SMB,172,2024-08-30
ACC-12727,Logistics Client 2728,Logistics,West,SMB,99,2025-01-22
ACC-12728,Real Estate Client 2729,Real Estate,Northeast,Mid-Market,199,2023-05-28
ACC-12729,Logistics Client 2730,Logistics,Midwest,Enterprise,856,2024-02-22
ACC-12730,Retail Client 2731,Retail,Northeast,Mid-Market,528,2022-12-20
ACC-12731,Software Client 2732,Software,West,SMB,133,2022-11-10
ACC-12732,Logistics Client 2733,Logistics,Midwest,SMB,52,2024-12-18
ACC-12733,Manufacturing Client 2734,Manufacturing,Southeast,Mid-Market,364,2022-01-23
ACC-12734,Manufacturing Client 2735,Manufacturing,Midwest,Enterprise,1073,2024-12-31
ACC-12735,Software Client 2736,Software,Southwest,SMB,105,2024-07-31
ACC-12736,Logistics Client 2737,Logistics,West,SMB,96,2023-05-19
ACC-12737,Retail Client 2738,Retail,Midwest,Mid-Market,293,2022-07-18
ACC-12738,Software Client 2739,Software,Southwest,Enterprise,1622,2024-11-26
ACC-12739,Logistics Client 2740,Logistics,Northeast,Enterprise,807,2023-08-18
ACC-12740,Manufacturing Client 2741,Manufacturing,Southeast,SMB,43,2023-01-17
ACC-12741,Education Client 2742,Education,Northeast,SMB,150,2024-07-16
ACC-12742,Education Client 2743,Education,Southwest,SMB,87,2023-03-06
ACC-12743,Retail Client 2744,Retail,Southeast,Mid-Market,456,2024-10-14
ACC-12744,Manufacturing Client 2745,Manufacturing,Northeast,Enterprise,527,2024-10-24
ACC-12745,Healthcare Client 2746,Healthcare,Southwest,Mid-Market,819,2022-07-02
ACC-12746,Real Estate Client 2747,Real Estate,West,Mid-Market,686,2022-06-26
ACC-12747,Education Client 2748,Education,West,Mid-Market,257,2022-07-12
ACC-12748,Healthcare Client 2749,Healthcare,Southeast,SMB,71,2023-04-08
ACC-12749,Retail Client 2750,Retail,Southeast,Mid-Market,464,2022-12-24
ACC-12750,Software Client 2751,Software,West,Enterprise,879,2023-03-25
ACC-12751,Real Estate Client 2752,Real Estate,Southeast,Enterprise,1841,2024-10-17
ACC-12752,Retail Client 2753,Retail,Midwest,SMB,25,2024-07-20
ACC-12753,Retail Client 2754,Retail,Southeast,Mid-Market,198,2024-08-28
ACC-12754,Healthcare Client 2755,Healthcare,Southwest,SMB,148,2023-07-12
ACC-12755,Software Client 2756,Software,Southeast,Mid-Market,366,2022-05-08
ACC-12756,Software Client 2757,Software,Southeast,Enterprise,683,2022-07-04
ACC-12757,Manufacturing Client 2758,Manufacturing,Northeast,SMB,111,2022-05-01
ACC-12758,Finance Client 2759,Finance,Southeast,Enterprise,1323,2023-07-20
ACC-12759,Software Client 2760,Software,Midwest,Enterprise,744,2022-01-17
ACC-12760,Healthcare Client 2761,Healthcare,Southeast,SMB,80,2023-05-22
ACC-12761,Finance Client 2762,Finance,Southeast,SMB,162,2023-12-29
ACC-12762,Healthcare Client 2763,Healthcare,Southwest,SMB,89,2022-11-04
ACC-12763,Education Client 2764,Education,West,Enterprise,992,2022-10-29
ACC-12764,Retail Client 2765,Retail,Midwest,SMB,76,2023-05-27
ACC-12765,Education Client 2766,Education,West,SMB,81,2023-08-15
ACC-12766,Logistics Client 2767,Logistics,West,Mid-Market,162,2022-06-04
ACC-12767,Retail Client 2768,Retail,West,SMB,107,2025-02-22
ACC-12768,Healthcare Client 2769,Healthcare,Midwest,Mid-Market,178,2025-01-21
ACC-12769,Manufacturing Client 2770,Manufacturing,Northeast,Mid-Market,738,2024-03-24
ACC-12770,Logistics Client 2771,Logistics,Southwest,Mid-Market,871,2024-06-26
ACC-12771,Retail Client 2772,Retail,West,SMB,22,2022-04-02
ACC-12772,Healthcare Client 2773,Healthcare,Midwest,SMB,125,2024-11-21
ACC-12773,Education Client 2774,Education,Southeast,SMB,59,2023-01-15
ACC-12774,Software Client 2775,Software,Southwest,SMB,55,2023-04-05
ACC-12775,Manufacturing Client 2776,Manufacturing,Southwest,SMB,62,2022-09-26
ACC-12776,Real Estate Client 2777,Real Estate,Midwest,Mid-Market,278,2024-05-14
ACC-12777,Healthcare Client 2778,Healthcare,Southwest,SMB,99,2024-08-20
ACC-12778,Real Estate Client 2779,Real Estate,Southwest,SMB,102,2022-05-25
ACC-12779,Finance Client 2780,Finance,West,Enterprise,1673,2024-04-05
ACC-12780,Real Estate Client 2781,Real Estate,Southwest,SMB,96,2022-08-31
ACC-12781,Real Estate Client 2782,Real Estate,Southwest,SMB,73,2022-11-20
ACC-12782,Education Client 2783,Education,West,SMB,81,2022-02-24
ACC-12783,Real Estate Client 2784,Real Estate,West,SMB,68,2023-12-29
ACC-12784,Education Client 2785,Education,Midwest,Mid-Market,459,2025-01-08
ACC-12785,Real Estate Client 2786,Real Estate,Midwest,SMB,85,2024-07-10
ACC-12786,Education Client 2787,Education,Midwest,SMB,173,2024-08-08
ACC-12787,Education Client 2788,Education,West,SMB,129,2024-09-14
ACC-12788,Manufacturing Client 2789,Manufacturing,Southwest,SMB,85,2022-02-02
ACC-12789,Software Client 2790,Software,West,SMB,37,2023-10-14
ACC-12790,Software Client 2791,Software,West,SMB,48,2024-12-10
ACC-12791,Finance Client 2792,Finance,Northeast,Mid-Market,284,2023-05-24
ACC-12792,Education Client 2793,Education,Northeast,Mid-Market,278,2023-04-04
ACC-12793,Manufacturing Client 2794,Manufacturing,Midwest,SMB,30,2024-08-15
ACC-12794,Retail Client 2795,Retail,Southeast,SMB,43,2022-12-26
ACC-12795,Real Estate Client 2796,Real Estate,West,Enterprise,2004,2024-10-21
ACC-12796,Real Estate Client 2797,Real Estate,Midwest,Mid-Market,553,2024-07-08
ACC-12797,Software Client 2798,Software,West,Enterprise,2311,2023-05-19
ACC-12798,Logistics Client 2799,Logistics,Midwest,Enterprise,1197,2024-04-04
ACC-12799,Software Client 2800,Software,Midwest,SMB,70,2022-11-15
ACC-12800,Healthcare Client 2801,Healthcare,West,SMB,82,2023-03-07
ACC-12801,Finance Client 2802,Finance,Southeast,Mid-Market,214,2023-05-25
ACC-12802,Manufacturing Client 2803,Manufacturing,Southeast,Enterprise,1454,2023-11-12
ACC-12803,Education Client 2804,Education,Southwest,Mid-Market,445,2022-12-09
ACC-12804,Software Client 2805,Software,Northeast,Enterprise,1576,2022-11-17
ACC-12805,Logistics Client 2806,Logistics,Midwest,Mid-Market,200,2024-10-20
ACC-12806,Real Estate Client 2807,Real Estate,Southwest,Mid-Market,229,2023-03-23
ACC-12807,Software Client 2808,Software,Southwest,Mid-Market,540,2024-12-06
ACC-12808,Manufacturing Client 2809,Manufacturing,West,SMB,114,2022-03-07
ACC-12809,Education Client 2810,Education,Southwest,Mid-Market,147,2022-05-21
ACC-12810,Software Client 2811,Software,West,SMB,154,2022-09-18
ACC-12811,Manufacturing Client 2812,Manufacturing,Southeast,Mid-Market,147,2023-12-10
ACC-12812,Retail Client 2813,Retail,Northeast,Mid-Market,469,2023-09-20
ACC-12813,Retail Client 2814,Retail,Southwest,Mid-Market,439,2022-06-11
ACC-12814,Education Client 2815,Education,Midwest,Mid-Market,143,2024-07-19
ACC-12815,Software Client 2816,Software,Southwest,Mid-Market,757,2023-08-08
ACC-12816,Real Estate Client 2817,Real Estate,West,Mid-Market,122,2022-09-12
ACC-12817,Healthcare Client 2818,Healthcare,West,SMB,89,2022-11-21
ACC-12818,Retail Client 2819,Retail,Southwest,SMB,143,2024-12-18
ACC-12819,Logistics Client 2820,Logistics,Southwest,Enterprise,794,2024-02-12
ACC-12820,Manufacturing Client 2821,Manufacturing,Midwest,SMB,31,2023-02-18
ACC-12821,Real Estate Client 2822,Real Estate,Midwest,Enterprise,384,2022-04-07
ACC-12822,Retail Client 2823,Retail,Southeast,SMB,166,2024-05-05
ACC-12823,Finance Client 2824,Finance,West,Enterprise,628,2024-07-21
ACC-12824,Finance Client 2825,Finance,Midwest,Mid-Market,154,2022-01-23
ACC-12825,Real Estate Client 2826,Real Estate,Northeast,Mid-Market,149,2025-02-20
ACC-12826,Education Client 2827,Education,Southeast,Mid-Market,118,2022-06-20
ACC-12827,Manufacturing Client 2828,Manufacturing,Northeast,Mid-Market,265,2022-07-26
ACC-12828,Logistics Client 2829,Logistics,West,Enterprise,386,2024-05-18
ACC-12829,Education Client 2830,Education,Southeast,SMB,98,2022-05-10
ACC-12830,Healthcare Client 2831,Healthcare,Southwest,Mid-Market,303,2024-08-10
ACC-12831,Healthcare Client 2832,Healthcare,West,SMB,53,2022-08-16
ACC-12832,Software Client 2833,Software,Midwest,SMB,59,2023-11-15
ACC-12833,Finance Client 2834,Finance,Southeast,Enterprise,1314,2024-09-02
ACC-12834,Healthcare Client 2835,Healthcare,Southwest,SMB,188,2025-02-01
ACC-12835,Software Client 2836,Software,Northeast,Mid-Market,292,2022-12-20
ACC-12836,Healthcare Client 2837,Healthcare,Northeast,Mid-Market,497,2022-08-03
ACC-12837,Real Estate Client 2838,Real Estate,Southeast,Mid-Market,222,2023-10-04
ACC-12838,Software Client 2839,Software,Northeast,SMB,92,2023-10-02
ACC-12839,Real Estate Client 2840,Real Estate,Southeast,SMB,62,2022-07-04
ACC-12840,Education Client 2841,Education,Northeast,Enterprise,475,2023-08-28
ACC-12841,Healthcare Client 2842,Healthcare,West,SMB,78,2023-06-10
ACC-12842,Healthcare Client 2843,Healthcare,Midwest,Enterprise,3642,2024-04-14
ACC-12843,Logistics Client 2844,Logistics,Midwest,SMB,130,2023-09-07
ACC-12844,Logistics Client 2845,Logistics,Southeast,SMB,89,2023-01-11
ACC-12845,Manufacturing Client 2846,Manufacturing,Northeast,Mid-Market,93,2023-11-28
ACC-12846,Logistics Client 2847,Logistics,Southwest,Enterprise,832,2022-06-03
ACC-12847,Real Estate Client 2848,Real Estate,Midwest,Enterprise,286,2022-06-28
ACC-12848,Logistics Client 2849,Logistics,West,Enterprise,639,2024-04-11
ACC-12849,Manufacturing Client 2850,Manufacturing,Southeast,SMB,103,2023-02-07
ACC-12850,Real Estate Client 2851,Real Estate,Northeast,SMB,50,2023-04-22
ACC-12851,Real Estate Client 2852,Real Estate,Midwest,SMB,76,2024-11-08
ACC-12852,Real Estate Client 2853,Real Estate,Midwest,Mid-Market,501,2022-02-09
ACC-12853,Software Client 2854,Software,West,SMB,129,2023-08-27
ACC-12854,Retail Client 2855,Retail,Northeast,SMB,64,2023-10-29
ACC-12855,Finance Client 2856,Finance,Midwest,Mid-Market,88,2022-01-03
ACC-12856,Healthcare Client 2857,Healthcare,Southwest,SMB,30,2022-06-29
ACC-12857,Real Estate Client 2858,Real Estate,Midwest,Mid-Market,362,2023-04-19
ACC-12858,Real Estate Client 2859,Real Estate,Midwest,SMB,84,2024-08-02
ACC-12859,Software Client 2860,Software,West,Mid-Market,596,2024-06-10
ACC-12860,Real Estate Client 2861,Real Estate,West,SMB,81,2024-09-21
ACC-12861,Healthcare Client 2862,Healthcare,Northeast,SMB,64,2023-06-27
ACC-12862,Healthcare Client 2863,Healthcare,Midwest,SMB,120,2023-12-02
ACC-12863,Finance Client 2864,Finance,Midwest,SMB,232,2023-07-19
ACC-12864,Real Estate Client 2865,Real Estate,Midwest,SMB,109,2022-05-13
ACC-12865,Logistics Client 2866,Logistics,Northeast,SMB,108,2023-12-10
ACC-12866,Software Client 2867,Software,Southwest,SMB,128,2022-02-05
ACC-12867,Retail Client 2868,Retail,Northeast,Mid-Market,999,2023-12-21
ACC-12868,Healthcare Client 2869,Healthcare,Southwest,SMB,34,2023-07-22
ACC-12869,Software Client 2870,Software,West,SMB,41,2023-03-04
ACC-12870,Finance Client 2871,Finance,Southwest,SMB,67,2023-06-12
ACC-12871,Real Estate Client 2872,Real Estate,Midwest,SMB,53,2022-07-21
ACC-12872,Manufacturing Client 2873,Manufacturing,Northeast,SMB,66,2024-07-22
ACC-12873,Healthcare Client 2874,Healthcare,Southeast,Enterprise,680,2022-03-12
ACC-12874,Retail Client 2875,Retail,Southwest,Enterprise,1108,2022-08-01
ACC-12875,Finance Client 2876,Finance,West,Enterprise,1151,2023-07-28
ACC-12876,Manufacturing Client 2877,Manufacturing,Southwest,SMB,46,2023-06-28
ACC-12877,Education Client 2878,Education,Southeast,Mid-Market,326,2025-02-22
ACC-12878,Healthcare Client 2879,Healthcare,Southwest,SMB,115,2022-11-21
ACC-12879,Software Client 2880,Software,Midwest,SMB,25,2022-04-10
ACC-12880,Healthcare Client 2881,Healthcare,West,Mid-Market,122,2023-03-09
ACC-12881,Manufacturing Client 2882,Manufacturing,Southwest,Mid-Market,369,2022-11-07
ACC-12882,Manufacturing Client 2883,Manufacturing,West,Mid-Market,487,2022-09-18
ACC-12883,Logistics Client 2884,Logistics,Southwest,SMB,53,2023-03-27
ACC-12884,Finance Client 2885,Finance,Southwest,Mid-Market,434,2024-05-27
ACC-12885,Logistics Client 2886,Logistics,West,SMB,139,2022-09-03
ACC-12886,Healthcare Client 2887,Healthcare,Southwest,SMB,41,2022-12-12
ACC-12887,Retail Client 2888,Retail,Southwest,Mid-Market,180,2022-08-10
ACC-12888,Finance Client 2889,Finance,Southwest,SMB,87,2023-03-10
ACC-12889,Software Client 2890,Software,Southeast,Enterprise,1438,2024-05-25
ACC-12890,Finance Client 2891,Finance,Northeast,SMB,56,2024-12-25
ACC-12891,Healthcare Client 2892,Healthcare,Southwest,SMB,66,2023-03-10
ACC-12892,Finance Client 2893,Finance,Midwest,SMB,75,2024-01-16
ACC-12893,Healthcare Client 2894,Healthcare,West,SMB,108,2024-10-08
ACC-12894,Healthcare Client 2895,Healthcare,West,Mid-Market,506,2024-07-10
ACC-12895,Real Estate Client 2896,Real Estate,Southeast,Mid-Market,789,2024-06-13
ACC-12896,Software Client 2897,Software,West,Mid-Market,283,2022-06-24
ACC-12897,Healthcare Client 2898,Healthcare,West,SMB,26,2022-10-16
ACC-12898,Finance Client 2899,Finance,Northeast,Enterprise,2210,2023-04-13
ACC-12899,Logistics Client 2900,Logistics,Southwest,Enterprise,615,2022-09-09
ACC-12900,Manufacturing Client 2901,Manufacturing,Northeast,Mid-Market,624,2024-01-11
ACC-12901,Manufacturing Client 2902,Manufacturing,Southeast,Enterprise,1598,2024-02-04
ACC-12902,Manufacturing Client 2903,Manufacturing,Midwest,SMB,60,2024-06-03
ACC-12903,Finance Client 2904,Finance,Southwest,Mid-Market,236,2024-07-31
ACC-12904,Finance Client 2905,Finance,Midwest,SMB,138,2023-12-27
ACC-12905,Software Client 2906,Software,Midwest,Mid-Market,257,2022-02-27
ACC-12906,Retail Client 2907,Retail,Southeast,SMB,65,2023-06-30
ACC-12907,Education Client 2908,Education,West,SMB,30,2022-07-04
ACC-12908,Real Estate Client 2909,Real Estate,Southwest,SMB,29,2022-12-06
ACC-12909,Finance Client 2910,Finance,Southeast,Mid-Market,282,2025-01-03
ACC-12910,Finance Client 2911,Finance,Midwest,SMB,65,2023-08-08
ACC-12911,Real Estate Client 2912,Real Estate,Southwest,SMB,68,2022-11-26
ACC-12912,Healthcare Client 2913,Healthcare,West,SMB,70,2023-02-03
ACC-12913,Real Estate Client 2914,Real Estate,Northeast,SMB,156,2024-09-26
ACC-12914,Software Client 2915,Software,Northeast,Mid-Market,231,2024-12-07
ACC-12915,Real Estate Client 2916,Real Estate,Midwest,SMB,171,2024-06-18
ACC-12916,Manufacturing Client 2917,Manufacturing,Northeast,SMB,35,2022-11-29
ACC-12917,Manufacturing Client 2918,Manufacturing,Northeast,Enterprise,782,2022-10-10
ACC-12918,Retail Client 2919,Retail,Northeast,SMB,136,2024-06-05
ACC-12919,Manufacturing Client 2920,Manufacturing,West,Mid-Market,443,2025-02-13
ACC-12920,Manufacturing Client 2921,Manufacturing,West,SMB,30,2024-11-15
ACC-12921,Healthcare Client 2922,Healthcare,Northeast,Mid-Market,273,2023-11-29
ACC-12922,Retail Client 2923,Retail,Southeast,Mid-Market,153,2023-08-25
ACC-12923,Logistics Client 2924,Logistics,Northeast,Mid-Market,273,2024-12-03
ACC-12924,Education Client 2925,Education,Southwest,SMB,114,2023-07-28
ACC-12925,Education Client 2926,Education,Midwest,Mid-Market,326,2022-01-16
ACC-12926,Retail Client 2927,Retail,Midwest,SMB,182,2024-08-11
ACC-12927,Retail Client 2928,Retail,Southeast,Mid-Market,657,2024-06-25
ACC-12928,Real Estate Client 2929,Real Estate,Midwest,SMB,49,2023-03-16
ACC-12929,Retail Client 2930,Retail,Midwest,Mid-Market,389,2022-06-09
ACC-12930,Software Client 2931,Software,Midwest,SMB,167,2024-07-27
ACC-12931,Retail Client 2932,Retail,Southeast,Mid-Market,518,2024-03-02
ACC-12932,Logistics Client 2933,Logistics,Northeast,SMB,44,2023-12-18
ACC-12933,Manufacturing Client 2934,Manufacturing,Northeast,SMB,69,2023-05-21
ACC-12934,Finance Client 2935,Finance,Midwest,Mid-Market,269,2023-09-05
ACC-12935,Retail Client 2936,Retail,Southwest,Mid-Market,759,2023-04-21
ACC-12936,Retail Client 2937,Retail,Midwest,Mid-Market,238,2022-09-01
ACC-12937,Logistics Client 2938,Logistics,Midwest,SMB,151,2022-01-11
ACC-12938,Education Client 2939,Education,West,SMB,131,2023-10-14
ACC-12939,Retail Client 2940,Retail,West,Enterprise,1100,2022-10-07
ACC-12940,Healthcare Client 2941,Healthcare,Midwest,Mid-Market,959,2024-07-11
ACC-12941,Software Client 2942,Software,West,SMB,38,2024-05-17
ACC-12942,Finance Client 2943,Finance,Midwest,SMB,43,2022-01-02
ACC-12943,Healthcare Client 2944,Healthcare,West,Enterprise,474,2022-12-21
ACC-12944,Finance Client 2945,Finance,Southeast,Enterprise,1168,2023-09-08
ACC-12945,Manufacturing Client 2946,Manufacturing,West,Mid-Market,172,2024-06-27
ACC-12946,Healthcare Client 2947,Healthcare,Midwest,SMB,38,2023-08-08
ACC-12947,Education Client 2948,Education,Northeast,SMB,111,2023-08-01
ACC-12948,Retail Client 2949,Retail,Southwest,SMB,30,2022-09-22
ACC-12949,Real Estate Client 2950,Real Estate,Southeast,SMB,51,2023-12-15
ACC-12950,Finance Client 2951,Finance,Southwest,SMB,63,2023-05-02
ACC-12951,Software Client 2952,Software,Midwest,Mid-Market,394,2024-05-20
ACC-12952,Finance Client 2953,Finance,Southeast,SMB,42,2025-02-20
ACC-12953,Software Client 2954,Software,Southwest,Mid-Market,505,2022-12-26
ACC-12954,Software Client 2955,Software,West,Enterprise,732,2024-10-25
ACC-12955,Software Client 2956,Software,Southwest,SMB,147,2024-10-24
ACC-12956,Finance Client 2957,Finance,Northeast,Mid-Market,374,2022-03-15
ACC-12957,Finance Client 2958,Finance,Midwest,Enterprise,2469,2022-12-29
ACC-12958,Healthcare Client 2959,Healthcare,Southeast,SMB,135,2023-07-15
ACC-12959,Finance Client 2960,Finance,Northeast,Mid-Market,243,2023-12-09
ACC-12960,Retail Client 2961,Retail,West,Mid-Market,201,2022-06-17
ACC-12961,Manufacturing Client 2962,Manufacturing,Southeast,SMB,59,2022-11-18
ACC-12962,Education Client 2963,Education,Southwest,SMB,254,2022-09-25
ACC-12963,Software Client 2964,Software,Northeast,SMB,65,2023-10-08
ACC-12964,Healthcare Client 2965,Healthcare,Southeast,Enterprise,688,2022-02-01
ACC-12965,Finance Client 2966,Finance,Northeast,SMB,41,2024-09-08
ACC-12966,Finance Client 2967,Finance,Midwest,SMB,66,2024-08-07
ACC-12967,Manufacturing Client 2968,Manufacturing,Midwest,SMB,279,2023-05-29
ACC-12968,Manufacturing Client 2969,Manufacturing,Northeast,Mid-Market,221,2024-06-02
ACC-12969,Software Client 2970,Software,Northeast,Mid-Market,754,2022-12-31
ACC-12970,Finance Client 2971,Finance,Midwest,SMB,49,2022-04-11
ACC-12971,Software Client 2972,Software,West,SMB,156,2024-08-27
ACC-12972,Software Client 2973,Software,Southeast,Mid-Market,244,2023-04-23
ACC-12973,Education Client 2974,Education,Southwest,SMB,70,2022-08-02
ACC-12974,Education Client 2975,Education,Southeast,Enterprise,3446,2023-12-12
ACC-12975,Software Client 2976,Software,West,SMB,166,2025-01-15
ACC-12976,Logistics Client 2977,Logistics,Northeast,Mid-Market,209,2023-08-25
ACC-12977,Real Estate Client 2978,Real Estate,Southeast,SMB,285,2024-11-02
ACC-12978,Logistics Client 2979,Logistics,Southwest,SMB,90,2022-11-28
ACC-12979,Software Client 2980,Software,Southwest,SMB,101,2023-10-31
ACC-12980,Healthcare Client 2981,Healthcare,Midwest,SMB,37,2022-06-22
ACC-12981,Finance Client 2982,Finance,Northeast,Mid-Market,254,2024-11-10
ACC-12982,Real Estate Client 2983,Real Estate,West,SMB,58,2022-04-04
ACC-12983,Software Client 2984,Software,Southwest,SMB,69,2024-07-24
ACC-12984,Retail Client 2985,Retail,Southwest,SMB,141,2023-07-29
ACC-12985,Healthcare Client 2986,Healthcare,Southeast,Mid-Market,270,2024-06-24
ACC-12986,Healthcare Client 2987,Healthcare,Midwest,SMB,27,2022-05-08
ACC-12987,Manufacturing Client 2988,Manufacturing,West,Mid-Market,155,2023-08-29
ACC-12988,Education Client 2989,Education,Northeast,SMB,114,2024-08-23
ACC-12989,Finance Client 2990,Finance,Midwest,SMB,39,2022-02-13
ACC-12990,Healthcare Client 2991,Healthcare,Northeast,SMB,28,2023-10-10
ACC-12991,Real Estate Client 2992,Real Estate,Southwest,SMB,13,2023-07-26
ACC-12992,Manufacturing Client 2993,Manufacturing,Midwest,SMB,116,2023-04-15
ACC-12993,Finance Client 2994,Finance,Southwest,Enterprise,851,2024-06-23
ACC-12994,Real Estate Client 2995,Real Estate,West,SMB,136,2022-06-02
ACC-12995,Logistics Client 2996,Logistics,Midwest,Enterprise,1731,2023-01-13
ACC-12996,Logistics Client 2997,Logistics,Southwest,Enterprise,1008,2023-10-26
ACC-12997,Education Client 2998,Education,Southeast,Mid-Market,375,2023-09-11
ACC-12998,Education Client 2999,Education,West,Mid-Market,428,2022-04-16
ACC-12999,Software Client 3000,Software,West,SMB,97,2022-06-30
ACC-13000,Healthcare Client 3001,Healthcare,Southeast,SMB,47,2023-04-21
ACC-13001,Logistics Client 3002,Logistics,Northeast,SMB,24,2023-03-25
ACC-13002,Real Estate Client 3003,Real Estate,Northeast,Mid-Market,170,2023-12-17
ACC-13003,Finance Client 3004,Finance,Southeast,Enterprise,2222,2024-08-20
ACC-13004,Finance Client 3005,Finance,Northeast,SMB,83,2023-06-29
ACC-13005,Software Client 3006,Software,Midwest,SMB,42,2022-06-27
ACC-13006,Logistics Client 3007,Logistics,Midwest,Mid-Market,188,2024-12-27
ACC-13007,Real Estate Client 3008,Real Estate,West,SMB,119,2023-05-23
ACC-13008,Healthcare Client 3009,Healthcare,Midwest,Mid-Market,221,2023-03-30
ACC-13009,Education Client 3010,Education,Southeast,Enterprise,1202,2024-02-08
ACC-13010,Healthcare Client 3011,Healthcare,Southeast,Enterprise,3169,2023-12-04
ACC-13011,Retail Client 3012,Retail,Northeast,SMB,83,2022-08-26
ACC-13012,Healthcare Client 3013,Healthcare,Southwest,Mid-Market,728,2024-10-21
ACC-13013,Logistics Client 3014,Logistics,Southwest,Enterprise,866,2023-06-10
ACC-13014,Healthcare Client 3015,Healthcare,Southwest,Enterprise,886,2022-10-30
ACC-13015,Real Estate Client 3016,Real Estate,Midwest,SMB,90,2023-11-19
ACC-13016,Healthcare Client 3017,Healthcare,West,SMB,45,2023-02-25
ACC-13017,Manufacturing Client 3018,Manufacturing,West,Mid-Market,311,2024-03-09
ACC-13018,Real Estate Client 3019,Real Estate,Midwest,Mid-Market,288,2025-01-28
ACC-13019,Healthcare Client 3020,Healthcare,Midwest,SMB,27,2023-04-02
ACC-13020,Healthcare Client 3021,Healthcare,Northeast,Mid-Market,374,2024-07-11
ACC-13021,Retail Client 3022,Retail,Southeast,Enterprise,585,2022-01-02
ACC-13022,Healthcare Client 3023,Healthcare,Southwest,SMB,82,2025-01-24
ACC-13023,Software Client 3024,Software,Southeast,Enterprise,355,2022-08-09
ACC-13024,Software Client 3025,Software,West,SMB,75,2023-05-23
ACC-13025,Finance Client 3026,Finance,Northeast,Enterprise,1890,2023-07-15
ACC-13026,Retail Client 3027,Retail,Northeast,Enterprise,763,2022-11-22
ACC-13027,Real Estate Client 3028,Real Estate,Midwest,Mid-Market,181,2023-06-28
ACC-13028,Logistics Client 3029,Logistics,Southeast,SMB,74,2024-11-18
ACC-13029,Healthcare Client 3030,Healthcare,Southwest,Mid-Market,764,2024-09-24
ACC-13030,Logistics Client 3031,Logistics,Midwest,Mid-Market,534,2022-05-14
ACC-13031,Education Client 3032,Education,Southwest,Enterprise,771,2022-08-19
ACC-13032,Logistics Client 3033,Logistics,Midwest,SMB,81,2023-05-04
ACC-13033,Real Estate Client 3034,Real Estate,Southwest,Mid-Market,75,2025-02-16
ACC-13034,Software Client 3035,Software,Northeast,Mid-Market,451,2023-07-07
ACC-13035,Logistics Client 3036,Logistics,Southwest,Mid-Market,291,2023-06-10
ACC-13036,Manufacturing Client 3037,Manufacturing,Southeast,SMB,66,2023-08-04
ACC-13037,Retail Client 3038,Retail,Southeast,Mid-Market,553,2024-12-10
ACC-13038,Software Client 3039,Software,Southwest,SMB,42,2022-05-23
ACC-13039,Software Client 3040,Software,Southeast,Mid-Market,99,2024-05-02
ACC-13040,Logistics Client 3041,Logistics,West,Enterprise,478,2025-01-12
ACC-13041,Healthcare Client 3042,Healthcare,Southwest,Mid-Market,405,2025-01-02
ACC-13042,Manufacturing Client 3043,Manufacturing,Northeast,SMB,68,2023-01-26
ACC-13043,Healthcare Client 3044,Healthcare,West,Mid-Market,221,2024-08-21
ACC-13044,Finance Client 3045,Finance,West,Mid-Market,337,2024-02-28
ACC-13045,Retail Client 3046,Retail,Southeast,SMB,155,2023-05-02
ACC-13046,Software Client 3047,Software,West,Enterprise,2464,2023-12-12
ACC-13047,Software Client 3048,Software,Midwest,SMB,47,2022-02-25
ACC-13048,Real Estate Client 3049,Real Estate,Midwest,Enterprise,1209,2022-02-12
ACC-13049,Healthcare Client 3050,Healthcare,Southeast,Mid-Market,526,2024-02-09
ACC-13050,Education Client 3051,Education,Southeast,Mid-Market,296,2022-04-28
ACC-13051,Healthcare Client 3052,Healthcare,West,SMB,154,2024-02-09
ACC-13052,Logistics Client 3053,Logistics,Southeast,SMB,121,2022-02-06
ACC-13053,Logistics Client 3054,Logistics,Southwest,SMB,57,2022-11-29
ACC-13054,Software Client 3055,Software,Southwest,Enterprise,966,2024-02-23
ACC-13055,Logistics Client 3056,Logistics,Northeast,Mid-Market,624,2024-10-18
ACC-13056,Retail Client 3057,Retail,Southwest,SMB,57,2023-07-11
ACC-13057,Logistics Client 3058,Logistics,Midwest,Mid-Market,473,2024-12-27
ACC-13058,Manufacturing Client 3059,Manufacturing,Southwest,SMB,36,2023-01-21
ACC-13059,Healthcare Client 3060,Healthcare,Southwest,SMB,45,2024-01-17
ACC-13060,Real Estate Client 3061,Real Estate,West,Mid-Market,135,2023-11-12
ACC-13061,Retail Client 3062,Retail,Southwest,SMB,83,2023-05-19
ACC-13062,Retail Client 3063,Retail,West,Mid-Market,222,2024-11-10
ACC-13063,Healthcare Client 3064,Healthcare,Northeast,Enterprise,314,2024-04-20
ACC-13064,Healthcare Client 3065,Healthcare,Southeast,Mid-Market,241,2024-08-18
ACC-13065,Real Estate Client 3066,Real Estate,Northeast,Mid-Market,270,2022-12-27
ACC-13066,Software Client 3067,Software,Southeast,Enterprise,657,2024-08-08
ACC-13067,Software Client 3068,Software,Northeast,Enterprise,1158,2022-02-16
ACC-13068,Education Client 3069,Education,Southwest,SMB,63,2022-09-05
ACC-13069,Education Client 3070,Education,West,Mid-Market,424,2022-09-21
ACC-13070,Manufacturing Client 3071,Manufacturing,Northeast,Enterprise,1378,2023-11-01
ACC-13071,Logistics Client 3072,Logistics,Southwest,SMB,71,2025-01-19
ACC-13072,Healthcare Client 3073,Healthcare,Southeast,SMB,89,2022-08-27
ACC-13073,Finance Client 3074,Finance,West,Enterprise,768,2024-08-06
ACC-13074,Real Estate Client 3075,Real Estate,Southeast,SMB,30,2024-01-13
ACC-13075,Healthcare Client 3076,Healthcare,Southwest,SMB,84,2022-03-02
ACC-13076,Education Client 3077,Education,Southwest,Mid-Market,262,2023-06-29
ACC-13077,Retail Client 3078,Retail,Northeast,Enterprise,1708,2023-06-24
ACC-13078,Real Estate Client 3079,Real Estate,West,SMB,23,2024-06-09
ACC-13079,Software Client 3080,Software,Southeast,SMB,218,2023-06-05
ACC-13080,Finance Client 3081,Finance,Midwest,Mid-Market,223,2024-06-27
ACC-13081,Real Estate Client 3082,Real Estate,Midwest,Mid-Market,591,2024-10-14
ACC-13082,Healthcare Client 3083,Healthcare,Northeast,SMB,28,2023-11-25
ACC-13083,Retail Client 3084,Retail,Midwest,SMB,40,2023-12-18
ACC-13084,Retail Client 3085,Retail,West,SMB,104,2023-12-24
ACC-13085,Healthcare Client 3086,Healthcare,Southwest,SMB,70,2024-03-11
ACC-13086,Healthcare Client 3087,Healthcare,Midwest,Enterprise,439,2022-02-06
ACC-13087,Healthcare Client 3088,Healthcare,Midwest,Mid-Market,494,2022-02-27
ACC-13088,Software Client 3089,Software,Midwest,Enterprise,1628,2023-09-14
ACC-13089,Retail Client 3090,Retail,Midwest,Enterprise,1168,2024-05-15
ACC-13090,Finance Client 3091,Finance,Midwest,SMB,77,2022-10-24
ACC-13091,Healthcare Client 3092,Healthcare,West,Mid-Market,167,2023-12-17
ACC-13092,Manufacturing Client 3093,Manufacturing,Southwest,Enterprise,963,2024-07-24
ACC-13093,Manufacturing Client 3094,Manufacturing,Southwest,SMB,132,2022-04-09
ACC-13094,Education Client 3095,Education,West,Mid-Market,593,2024-03-10
ACC-13095,Real Estate Client 3096,Real Estate,West,SMB,42,2024-01-01
ACC-13096,Finance Client 3097,Finance,Midwest,SMB,109,2023-09-02
ACC-13097,Finance Client 3098,Finance,Southeast,Mid-Market,235,2023-05-08
ACC-13098,Healthcare Client 3099,Healthcare,Midwest,Mid-Market,371,2024-09-11
ACC-13099,Education Client 3100,Education,Southeast,SMB,57,2024-04-08
ACC-13100,Logistics Client 3101,Logistics,Southwest,SMB,42,2022-05-15
ACC-13101,Healthcare Client 3102,Healthcare,Northeast,Enterprise,760,2023-07-23
ACC-13102,Logistics Client 3103,Logistics,Southeast,Mid-Market,387,2024-08-26
ACC-13103,Education Client 3104,Education,Southwest,Enterprise,1827,2023-04-24
ACC-13104,Real Estate Client 3105,Real Estate,Northeast,Mid-Market,165,2023-11-02
ACC-13105,Software Client 3106,Software,Southwest,Enterprise,618,2024-05-13
ACC-13106,Software Client 3107,Software,Southeast,Mid-Market,316,2022-10-12
ACC-13107,Finance Client 3108,Finance,West,Enterprise,1975,2022-09-03
ACC-13108,Real Estate Client 3109,Real Estate,West,Enterprise,1690,2022-12-17
ACC-13109,Manufacturing Client 3110,Manufacturing,Southwest,Mid-Market,620,2023-04-14
ACC-13110,Logistics Client 3111,Logistics,Northeast,Mid-Market,416,2024-05-09
ACC-13111,Software Client 3112,Software,Southeast,SMB,42,2024-08-02
ACC-13112,Education Client 3113,Education,Northeast,Mid-Market,149,2024-05-03
ACC-13113,Logistics Client 3114,Logistics,Midwest,SMB,204,2024-10-31
ACC-13114,Healthcare Client 3115,Healthcare,Northeast,Mid-Market,396,2022-09-18
ACC-13115,Real Estate Client 3116,Real Estate,Southeast,Mid-Market,305,2023-01-24
ACC-13116,Logistics Client 3117,Logistics,Midwest,Mid-Market,843,2022-10-07
ACC-13117,Education Client 3118,Education,Southeast,Mid-Market,557,2022-06-18
ACC-13118,Finance Client 3119,Finance,Northeast,Enterprise,1356,2023-02-19
ACC-13119,Finance Client 3120,Finance,Southeast,SMB,93,2022-04-16
ACC-13120,Finance Client 3121,Finance,Midwest,Mid-Market,141,2023-04-02
ACC-13121,Software Client 3122,Software,Midwest,Mid-Market,1479,2024-03-28
ACC-13122,Education Client 3123,Education,Midwest,Mid-Market,690,2022-02-04
ACC-13123,Education Client 3124,Education,Southeast,SMB,111,2025-01-20
ACC-13124,Logistics Client 3125,Logistics,Northeast,SMB,36,2023-04-22
ACC-13125,Healthcare Client 3126,Healthcare,Southeast,Enterprise,1145,2023-11-28
ACC-13126,Real Estate Client 3127,Real Estate,Midwest,Enterprise,736,2024-11-04
ACC-13127,Manufacturing Client 3128,Manufacturing,Midwest,SMB,64,2024-04-29
ACC-13128,Finance Client 3129,Finance,Southwest,SMB,16,2024-08-01
ACC-13129,Logistics Client 3130,Logistics,Northeast,SMB,44,2022-08-07
ACC-13130,Retail Client 3131,Retail,Southwest,Mid-Market,590,2023-04-30
ACC-13131,Manufacturing Client 3132,Manufacturing,West,SMB,36,2023-08-13
ACC-13132,Finance Client 3133,Finance,Southeast,SMB,85,2023-12-07
ACC-13133,Finance Client 3134,Finance,Southwest,Mid-Market,170,2024-04-29
ACC-13134,Retail Client 3135,Retail,Midwest,SMB,92,2024-12-02
ACC-13135,Education Client 3136,Education,Southeast,SMB,73,2024-02-14
ACC-13136,Real Estate Client 3137,Real Estate,Northeast,Enterprise,1211,2023-03-05
ACC-13137,Software Client 3138,Software,Northeast,Mid-Market,706,2022-09-29
ACC-13138,Finance Client 3139,Finance,Southeast,SMB,74,2024-06-07
ACC-13139,Software Client 3140,Software,West,Mid-Market,270,2022-01-07
ACC-13140,Healthcare Client 3141,Healthcare,Southwest,SMB,106,2022-11-16
ACC-13141,Healthcare Client 3142,Healthcare,Midwest,Mid-Market,102,2023-11-20
ACC-13142,Education Client 3143,Education,Midwest,Enterprise,1248,2022-06-29
ACC-13143,Finance Client 3144,Finance,Midwest,Mid-Market,163,2022-07-25
ACC-13144,Finance Client 3145,Finance,Southeast,Enterprise,889,2025-01-20
ACC-13145,Manufacturing Client 3146,Manufacturing,Northeast,Enterprise,1271,2023-08-18
ACC-13146,Software Client 3147,Software,Southeast,Mid-Market,286,2024-08-18
ACC-13147,Healthcare Client 3148,Healthcare,Southwest,Mid-Market,391,2023-09-15
ACC-13148,Retail Client 3149,Retail,Midwest,SMB,87,2024-01-19
ACC-13149,Education Client 3150,Education,West,Enterprise,1170,2024-03-06
ACC-13150,Real Estate Client 3151,Real Estate,Northeast,Mid-Market,1537,2023-12-06
ACC-13151,Manufacturing Client 3152,Manufacturing,West,Mid-Market,535,2024-07-13
ACC-13152,Healthcare Client 3153,Healthcare,Southeast,Mid-Market,341,2024-09-21
ACC-13153,Healthcare Client 3154,Healthcare,Northeast,SMB,189,2022-03-30
ACC-13154,Manufacturing Client 3155,Manufacturing,Midwest,SMB,74,2024-01-22
ACC-13155,Education Client 3156,Education,Midwest,SMB,28,2022-09-08
ACC-13156,Education Client 3157,Education,Midwest,Mid-Market,333,2024-02-19
ACC-13157,Logistics Client 3158,Logistics,Southwest,SMB,156,2022-12-20
ACC-13158,Manufacturing Client 3159,Manufacturing,Southeast,Mid-Market,217,2022-04-07
ACC-13159,Finance Client 3160,Finance,Northeast,SMB,268,2023-08-23
ACC-13160,Finance Client 3161,Finance,Northeast,Mid-Market,531,2023-04-19
ACC-13161,Education Client 3162,Education,Southeast,SMB,77,2024-04-04
ACC-13162,Real Estate Client 3163,Real Estate,Midwest,Mid-Market,238,2023-04-12
ACC-13163,Manufacturing Client 3164,Manufacturing,Northeast,SMB,36,2023-12-30
ACC-13164,Healthcare Client 3165,Healthcare,Southwest,Mid-Market,1060,2024-07-13
ACC-13165,Finance Client 3166,Finance,Southeast,Mid-Market,364,2022-05-16
ACC-13166,Healthcare Client 3167,Healthcare,Midwest,Enterprise,766,2022-10-01
ACC-13167,Finance Client 3168,Finance,West,SMB,47,2022-01-18
ACC-13168,Manufacturing Client 3169,Manufacturing,Southeast,Mid-Market,423,2024-05-13
ACC-13169,Education Client 3170,Education,West,Mid-Market,154,2023-06-10
ACC-13170,Finance Client 3171,Finance,Southeast,SMB,118,2022-08-27
ACC-13171,Healthcare Client 3172,Healthcare,West,Mid-Market,360,2023-05-18
ACC-13172,Healthcare Client 3173,Healthcare,Southeast,SMB,43,2022-06-09
ACC-13173,Software Client 3174,Software,Southwest,SMB,62,2022-08-23
ACC-13174,Software Client 3175,Software,Midwest,SMB,117,2024-03-14
ACC-13175,Software Client 3176,Software,Southeast,Mid-Market,371,2023-11-11
ACC-13176,Finance Client 3177,Finance,Southeast,Enterprise,2026,2023-09-30
ACC-13177,Logistics Client 3178,Logistics,West,Mid-Market,383,2024-05-05
ACC-13178,Real Estate Client 3179,Real Estate,Midwest,SMB,19,2022-07-02
ACC-13179,Software Client 3180,Software,Northeast,Mid-Market,351,2025-01-27
ACC-13180,Logistics Client 3181,Logistics,Northeast,Mid-Market,235,2024-08-25
ACC-13181,Finance Client 3182,Finance,Northeast,Mid-Market,664,2024-07-29
ACC-13182,Manufacturing Client 3183,Manufacturing,Southwest,Enterprise,852,2023-01-10
ACC-13183,Software Client 3184,Software,Northeast,SMB,92,2023-11-29
ACC-13184,Manufacturing Client 3185,Manufacturing,Northeast,Mid-Market,419,2023-09-22
ACC-13185,Retail Client 3186,Retail,Southwest,SMB,51,2025-01-18
ACC-13186,Software Client 3187,Software,West,SMB,50,2024-04-18
ACC-13187,Real Estate Client 3188,Real Estate,Midwest,SMB,65,2024-08-05
ACC-13188,Education Client 3189,Education,West,SMB,84,2023-10-07
ACC-13189,Retail Client 3190,Retail,Northeast,Mid-Market,219,2023-12-23
ACC-13190,Finance Client 3191,Finance,Southwest,Enterprise,485,2022-07-24
ACC-13191,Retail Client 3192,Retail,West,Enterprise,1318,2023-04-29
ACC-13192,Healthcare Client 3193,Healthcare,Northeast,SMB,48,2023-08-29
ACC-13193,Logistics Client 3194,Logistics,Northeast,SMB,171,2023-06-15
ACC-13194,Education Client 3195,Education,Midwest,Enterprise,682,2022-05-15
ACC-13195,Healthcare Client 3196,Healthcare,West,Mid-Market,350,2022-03-11
ACC-13196,Retail Client 3197,Retail,West,SMB,48,2025-01-19
ACC-13197,Healthcare Client 3198,Healthcare,Southwest,SMB,129,2022-11-20
ACC-13198,Finance Client 3199,Finance,Northeast,Enterprise,699,2023-03-14
ACC-13199,Retail Client 3200,Retail,Midwest,SMB,88,2023-08-17
ACC-13200,Retail Client 3201,Retail,West,Mid-Market,162,2023-09-11
ACC-13201,Retail Client 3202,Retail,Southwest,Mid-Market,937,2023-12-29
ACC-13202,Real Estate Client 3203,Real Estate,Southwest,Mid-Market,602,2023-09-28
ACC-13203,Retail Client 3204,Retail,Midwest,SMB,104,2022-06-14
ACC-13204,Retail Client 3205,Retail,Northeast,Mid-Market,595,2022-08-30
ACC-13205,Logistics Client 3206,Logistics,West,SMB,83,2022-10-15
ACC-13206,Healthcare Client 3207,Healthcare,Midwest,SMB,86,2022-09-29
ACC-13207,Real Estate Client 3208,Real Estate,Southeast,SMB,78,2024-09-09
ACC-13208,Healthcare Client 3209,Healthcare,Northeast,Enterprise,594,2023-02-20
ACC-13209,Healthcare Client 3210,Healthcare,Midwest,SMB,57,2023-04-25
ACC-13210,Finance Client 3211,Finance,West,Mid-Market,176,2024-04-05
ACC-13211,Retail Client 3212,Retail,West,Mid-Market,283,2022-08-25
ACC-13212,Finance Client 3213,Finance,Northeast,SMB,129,2023-12-22
ACC-13213,Logistics Client 3214,Logistics,Midwest,Mid-Market,621,2024-01-22
ACC-13214,Finance Client 3215,Finance,Midwest,SMB,86,2022-08-17
ACC-13215,Manufacturing Client 3216,Manufacturing,West,SMB,86,2022-12-20
ACC-13216,Software Client 3217,Software,West,Enterprise,1009,2024-08-17
ACC-13217,Education Client 3218,Education,Northeast,Mid-Market,65,2022-05-04
ACC-13218,Education Client 3219,Education,Southwest,SMB,118,2022-02-24
ACC-13219,Manufacturing Client 3220,Manufacturing,Southwest,SMB,121,2023-03-14
ACC-13220,Retail Client 3221,Retail,West,Mid-Market,589,2025-02-19
ACC-13221,Real Estate Client 3222,Real Estate,Northeast,Enterprise,868,2022-04-15
ACC-13222,Education Client 3223,Education,Midwest,Mid-Market,82,2023-03-11
ACC-13223,Healthcare Client 3224,Healthcare,Southwest,Enterprise,798,2022-06-28
ACC-13224,Manufacturing Client 3225,Manufacturing,Southwest,SMB,146,2022-11-20
ACC-13225,Healthcare Client 3226,Healthcare,Southwest,SMB,81,2023-03-08
ACC-13226,Logistics Client 3227,Logistics,Southeast,Enterprise,1010,2024-06-25
ACC-13227,Manufacturing Client 3228,Manufacturing,Southwest,Mid-Market,697,2024-10-21
ACC-13228,Retail Client 3229,Retail,Southwest,Mid-Market,180,2023-10-22
ACC-13229,Logistics Client 3230,Logistics,Southeast,SMB,116,2024-01-14
ACC-13230,Software Client 3231,Software,West,Mid-Market,271,2024-11-09
ACC-13231,Healthcare Client 3232,Healthcare,Midwest,Mid-Market,190,2022-07-12
ACC-13232,Healthcare Client 3233,Healthcare,Midwest,Mid-Market,422,2024-04-28
ACC-13233,Finance Client 3234,Finance,West,Mid-Market,208,2024-10-25
ACC-13234,Logistics Client 3235,Logistics,West,SMB,99,2024-04-13
ACC-13235,Finance Client 3236,Finance,Southeast,SMB,61,2024-08-19
ACC-13236,Real Estate Client 3237,Real Estate,Northeast,Mid-Market,433,2024-08-04
ACC-13237,Finance Client 3238,Finance,Midwest,SMB,50,2023-04-17
ACC-13238,Healthcare Client 3239,Healthcare,Midwest,Enterprise,1454,2023-07-06
ACC-13239,Logistics Client 3240,Logistics,West,SMB,88,2023-12-20
ACC-13240,Healthcare Client 3241,Healthcare,Midwest,Mid-Market,508,2024-07-15
ACC-13241,Logistics Client 3242,Logistics,Northeast,Mid-Market,287,2022-03-13
ACC-13242,Healthcare Client 3243,Healthcare,Midwest,SMB,157,2023-06-16
ACC-13243,Real Estate Client 3244,Real Estate,Northeast,SMB,148,2023-05-15
ACC-13244,Retail Client 3245,Retail,Midwest,SMB,58,2023-10-27
ACC-13245,Retail Client 3246,Retail,Midwest,Mid-Market,923,2022-01-07
ACC-13246,Healthcare Client 3247,Healthcare,Northeast,Enterprise,3621,2022-10-19
ACC-13247,Finance Client 3248,Finance,Southeast,SMB,75,2024-12-03
ACC-13248,Retail Client 3249,Retail,Southwest,SMB,33,2022-07-25
ACC-13249,Manufacturing Client 3250,Manufacturing,Southeast,Mid-Market,320,2022-09-20
ACC-13250,Software Client 3251,Software,Midwest,SMB,83,2023-05-17
ACC-13251,Software Client 3252,Software,Southwest,Mid-Market,225,2024-12-01
ACC-13252,Manufacturing Client 3253,Manufacturing,Southeast,Enterprise,377,2022-11-08
ACC-13253,Finance Client 3254,Finance,Northeast,SMB,62,2022-03-23
ACC-13254,Finance Client 3255,Finance,Midwest,Enterprise,797,2022-05-22
ACC-13255,Education Client 3256,Education,West,SMB,84,2024-04-14
ACC-13256,Education Client 3257,Education,Southeast,SMB,61,2024-04-07
ACC-13257,Manufacturing Client 3258,Manufacturing,Southwest,SMB,67,2022-11-22
ACC-13258,Finance Client 3259,Finance,West,Mid-Market,148,2024-04-17
ACC-13259,Education Client 3260,Education,Midwest,Enterprise,694,2022-05-04
ACC-13260,Software Client 3261,Software,Southeast,SMB,98,2024-09-11
ACC-13261,Education Client 3262,Education,Northeast,SMB,138,2023-11-03
ACC-13262,Retail Client 3263,Retail,Southwest,Enterprise,680,2024-04-18
ACC-13263,Finance Client 3264,Finance,Midwest,Enterprise,985,2023-12-18
ACC-13264,Software Client 3265,Software,Southeast,Mid-Market,545,2022-10-17
ACC-13265,Healthcare Client 3266,Healthcare,Northeast,Mid-Market,423,2024-01-16
ACC-13266,Logistics Client 3267,Logistics,Northeast,Mid-Market,203,2022-04-17
ACC-13267,Healthcare Client 3268,Healthcare,Northeast,Mid-Market,429,2023-11-24
ACC-13268,Manufacturing Client 3269,Manufacturing,Midwest,SMB,36,2023-02-11
ACC-13269,Real Estate Client 3270,Real Estate,Midwest,Mid-Market,960,2024-03-07
ACC-13270,Real Estate Client 3271,Real Estate,Southwest,SMB,192,2023-04-01
ACC-13271,Education Client 3272,Education,Southeast,SMB,113,2024-05-22
ACC-13272,Education Client 3273,Education,Midwest,SMB,149,2024-06-09
ACC-13273,Retail Client 3274,Retail,Midwest,Mid-Market,480,2022-02-16
ACC-13274,Manufacturing Client 3275,Manufacturing,Southeast,SMB,30,2023-07-03
ACC-13275,Finance Client 3276,Finance,Northeast,SMB,100,2022-09-02
ACC-13276,Healthcare Client 3277,Healthcare,Southwest,Mid-Market,1008,2023-06-18
ACC-13277,Logistics Client 3278,Logistics,West,SMB,42,2023-01-05
ACC-13278,Software Client 3279,Software,Midwest,Mid-Market,379,2024-02-07
ACC-13279,Logistics Client 3280,Logistics,Northeast,SMB,101,2022-11-30
ACC-13280,Healthcare Client 3281,Healthcare,West,Mid-Market,252,2025-02-03
ACC-13281,Logistics Client 3282,Logistics,Midwest,Mid-Market,188,2023-10-12
ACC-13282,Software Client 3283,Software,Northeast,SMB,55,2024-03-04
ACC-13283,Retail Client 3284,Retail,Midwest,Enterprise,783,2022-01-29
ACC-13284,Logistics Client 3285,Logistics,Southwest,SMB,318,2023-03-04
ACC-13285,Real Estate Client 3286,Real Estate,Southeast,Enterprise,2907,2024-08-05
ACC-13286,Finance Client 3287,Finance,Northeast,SMB,42,2025-02-21
ACC-13287,Retail Client 3288,Retail,Southwest,SMB,183,2023-02-13
ACC-13288,Finance Client 3289,Finance,Southwest,Enterprise,442,2025-02-18
ACC-13289,Real Estate Client 3290,Real Estate,West,Mid-Market,427,2024-11-01
ACC-13290,Software Client 3291,Software,Southeast,Mid-Market,260,2022-03-05
ACC-13291,Real Estate Client 3292,Real Estate,Midwest,Mid-Market,338,2023-01-04
ACC-13292,Logistics Client 3293,Logistics,Midwest,SMB,75,2023-10-01
ACC-13293,Manufacturing Client 3294,Manufacturing,Southeast,Enterprise,961,2023-10-06
ACC-13294,Finance Client 3295,Finance,Northeast,SMB,120,2024-05-20
ACC-13295,Healthcare Client 3296,Healthcare,Midwest,Enterprise,1199,2022-07-15
ACC-13296,Real Estate Client 3297,Real Estate,Northeast,SMB,68,2024-06-30
ACC-13297,Software Client 3298,Software,West,Mid-Market,302,2022-11-28
ACC-13298,Education Client 3299,Education,Midwest,Enterprise,1297,2022-10-13
ACC-13299,Software Client 3300,Software,Southeast,Enterprise,920,2023-12-17
ACC-13300,Software Client 3301,Software,Northeast,Enterprise,1415,2023-08-25
ACC-13301,Software Client 3302,Software,West,Mid-Market,353,2023-04-10
ACC-13302,Education Client 3303,Education,West,Mid-Market,549,2025-02-22
ACC-13303,Healthcare Client 3304,Healthcare,Southeast,Mid-Market,273,2023-06-22
ACC-13304,Logistics Client 3305,Logistics,Southwest,SMB,154,2022-07-25
ACC-13305,Logistics Client 3306,Logistics,Southwest,Mid-Market,586,2022-02-20
ACC-13306,Logistics Client 3307,Logistics,Midwest,Enterprise,1048,2022-12-16
ACC-13307,Retail Client 3308,Retail,Southwest,Mid-Market,611,2024-07-04
ACC-13308,Retail Client 3309,Retail,Southeast,Mid-Market,420,2023-09-24
ACC-13309,Healthcare Client 3310,Healthcare,Midwest,SMB,279,2024-10-19
ACC-13310,Healthcare Client 3311,Healthcare,Midwest,Mid-Market,239,2022-01-13
ACC-13311,Education Client 3312,Education,West,SMB,59,2023-12-17
ACC-13312,Healthcare Client 3313,Healthcare,Midwest,SMB,68,2024-03-31
ACC-13313,Finance Client 3314,Finance,Northeast,Mid-Market,444,2022-08-23
ACC-13314,Manufacturing Client 3315,Manufacturing,West,Enterprise,1074,2022-03-11
ACC-13315,Healthcare Client 3316,Healthcare,West,Mid-Market,149,2025-02-09
ACC-13316,Retail Client 3317,Retail,Southeast,Mid-Market,201,2023-09-24
ACC-13317,Education Client 3318,Education,West,SMB,66,2023-04-28
ACC-13318,Manufacturing Client 3319,Manufacturing,Southeast,Mid-Market,597,2023-09-27
ACC-13319,Education Client 3320,Education,Southwest,Enterprise,2711,2022-07-24
ACC-13320,Retail Client 3321,Retail,Southeast,Enterprise,547,2023-10-06
ACC-13321,Finance Client 3322,Finance,Southwest,Enterprise,1460,2023-09-11
ACC-13322,Finance Client 3323,Finance,West,Enterprise,341,2024-02-18
ACC-13323,Education Client 3324,Education,West,Mid-Market,301,2023-07-24
ACC-13324,Healthcare Client 3325,Healthcare,West,SMB,161,2023-11-20
ACC-13325,Manufacturing Client 3326,Manufacturing,West,Mid-Market,751,2023-07-28
ACC-13326,Real Estate Client 3327,Real Estate,West,Mid-Market,479,2024-06-21
ACC-13327,Logistics Client 3328,Logistics,West,SMB,70,2023-02-26
ACC-13328,Education Client 3329,Education,Southeast,SMB,70,2024-02-13
ACC-13329,Retail Client 3330,Retail,Northeast,Enterprise,745,2024-03-24
ACC-13330,Healthcare Client 3331,Healthcare,Southeast,SMB,167,2022-07-13
ACC-13331,Real Estate Client 3332,Real Estate,Southwest,Mid-Market,397,2024-01-26
ACC-13332,Logistics Client 3333,Logistics,Northeast,SMB,34,2023-09-29
ACC-13333,Healthcare Client 3334,Healthcare,West,SMB,98,2022-08-29
ACC-13334,Real Estate Client 3335,Real Estate,Southwest,SMB,121,2024-10-08
ACC-13335,Retail Client 3336,Retail,West,SMB,101,2025-01-26
ACC-13336,Finance Client 3337,Finance,Midwest,SMB,106,2024-04-13
ACC-13337,Manufacturing Client 3338,Manufacturing,Midwest,SMB,164,2023-02-22
ACC-13338,Finance Client 3339,Finance,Midwest,Mid-Market,129,2022-06-29
ACC-13339,Software Client 3340,Software,Southeast,Enterprise,1618,2022-06-17
ACC-13340,Software Client 3341,Software,Northeast,Mid-Market,259,2025-02-14
ACC-13341,Manufacturing Client 3342,Manufacturing,Southeast,SMB,45,2023-07-03
ACC-13342,Healthcare Client 3343,Healthcare,Midwest,SMB,87,2022-06-06
ACC-13343,Software Client 3344,Software,Southeast,Enterprise,945,2022-07-03
ACC-13344,Finance Client 3345,Finance,Southeast,Enterprise,704,2022-06-17
ACC-13345,Education Client 3346,Education,Midwest,Mid-Market,183,2024-08-15
ACC-13346,Retail Client 3347,Retail,Southwest,Enterprise,797,2022-07-10
ACC-13347,Logistics Client 3348,Logistics,West,SMB,127,2024-06-12
ACC-13348,Healthcare Client 3349,Healthcare,Southwest,SMB,80,2023-07-16
ACC-13349,Finance Client 3350,Finance,Northeast,Enterprise,1245,2024-10-22
ACC-13350,Software Client 3351,Software,Northeast,Mid-Market,210,2022-05-19
ACC-13351,Finance Client 3352,Finance,Midwest,SMB,86,2023-10-22
ACC-13352,Finance Client 3353,Finance,Midwest,Enterprise,920,2024-09-05
ACC-13353,Software Client 3354,Software,Southwest,Mid-Market,131,2022-02-21
ACC-13354,Education Client 3355,Education,Southeast,SMB,77,2023-01-05
ACC-13355,Education Client 3356,Education,Southwest,Mid-Market,222,2024-01-14
ACC-13356,Education Client 3357,Education,Midwest,Mid-Market,283,2023-01-31
ACC-13357,Real Estate Client 3358,Real Estate,Midwest,SMB,30,2022-12-02
ACC-13358,Logistics Client 3359,Logistics,Midwest,Enterprise,2012,2023-01-01
ACC-13359,Retail Client 3360,Retail,West,SMB,59,2022-05-05
ACC-13360,Finance Client 3361,Finance,West,SMB,77,2022-08-10
ACC-13361,Logistics Client 3362,Logistics,Midwest,SMB,81,2024-03-27
ACC-13362,Real Estate Client 3363,Real Estate,West,Mid-Market,108,2022-09-27
ACC-13363,Software Client 3364,Software,West,SMB,123,2022-12-23
ACC-13364,Education Client 3365,Education,Northeast,SMB,227,2022-09-27
ACC-13365,Manufacturing Client 3366,Manufacturing,Southeast,Enterprise,839,2024-12-07
ACC-13366,Education Client 3367,Education,Southeast,Mid-Market,246,2024-11-07
ACC-13367,Real Estate Client 3368,Real Estate,Northeast,Mid-Market,123,2023-03-03
ACC-13368,Retail Client 3369,Retail,Midwest,SMB,40,2023-12-19
ACC-13369,Manufacturing Client 3370,Manufacturing,Southwest,Mid-Market,519,2024-06-19
ACC-13370,Logistics Client 3371,Logistics,Southeast,SMB,78,2025-01-29
ACC-13371,Finance Client 3372,Finance,Southwest,Mid-Market,376,2022-02-11
ACC-13372,Manufacturing Client 3373,Manufacturing,Southwest,Mid-Market,338,2023-10-22
ACC-13373,Real Estate Client 3374,Real Estate,Southwest,Mid-Market,470,2024-10-24
ACC-13374,Software Client 3375,Software,Northeast,Enterprise,719,2025-02-14
ACC-13375,Retail Client 3376,Retail,Midwest,Enterprise,2414,2022-01-04
ACC-13376,Finance Client 3377,Finance,West,SMB,83,2024-11-25
ACC-13377,Manufacturing Client 3378,Manufacturing,West,Mid-Market,222,2022-09-28
ACC-13378,Real Estate Client 3379,Real Estate,Southwest,SMB,109,2023-07-20
ACC-13379,Retail Client 3380,Retail,Southeast,Enterprise,973,2023-08-24
ACC-13380,Education Client 3381,Education,Southwest,SMB,39,2022-04-24
ACC-13381,Retail Client 3382,Retail,Midwest,SMB,62,2024-07-22
ACC-13382,Logistics Client 3383,Logistics,Southeast,SMB,66,2023-12-11
ACC-13383,Manufacturing Client 3384,Manufacturing,West,SMB,41,2022-12-08
ACC-13384,Real Estate Client 3385,Real Estate,Southeast,SMB,35,2024-06-02
ACC-13385,Software Client 3386,Software,Southwest,SMB,77,2022-09-22
ACC-13386,Manufacturing Client 3387,Manufacturing,Southwest,SMB,80,2022-10-28
ACC-13387,Software Client 3388,Software,Southeast,Mid-Market,315,2022-01-29
ACC-13388,Finance Client 3389,Finance,Southwest,SMB,30,2024-08-25
ACC-13389,Software Client 3390,Software,West,Enterprise,854,2024-09-13
ACC-13390,Finance Client 3391,Finance,Midwest,SMB,141,2024-05-14
ACC-13391,Logistics Client 3392,Logistics,Midwest,Enterprise,908,2023-02-19
ACC-13392,Software Client 3393,Software,Southwest,SMB,210,2022-10-29
ACC-13393,Finance Client 3394,Finance,Northeast,SMB,52,2022-12-15
ACC-13394,Healthcare Client 3395,Healthcare,Northeast,Enterprise,1085,2024-11-18
ACC-13395,Healthcare Client 3396,Healthcare,West,Mid-Market,637,2022-02-12
ACC-13396,Manufacturing Client 3397,Manufacturing,Midwest,SMB,38,2025-01-03
ACC-13397,Manufacturing Client 3398,Manufacturing,Northeast,Enterprise,1266,2022-11-03
ACC-13398,Manufacturing Client 3399,Manufacturing,Northeast,Mid-Market,512,2024-10-10
ACC-13399,Finance Client 3400,Finance,Northeast,Mid-Market,632,2023-09-17
ACC-13400,Retail Client 3401,Retail,Northeast,Mid-Market,511,2023-07-03
ACC-13401,Healthcare Client 3402,Healthcare,West,SMB,91,2022-04-29
ACC-13402,Manufacturing Client 3403,Manufacturing,Southwest,SMB,145,2024-12-11
ACC-13403,Healthcare Client 3404,Healthcare,Midwest,SMB,55,2025-01-17
ACC-13404,Retail Client 3405,Retail,Southwest,Mid-Market,337,2022-12-08
ACC-13405,Finance Client 3406,Finance,Northeast,SMB,45,2023-01-28
ACC-13406,Finance Client 3407,Finance,Northeast,Enterprise,605,2024-10-25
ACC-13407,Retail Client 3408,Retail,West,SMB,61,2024-03-20
ACC-13408,Healthcare Client 3409,Healthcare,Southwest,SMB,80,2024-06-29
ACC-13409,Healthcare Client 3410,Healthcare,Southeast,SMB,46,2024-11-07
ACC-13410,Healthcare Client 3411,Healthcare,Southwest,SMB,46,2024-03-30
ACC-13411,Manufacturing Client 3412,Manufacturing,Northeast,Enterprise,1263,2022-08-16
ACC-13412,Manufacturing Client 3413,Manufacturing,Northeast,Mid-Market,142,2024-07-02
ACC-13413,Logistics Client 3414,Logistics,Northeast,SMB,91,2022-06-15
ACC-13414,Retail Client 3415,Retail,Midwest,SMB,75,2024-01-02
ACC-13415,Retail Client 3416,Retail,Midwest,SMB,154,2024-07-03
ACC-13416,Finance Client 3417,Finance,Northeast,Mid-Market,322,2024-09-06
ACC-13417,Software Client 3418,Software,Southeast,SMB,79,2023-06-25
ACC-13418,Education Client 3419,Education,Midwest,Mid-Market,241,2023-06-05
ACC-13419,Finance Client 3420,Finance,Northeast,SMB,107,2023-12-04
ACC-13420,Education Client 3421,Education,Northeast,Enterprise,3219,2022-03-07
ACC-13421,Manufacturing Client 3422,Manufacturing,West,Enterprise,1230,2023-06-03
ACC-13422,Logistics Client 3423,Logistics,Southeast,Enterprise,1547,2024-12-10
ACC-13423,Manufacturing Client 3424,Manufacturing,West,Mid-Market,280,2023-07-05
ACC-13424,Manufacturing Client 3425,Manufacturing,Northeast,Mid-Market,525,2022-04-14
ACC-13425,Software Client 3426,Software,West,Enterprise,1602,2022-01-10
ACC-13426,Manufacturing Client 3427,Manufacturing,Southeast,SMB,278,2024-07-20
ACC-13427,Education Client 3428,Education,Northeast,Mid-Market,513,2024-06-09
ACC-13428,Real Estate Client 3429,Real Estate,West,SMB,235,2024-01-15
ACC-13429,Logistics Client 3430,Logistics,Southwest,Enterprise,1465,2024-11-28
ACC-13430,Education Client 3431,Education,West,Mid-Market,326,2022-07-11
ACC-13431,Logistics Client 3432,Logistics,West,SMB,119,2023-04-25
ACC-13432,Manufacturing Client 3433,Manufacturing,Northeast,SMB,32,2023-11-12
ACC-13433,Manufacturing Client 3434,Manufacturing,Southwest,Enterprise,780,2023-03-10
ACC-13434,Education Client 3435,Education,Southwest,Mid-Market,164,2022-03-18
ACC-13435,Finance Client 3436,Finance,Northeast,Enterprise,1336,2024-12-29
ACC-13436,Retail Client 3437,Retail,Southeast,Enterprise,1637,2023-10-31
ACC-13437,Real Estate Client 3438,Real Estate,Southwest,SMB,71,2023-08-16
ACC-13438,Education Client 3439,Education,West,Enterprise,1136,2022-08-03
ACC-13439,Finance Client 3440,Finance,West,SMB,44,2024-12-10
ACC-13440,Healthcare Client 3441,Healthcare,Northeast,Mid-Market,363,2022-03-31
ACC-13441,Education Client 3442,Education,Southwest,Mid-Market,1270,2024-03-31
ACC-13442,Finance Client 3443,Finance,Midwest,Mid-Market,236,2025-01-12
ACC-13443,Software Client 3444,Software,Southwest,Mid-Market,1183,2023-12-25
ACC-13444,Finance Client 3445,Finance,Northeast,SMB,99,2023-06-21
ACC-13445,Finance Client 3446,Finance,West,Mid-Market,592,2023-11-03
ACC-13446,Real Estate Client 3447,Real Estate,Southeast,Mid-Market,172,2024-07-10
ACC-13447,Manufacturing Client 3448,Manufacturing,West,SMB,34,2022-11-06
ACC-13448,Software Client 3449,Software,Southeast,SMB,105,2024-09-01
ACC-13449,Software Client 3450,Software,Southeast,SMB,113,2022-08-19
ACC-13450,Education Client 3451,Education,Midwest,SMB,59,2023-11-08
ACC-13451,Logistics Client 3452,Logistics,West,SMB,92,2024-07-20
ACC-13452,Education Client 3453,Education,Midwest,Enterprise,1150,2024-09-09
ACC-13453,Manufacturing Client 3454,Manufacturing,Midwest,Mid-Market,325,2022-08-18
ACC-13454,Software Client 3455,Software,West,SMB,174,2024-07-17
ACC-13455,Retail Client 3456,Retail,Midwest,SMB,83,2023-06-18
ACC-13456,Software Client 3457,Software,West,SMB,77,2022-09-12
ACC-13457,Real Estate Client 3458,Real Estate,West,SMB,310,2024-10-03
ACC-13458,Software Client 3459,Software,Northeast,SMB,82,2022-02-07
ACC-13459,Finance Client 3460,Finance,Midwest,SMB,122,2022-10-05
ACC-13460,Manufacturing Client 3461,Manufacturing,Southeast,SMB,211,2022-01-20
ACC-13461,Manufacturing Client 3462,Manufacturing,Northeast,SMB,87,2023-09-12
ACC-13462,Healthcare Client 3463,Healthcare,Southwest,SMB,33,2024-09-09
ACC-13463,Healthcare Client 3464,Healthcare,Midwest,Mid-Market,506,2023-10-03
ACC-13464,Software Client 3465,Software,Northeast,Mid-Market,257,2023-02-02
ACC-13465,Software Client 3466,Software,Northeast,Mid-Market,555,2024-11-09
ACC-13466,Software Client 3467,Software,Northeast,Mid-Market,133,2024-01-27
ACC-13467,Retail Client 3468,Retail,Northeast,Mid-Market,826,2022-08-04
ACC-13468,Manufacturing Client 3469,Manufacturing,West,Enterprise,1129,2023-03-27
ACC-13469,Healthcare Client 3470,Healthcare,Northeast,Mid-Market,410,2024-01-27
ACC-13470,Software Client 3471,Software,Midwest,Enterprise,2292,2025-02-02
ACC-13471,Healthcare Client 3472,Healthcare,Southwest,SMB,53,2025-01-13
ACC-13472,Education Client 3473,Education,Midwest,SMB,112,2024-08-05
ACC-13473,Manufacturing Client 3474,Manufacturing,Northeast,Mid-Market,902,2022-12-30
ACC-13474,Finance Client 3475,Finance,West,SMB,91,2024-12-11
ACC-13475,Software Client 3476,Software,Southwest,Mid-Market,237,2022-10-21
ACC-13476,Manufacturing Client 3477,Manufacturing,Southwest,SMB,88,2025-01-09
ACC-13477,Real Estate Client 3478,Real Estate,Northeast,SMB,109,2022-07-12
ACC-13478,Software Client 3479,Software,West,Enterprise,717,2023-01-01
ACC-13479,Software Client 3480,Software,Midwest,Enterprise,1267,2024-05-28
ACC-13480,Education Client 3481,Education,Southwest,SMB,130,2024-04-29
ACC-13481,Manufacturing Client 3482,Manufacturing,Southeast,SMB,138,2023-04-01
ACC-13482,Healthcare Client 3483,Healthcare,West,Mid-Market,604,2022-05-19
ACC-13483,Retail Client 3484,Retail,Southwest,Enterprise,848,2024-03-15
ACC-13484,Education Client 3485,Education,Southeast,Enterprise,1153,2024-08-15
ACC-13485,Real Estate Client 3486,Real Estate,Southwest,SMB,18,2025-01-06
ACC-13486,Real Estate Client 3487,Real Estate,Midwest,SMB,83,2023-07-13
ACC-13487,Retail Client 3488,Retail,Southwest,SMB,45,2022-05-12
ACC-13488,Healthcare Client 3489,Healthcare,Southwest,SMB,47,2023-12-20
ACC-13489,Healthcare Client 3490,Healthcare,Southeast,Mid-Market,487,2022-08-05
ACC-13490,Logistics Client 3491,Logistics,Midwest,SMB,27,2022-12-07
ACC-13491,Education Client 3492,Education,Northeast,SMB,105,2023-10-24
ACC-13492,Logistics Client 3493,Logistics,West,Mid-Market,420,2023-04-14
ACC-13493,Software Client 3494,Software,Southeast,Mid-Market,169,2024-10-29
ACC-13494,Software Client 3495,Software,Southwest,SMB,48,2024-10-09
ACC-13495,Finance Client 3496,Finance,Midwest,Enterprise,1021,2024-10-27
ACC-13496,Retail Client 3497,Retail,Northeast,Mid-Market,132,2023-04-05
ACC-13497,Software Client 3498,Software,Northeast,SMB,74,2022-11-27
ACC-13498,Education Client 3499,Education,Northeast,Mid-Market,177,2024-09-19
ACC-13499,Logistics Client 3500,Logistics,Northeast,SMB,79,2022-08-23
ACC-13500,Logistics Client 3501,Logistics,Northeast,SMB,107,2024-09-24
ACC-13501,Finance Client 3502,Finance,Northeast,Enterprise,2323,2022-05-22
ACC-13502,Healthcare Client 3503,Healthcare,Midwest,Enterprise,1414,2023-03-30
ACC-13503,Retail Client 3504,Retail,Southeast,SMB,378,2024-03-01
ACC-13504,Real Estate Client 3505,Real Estate,Northeast,Mid-Market,141,2025-01-15
ACC-13505,Finance Client 3506,Finance,West,SMB,42,2024-08-04
ACC-13506,Education Client 3507,Education,Midwest,SMB,50,2024-06-18
ACC-13507,Finance Client 3508,Finance,West,Enterprise,3556,2024-06-21
ACC-13508,Education Client 3509,Education,Southeast,Enterprise,755,2024-11-08
ACC-13509,Retail Client 3510,Retail,West,SMB,144,2022-02-24
ACC-13510,Logistics Client 3511,Logistics,Northeast,SMB,71,2023-09-09
ACC-13511,Real Estate Client 3512,Real Estate,Midwest,Mid-Market,350,2024-06-20
ACC-13512,Retail Client 3513,Retail,Southeast,Mid-Market,374,2024-02-20
ACC-13513,Manufacturing Client 3514,Manufacturing,Midwest,SMB,154,2024-12-29
ACC-13514,Real Estate Client 3515,Real Estate,Southwest,SMB,70,2024-10-29
ACC-13515,Education Client 3516,Education,Southeast,Mid-Market,414,2024-05-24
ACC-13516,Retail Client 3517,Retail,West,SMB,120,2022-11-21
ACC-13517,Finance Client 3518,Finance,Southwest,Enterprise,1610,2022-07-11
ACC-13518,Education Client 3519,Education,West,Mid-Market,493,2023-01-31
ACC-13519,Real Estate Client 3520,Real Estate,Southeast,Mid-Market,290,2023-10-29
ACC-13520,Manufacturing Client 3521,Manufacturing,Southwest,Mid-Market,547,2022-01-05
ACC-13521,Healthcare Client 3522,Healthcare,Southeast,Mid-Market,999,2022-01-27
ACC-13522,Software Client 3523,Software,Southeast,Enterprise,2898,2024-09-14
ACC-13523,Education Client 3524,Education,Southwest,SMB,44,2023-04-30
ACC-13524,Healthcare Client 3525,Healthcare,Southwest,Enterprise,1679,2022-11-17
ACC-13525,Real Estate Client 3526,Real Estate,Northeast,Enterprise,2382,2024-09-03
ACC-13526,Retail Client 3527,Retail,Southeast,Enterprise,989,2025-01-10
ACC-13527,Education Client 3528,Education,Southeast,Enterprise,777,2023-03-02
ACC-13528,Finance Client 3529,Finance,Northeast,Mid-Market,383,2023-10-13
ACC-13529,Software Client 3530,Software,Southwest,SMB,36,2022-07-01
ACC-13530,Manufacturing Client 3531,Manufacturing,Northeast,Mid-Market,477,2022-11-04
ACC-13531,Finance Client 3532,Finance,West,Enterprise,1231,2023-06-13
ACC-13532,Retail Client 3533,Retail,Midwest,Mid-Market,221,2023-06-27
ACC-13533,Logistics Client 3534,Logistics,Midwest,Mid-Market,757,2023-08-03
ACC-13534,Education Client 3535,Education,Northeast,Enterprise,689,2024-06-27
ACC-13535,Education Client 3536,Education,Southwest,Mid-Market,327,2022-12-24
ACC-13536,Retail Client 3537,Retail,Midwest,Mid-Market,369,2024-06-15
ACC-13537,Education Client 3538,Education,Southeast,Mid-Market,502,2024-07-22
ACC-13538,Retail Client 3539,Retail,Southeast,SMB,39,2024-04-15
ACC-13539,Real Estate Client 3540,Real Estate,Southwest,SMB,68,2024-03-04
ACC-13540,Education Client 3541,Education,Southwest,Mid-Market,354,2023-06-19
ACC-13541,Finance Client 3542,Finance,Southeast,Mid-Market,494,2024-02-09
ACC-13542,Healthcare Client 3543,Healthcare,Northeast,Enterprise,3716,2024-08-25
ACC-13543,Real Estate Client 3544,Real Estate,Southwest,Enterprise,1575,2024-12-25
ACC-13544,Finance Client 3545,Finance,Northeast,Mid-Market,292,2024-07-16
ACC-13545,Real Estate Client 3546,Real Estate,Southeast,Enterprise,698,2025-02-22
ACC-13546,Finance Client 3547,Finance,Midwest,Enterprise,2663,2023-02-23
ACC-13547,Software Client 3548,Software,Southwest,Mid-Market,141,2024-10-05
ACC-13548,Education Client 3549,Education,Southwest,SMB,56,2022-03-01
ACC-13549,Healthcare Client 3550,Healthcare,Northeast,Enterprise,1144,2024-10-21
ACC-13550,Healthcare Client 3551,Healthcare,Northeast,SMB,29,2022-06-18
ACC-13551,Finance Client 3552,Finance,West,SMB,32,2023-03-21
ACC-13552,Logistics Client 3553,Logistics,Southwest,SMB,129,2022-08-17
ACC-13553,Logistics Client 3554,Logistics,West,SMB,26,2024-09-06
ACC-13554,Healthcare Client 3555,Healthcare,Southeast,Mid-Market,298,2022-12-21
ACC-13555,Real Estate Client 3556,Real Estate,Northeast,Mid-Market,626,2022-12-16
ACC-13556,Logistics Client 3557,Logistics,Southeast,Mid-Market,597,2023-02-14
ACC-13557,Manufacturing Client 3558,Manufacturing,Midwest,Enterprise,1140,2024-05-08
ACC-13558,Finance Client 3559,Finance,Southwest,Enterprise,1035,2023-08-14
ACC-13559,Retail Client 3560,Retail,Northeast,SMB,85,2024-09-24
ACC-13560,Finance Client 3561,Finance,Southwest,SMB,96,2023-01-12
ACC-13561,Retail Client 3562,Retail,Southeast,SMB,173,2022-07-23
ACC-13562,Finance Client 3563,Finance,Midwest,Mid-Market,716,2022-09-29
ACC-13563,Software Client 3564,Software,Southeast,Mid-Market,190,2023-06-28
ACC-13564,Manufacturing Client 3565,Manufacturing,Northeast,Mid-Market,205,2022-04-06
ACC-13565,Healthcare Client 3566,Healthcare,Southwest,SMB,204,2022-11-17
ACC-13566,Healthcare Client 3567,Healthcare,Northeast,Mid-Market,447,2023-08-21
ACC-13567,Education Client 3568,Education,Southwest,SMB,73,2024-03-24
ACC-13568,Real Estate Client 3569,Real Estate,West,SMB,37,2024-08-13
ACC-13569,Manufacturing Client 3570,Manufacturing,Southeast,Mid-Market,392,2023-01-30
ACC-13570,Healthcare Client 3571,Healthcare,West,SMB,60,2022-12-14
ACC-13571,Retail Client 3572,Retail,Southeast,Enterprise,2707,2023-03-19
ACC-13572,Education Client 3573,Education,Midwest,SMB,35,2022-06-14
ACC-13573,Manufacturing Client 3574,Manufacturing,West,SMB,102,2024-05-01
ACC-13574,Retail Client 3575,Retail,Southwest,SMB,55,2022-08-19
ACC-13575,Retail Client 3576,Retail,Southeast,SMB,264,2024-02-19
ACC-13576,Education Client 3577,Education,Southwest,SMB,99,2022-07-24
ACC-13577,Retail Client 3578,Retail,Midwest,Enterprise,2504,2022-05-20
ACC-13578,Finance Client 3579,Finance,Southeast,Mid-Market,459,2024-11-07
ACC-13579,Retail Client 3580,Retail,Southwest,Mid-Market,425,2024-05-23
ACC-13580,Logistics Client 3581,Logistics,Northeast,SMB,71,2024-11-16
ACC-13581,Logistics Client 3582,Logistics,Southeast,SMB,206,2023-06-22
ACC-13582,Software Client 3583,Software,Midwest,Mid-Market,523,2024-04-05
ACC-13583,Retail Client 3584,Retail,Midwest,SMB,47,2023-03-15
ACC-13584,Retail Client 3585,Retail,Southeast,Mid-Market,565,2022-07-23
ACC-13585,Software Client 3586,Software,West,Mid-Market,276,2024-01-15
ACC-13586,Finance Client 3587,Finance,Southwest,SMB,55,2024-07-16
ACC-13587,Education Client 3588,Education,Northeast,SMB,63,2022-10-13
ACC-13588,Logistics Client 3589,Logistics,West,Mid-Market,685,2023-10-20
ACC-13589,Software Client 3590,Software,Northeast,Mid-Market,542,2022-12-24
ACC-13590,Logistics Client 3591,Logistics,Southwest,Enterprise,610,2023-05-24
ACC-13591,Healthcare Client 3592,Healthcare,Northeast,Mid-Market,287,2023-01-14
ACC-13592,Education Client 3593,Education,Northeast,SMB,79,2024-02-03
ACC-13593,Retail Client 3594,Retail,Midwest,Enterprise,751,2024-01-20
ACC-13594,Logistics Client 3595,Logistics,Southeast,SMB,80,2023-05-22
ACC-13595,Software Client 3596,Software,West,Enterprise,1141,2023-10-12
ACC-13596,Finance Client 3597,Finance,Midwest,Enterprise,2366,2023-05-30
ACC-13597,Real Estate Client 3598,Real Estate,West,SMB,89,2024-06-20
ACC-13598,Finance Client 3599,Finance,Northeast,Mid-Market,99,2024-02-08
ACC-13599,Education Client 3600,Education,West,Mid-Market,884,2024-12-01
ACC-13600,Manufacturing Client 3601,Manufacturing,Southwest,Enterprise,548,2022-01-23
ACC-13601,Education Client 3602,Education,Midwest,Enterprise,1818,2022-06-14
ACC-13602,Real Estate Client 3603,Real Estate,Northeast,Enterprise,1380,2025-01-18
ACC-13603,Software Client 3604,Software,West,SMB,87,2024-05-22
ACC-13604,Finance Client 3605,Finance,West,Mid-Market,240,2024-09-15
ACC-13605,Retail Client 3606,Retail,Southeast,Mid-Market,403,2022-03-20
ACC-13606,Education Client 3607,Education,Northeast,SMB,26,2024-08-13
ACC-13607,Finance Client 3608,Finance,Northeast,SMB,53,2022-08-17
ACC-13608,Education Client 3609,Education,West,SMB,68,2023-07-16
ACC-13609,Software Client 3610,Software,Northeast,SMB,46,2024-03-30
ACC-13610,Healthcare Client 3611,Healthcare,Midwest,SMB,39,2023-12-30
ACC-13611,Retail Client 3612,Retail,Midwest,SMB,53,2022-02-21
ACC-13612,Finance Client 3613,Finance,Southwest,Mid-Market,81,2022-06-13
ACC-13613,Logistics Client 3614,Logistics,West,Mid-Market,712,2023-11-13
ACC-13614,Software Client 3615,Software,Midwest,Enterprise,1206,2024-12-06
ACC-13615,Retail Client 3616,Retail,Southwest,SMB,71,2023-09-08
ACC-13616,Healthcare Client 3617,Healthcare,Midwest,Mid-Market,759,2023-01-03
ACC-13617,Finance Client 3618,Finance,Southwest,SMB,104,2023-04-04
ACC-13618,Logistics Client 3619,Logistics,West,SMB,150,2022-03-11
ACC-13619,Finance Client 3620,Finance,Northeast,Mid-Market,350,2023-04-25
ACC-13620,Logistics Client 3621,Logistics,Southeast,SMB,71,2022-06-17
ACC-13621,Education Client 3622,Education,Midwest,Mid-Market,155,2024-11-12
ACC-13622,Real Estate Client 3623,Real Estate,Northeast,Mid-Market,236,2024-04-30
ACC-13623,Manufacturing Client 3624,Manufacturing,Southwest,Mid-Market,347,2022-04-05
ACC-13624,Logistics Client 3625,Logistics,Southwest,Mid-Market,120,2023-06-03
ACC-13625,Real Estate Client 3626,Real Estate,Southeast,SMB,74,2024-08-29
ACC-13626,Software Client 3627,Software,Midwest,Mid-Market,327,2023-04-14
ACC-13627,Logistics Client 3628,Logistics,Southeast,Mid-Market,573,2024-09-24
ACC-13628,Logistics Client 3629,Logistics,Southwest,Mid-Market,194,2023-01-28
ACC-13629,Healthcare Client 3630,Healthcare,West,Enterprise,651,2022-11-25
ACC-13630,Real Estate Client 3631,Real Estate,Southeast,SMB,231,2022-03-10
ACC-13631,Retail Client 3632,Retail,Midwest,Enterprise,823,2024-03-24
ACC-13632,Manufacturing Client 3633,Manufacturing,Southeast,SMB,118,2023-05-29
ACC-13633,Education Client 3634,Education,Southwest,SMB,76,2024-03-24
ACC-13634,Healthcare Client 3635,Healthcare,Northeast,Enterprise,1509,2024-05-13
ACC-13635,Logistics Client 3636,Logistics,Southeast,Mid-Market,170,2024-12-16
ACC-13636,Education Client 3637,Education,Midwest,SMB,128,2023-11-18
ACC-13637,Logistics Client 3638,Logistics,Northeast,SMB,133,2024-08-26
ACC-13638,Education Client 3639,Education,Southwest,Mid-Market,263,2024-11-13
ACC-13639,Healthcare Client 3640,Healthcare,West,Mid-Market,933,2024-05-08
ACC-13640,Software Client 3641,Software,Southwest,SMB,24,2024-04-08
ACC-13641,Logistics Client 3642,Logistics,Southeast,Enterprise,1139,2022-08-03
ACC-13642,Education Client 3643,Education,Midwest,Enterprise,857,2023-09-13
ACC-13643,Education Client 3644,Education,Northeast,SMB,135,2023-01-06
ACC-13644,Healthcare Client 3645,Healthcare,West,Mid-Market,385,2024-07-15
ACC-13645,Logistics Client 3646,Logistics,Midwest,Mid-Market,320,2023-10-14
ACC-13646,Education Client 3647,Education,Midwest,Mid-Market,130,2024-09-03
ACC-13647,Education Client 3648,Education,Southeast,Mid-Market,431,2024-03-23
ACC-13648,Software Client 3649,Software,Southwest,SMB,37,2023-12-02
ACC-13649,Logistics Client 3650,Logistics,Southwest,SMB,23,2024-11-05
ACC-13650,Manufacturing Client 3651,Manufacturing,Midwest,Enterprise,1013,2025-01-11
ACC-13651,Logistics Client 3652,Logistics,West,SMB,53,2023-08-04
ACC-13652,Manufacturing Client 3653,Manufacturing,Northeast,SMB,116,2024-08-13
ACC-13653,Logistics Client 3654,Logistics,Midwest,Mid-Market,492,2022-06-18
ACC-13654,Healthcare Client 3655,Healthcare,Midwest,Mid-Market,239,2024-05-22
ACC-13655,Logistics Client 3656,Logistics,Northeast,Mid-Market,412,2024-08-26
ACC-13656,Education Client 3657,Education,Southeast,Enterprise,1412,2022-06-22
ACC-13657,Logistics Client 3658,Logistics,West,SMB,96,2022-11-28
ACC-13658,Real Estate Client 3659,Real Estate,West,Mid-Market,451,2025-01-06
ACC-13659,Healthcare Client 3660,Healthcare,Southwest,Enterprise,1057,2022-04-27
ACC-13660,Logistics Client 3661,Logistics,Northeast,SMB,75,2024-07-11
ACC-13661,Finance Client 3662,Finance,Southeast,SMB,99,2022-04-03
ACC-13662,Logistics Client 3663,Logistics,Midwest,SMB,135,2024-03-26
ACC-13663,Manufacturing Client 3664,Manufacturing,Southeast,SMB,72,2024-05-15
ACC-13664,Retail Client 3665,Retail,West,Mid-Market,122,2022-03-22
ACC-13665,Real Estate Client 3666,Real Estate,West,Mid-Market,517,2023-09-25
ACC-13666,Manufacturing Client 3667,Manufacturing,Northeast,Mid-Market,483,2023-05-04
ACC-13667,Education Client 3668,Education,Midwest,SMB,55,2023-11-05
ACC-13668,Manufacturing Client 3669,Manufacturing,Southwest,SMB,115,2024-12-02
ACC-13669,Manufacturing Client 3670,Manufacturing,Northeast,SMB,127,2023-04-10
ACC-13670,Healthcare Client 3671,Healthcare,Midwest,Mid-Market,394,2023-05-25
ACC-13671,Finance Client 3672,Finance,Midwest,Mid-Market,205,2023-08-08
ACC-13672,Logistics Client 3673,Logistics,Southwest,Enterprise,823,2022-12-04
ACC-13673,Finance Client 3674,Finance,Southeast,Enterprise,560,2024-03-17
ACC-13674,Real Estate Client 3675,Real Estate,West,SMB,29,2023-10-22
ACC-13675,Manufacturing Client 3676,Manufacturing,Midwest,Mid-Market,688,2024-10-20
ACC-13676,Education Client 3677,Education,Southeast,Mid-Market,231,2022-03-13
ACC-13677,Software Client 3678,Software,Southeast,Enterprise,874,2022-11-07
ACC-13678,Healthcare Client 3679,Healthcare,Southeast,Mid-Market,463,2022-03-22
ACC-13679,Software Client 3680,Software,Northeast,Mid-Market,479,2022-12-10
ACC-13680,Real Estate Client 3681,Real Estate,West,Mid-Market,258,2024-04-18
ACC-13681,Healthcare Client 3682,Healthcare,West,Enterprise,2123,2025-02-22
ACC-13682,Software Client 3683,Software,Southwest,Mid-Market,189,2024-11-13
ACC-13683,Real Estate Client 3684,Real Estate,Midwest,Mid-Market,256,2023-09-24
ACC-13684,Healthcare Client 3685,Healthcare,West,SMB,91,2022-10-22
ACC-13685,Education Client 3686,Education,West,Mid-Market,495,2024-04-27
ACC-13686,Logistics Client 3687,Logistics,Southeast,SMB,66,2022-10-30
ACC-13687,Retail Client 3688,Retail,Northeast,SMB,235,2023-12-27
ACC-13688,Software Client 3689,Software,Southeast,SMB,87,2022-11-12
ACC-13689,Finance Client 3690,Finance,Southwest,Enterprise,2754,2022-08-27
ACC-13690,Logistics Client 3691,Logistics,Northeast,SMB,36,2024-01-25
ACC-13691,Manufacturing Client 3692,Manufacturing,West,Mid-Market,248,2023-11-03
ACC-13692,Finance Client 3693,Finance,West,Enterprise,1771,2022-05-30
ACC-13693,Education Client 3694,Education,West,SMB,42,2024-03-18
ACC-13694,Healthcare Client 3695,Healthcare,West,Enterprise,877,2022-12-09
ACC-13695,Retail Client 3696,Retail,Northeast,SMB,107,2023-01-24
ACC-13696,Manufacturing Client 3697,Manufacturing,Southwest,Enterprise,1555,2022-02-20
ACC-13697,Healthcare Client 3698,Healthcare,Southeast,SMB,38,2024-08-29
ACC-13698,Software Client 3699,Software,Southeast,Enterprise,1068,2024-06-17
ACC-13699,Education Client 3700,Education,Midwest,SMB,128,2023-09-24
ACC-13700,Real Estate Client 3701,Real Estate,Southeast,SMB,67,2025-01-09
ACC-13701,Manufacturing Client 3702,Manufacturing,Midwest,Mid-Market,346,2025-02-19
ACC-13702,Real Estate Client 3703,Real Estate,Midwest,SMB,73,2022-08-28
ACC-13703,Education Client 3704,Education,Midwest,Mid-Market,178,2022-01-20
ACC-13704,Education Client 3705,Education,Southwest,Mid-Market,522,2023-02-19
ACC-13705,Healthcare Client 3706,Healthcare,Northeast,SMB,163,2023-02-24
ACC-13706,Manufacturing Client 3707,Manufacturing,Southeast,SMB,35,2023-10-16
ACC-13707,Manufacturing Client 3708,Manufacturing,Midwest,Mid-Market,592,2024-10-18
ACC-13708,Real Estate Client 3709,Real Estate,Northeast,Mid-Market,397,2022-07-31
ACC-13709,Education Client 3710,Education,Midwest,SMB,170,2022-05-27
ACC-13710,Software Client 3711,Software,Northeast,Mid-Market,115,2024-07-15
ACC-13711,Logistics Client 3712,Logistics,Southeast,Mid-Market,324,2023-09-03
ACC-13712,Healthcare Client 3713,Healthcare,West,Mid-Market,187,2023-07-28
ACC-13713,Real Estate Client 3714,Real Estate,West,SMB,37,2024-12-17
ACC-13714,Finance Client 3715,Finance,Northeast,SMB,46,2024-07-18
ACC-13715,Manufacturing Client 3716,Manufacturing,Northeast,Enterprise,989,2024-06-30
ACC-13716,Real Estate Client 3717,Real Estate,Southeast,SMB,26,2022-11-23
ACC-13717,Retail Client 3718,Retail,Southwest,Mid-Market,372,2024-04-26
ACC-13718,Manufacturing Client 3719,Manufacturing,Midwest,Mid-Market,249,2024-01-21
ACC-13719,Logistics Client 3720,Logistics,Southeast,Mid-Market,235,2022-05-20
ACC-13720,Finance Client 3721,Finance,Southeast,Enterprise,1309,2022-06-15
ACC-13721,Retail Client 3722,Retail,Southwest,SMB,45,2023-12-14
ACC-13722,Finance Client 3723,Finance,Midwest,Mid-Market,527,2023-01-27
ACC-13723,Logistics Client 3724,Logistics,Southwest,SMB,57,2024-01-19
ACC-13724,Manufacturing Client 3725,Manufacturing,Southeast,SMB,66,2022-06-21
ACC-13725,Real Estate Client 3726,Real Estate,Midwest,SMB,42,2023-07-11
ACC-13726,Education Client 3727,Education,Southeast,Mid-Market,557,2023-11-21
ACC-13727,Retail Client 3728,Retail,Midwest,Mid-Market,311,2024-01-09
ACC-13728,Healthcare Client 3729,Healthcare,Midwest,Mid-Market,353,2023-10-04
ACC-13729,Finance Client 3730,Finance,Southeast,Mid-Market,1146,2022-01-10
ACC-13730,Finance Client 3731,Finance,Southeast,Mid-Market,154,2023-02-24
ACC-13731,Education Client 3732,Education,Southeast,SMB,33,2024-07-14
ACC-13732,Healthcare Client 3733,Healthcare,Northeast,Mid-Market,454,2024-05-29
ACC-13733,Software Client 3734,Software,Midwest,Mid-Market,339,2022-09-27
ACC-13734,Healthcare Client 3735,Healthcare,Northeast,SMB,29,2022-07-23
ACC-13735,Software Client 3736,Software,Southeast,SMB,61,2023-08-10
ACC-13736,Real Estate Client 3737,Real Estate,Southwest,Mid-Market,235,2024-09-20
ACC-13737,Education Client 3738,Education,Midwest,Mid-Market,555,2022-10-23
ACC-13738,Healthcare Client 3739,Healthcare,Southeast,Enterprise,1167,2022-05-04
ACC-13739,Retail Client 3740,Retail,Southwest,Enterprise,1634,2024-06-02
ACC-13740,Logistics Client 3741,Logistics,Midwest,Mid-Market,397,2022-12-26
ACC-13741,Logistics Client 3742,Logistics,Midwest,SMB,52,2024-06-06
ACC-13742,Real Estate Client 3743,Real Estate,Northeast,SMB,33,2023-01-10
ACC-13743,Finance Client 3744,Finance,Southwest,Mid-Market,220,2022-04-23
ACC-13744,Logistics Client 3745,Logistics,Midwest,SMB,70,2023-08-04
ACC-13745,Healthcare Client 3746,Healthcare,West,SMB,63,2022-07-01
ACC-13746,Software Client 3747,Software,Midwest,Mid-Market,431,2024-02-23
ACC-13747,Education Client 3748,Education,Northeast,SMB,70,2022-10-22
ACC-13748,Manufacturing Client 3749,Manufacturing,West,Mid-Market,377,2022-03-09
ACC-13749,Education Client 3750,Education,Southeast,SMB,291,2024-02-18
ACC-13750,Retail Client 3751,Retail,Southwest,SMB,68,2024-10-05
ACC-13751,Finance Client 3752,Finance,Northeast,Mid-Market,504,2023-11-16
ACC-13752,Manufacturing Client 3753,Manufacturing,Southwest,SMB,57,2023-11-15
ACC-13753,Healthcare Client 3754,Healthcare,West,SMB,35,2024-01-17
ACC-13754,Finance Client 3755,Finance,Southeast,SMB,74,2023-09-15
ACC-13755,Education Client 3756,Education,West,Mid-Market,400,2022-02-17
ACC-13756,Software Client 3757,Software,Midwest,SMB,123,2024-12-03
ACC-13757,Manufacturing Client 3758,Manufacturing,Southeast,SMB,30,2024-07-03
ACC-13758,Real Estate Client 3759,Real Estate,Northeast,SMB,88,2024-08-04
ACC-13759,Manufacturing Client 3760,Manufacturing,Northeast,Mid-Market,69,2024-01-12
ACC-13760,Logistics Client 3761,Logistics,Northeast,SMB,26,2025-01-23
ACC-13761,Finance Client 3762,Finance,West,Mid-Market,182,2023-09-21
ACC-13762,Manufacturing Client 3763,Manufacturing,Southwest,Enterprise,381,2023-04-25
ACC-13763,Finance Client 3764,Finance,West,Enterprise,1018,2022-11-27
ACC-13764,Finance Client 3765,Finance,Midwest,Mid-Market,658,2022-04-30
ACC-13765,Real Estate Client 3766,Real Estate,Northeast,SMB,40,2023-09-15
ACC-13766,Manufacturing Client 3767,Manufacturing,West,Enterprise,886,2023-04-28
ACC-13767,Finance Client 3768,Finance,Northeast,Enterprise,489,2022-01-06
ACC-13768,Healthcare Client 3769,Healthcare,Midwest,Enterprise,1145,2024-04-21
ACC-13769,Retail Client 3770,Retail,West,Enterprise,753,2024-09-15
ACC-13770,Logistics Client 3771,Logistics,Southeast,Mid-Market,122,2023-05-25
ACC-13771,Software Client 3772,Software,Southwest,SMB,63,2023-11-01
ACC-13772,Retail Client 3773,Retail,Southeast,Mid-Market,284,2025-01-13
ACC-13773,Logistics Client 3774,Logistics,Northeast,Mid-Market,358,2022-05-07
ACC-13774,Manufacturing Client 3775,Manufacturing,Southwest,SMB,72,2024-10-10
ACC-13775,Healthcare Client 3776,Healthcare,Southeast,Mid-Market,411,2022-09-05
ACC-13776,Software Client 3777,Software,Midwest,SMB,190,2023-07-08
ACC-13777,Manufacturing Client 3778,Manufacturing,Northeast,SMB,66,2022-03-15
ACC-13778,Logistics Client 3779,Logistics,Southeast,SMB,48,2025-01-09
ACC-13779,Software Client 3780,Software,Southwest,SMB,94,2023-05-10
ACC-13780,Retail Client 3781,Retail,Southeast,Mid-Market,698,2024-04-17
ACC-13781,Software Client 3782,Software,Southeast,SMB,139,2024-12-19
ACC-13782,Education Client 3783,Education,West,SMB,23,2024-10-28
ACC-13783,Retail Client 3784,Retail,Southwest,SMB,125,2024-03-14
ACC-13784,Logistics Client 3785,Logistics,Midwest,Enterprise,635,2024-12-03
ACC-13785,Retail Client 3786,Retail,Northeast,Mid-Market,119,2022-11-30
ACC-13786,Logistics Client 3787,Logistics,Northeast,Enterprise,1886,2024-08-09
ACC-13787,Education Client 3788,Education,West,Enterprise,1484,2024-12-06
ACC-13788,Logistics Client 3789,Logistics,West,Mid-Market,144,2023-11-19
ACC-13789,Logistics Client 3790,Logistics,West,SMB,130,2023-08-24
ACC-13790,Retail Client 3791,Retail,Northeast,SMB,70,2022-12-26
ACC-13791,Education Client 3792,Education,West,SMB,40,2023-11-30
ACC-13792,Software Client 3793,Software,Southeast,SMB,34,2023-03-07
ACC-13793,Finance Client 3794,Finance,Midwest,Enterprise,1182,2022-09-25
ACC-13794,Real Estate Client 3795,Real Estate,West,SMB,214,2023-10-02
ACC-13795,Retail Client 3796,Retail,Northeast,Mid-Market,235,2023-01-19
ACC-13796,Finance Client 3797,Finance,Southeast,Mid-Market,239,2024-05-19
ACC-13797,Real Estate Client 3798,Real Estate,Southeast,Enterprise,422,2023-12-29
ACC-13798,Finance Client 3799,Finance,Northeast,Mid-Market,158,2024-11-08
ACC-13799,Healthcare Client 3800,Healthcare,Midwest,Enterprise,764,2025-01-26
ACC-13800,Education Client 3801,Education,Southeast,SMB,108,2023-08-13
ACC-13801,Finance Client 3802,Finance,Southeast,Enterprise,1296,2023-04-01
ACC-13802,Logistics Client 3803,Logistics,West,Mid-Market,189,2024-10-18
ACC-13803,Education Client 3804,Education,Southwest,Mid-Market,178,2023-03-28
ACC-13804,Healthcare Client 3805,Healthcare,Northeast,SMB,48,2023-06-04
ACC-13805,Software Client 3806,Software,Midwest,Mid-Market,154,2023-05-18
ACC-13806,Real Estate Client 3807,Real Estate,Northeast,SMB,98,2024-02-08
ACC-13807,Finance Client 3808,Finance,Northeast,Mid-Market,176,2022-05-20
ACC-13808,Education Client 3809,Education,Midwest,SMB,45,2023-12-21
ACC-13809,Manufacturing Client 3810,Manufacturing,Northeast,SMB,52,2024-08-14
ACC-13810,Manufacturing Client 3811,Manufacturing,Midwest,Mid-Market,353,2024-09-16
ACC-13811,Education Client 3812,Education,West,SMB,166,2023-03-22
ACC-13812,Software Client 3813,Software,West,Mid-Market,396,2023-10-18
ACC-13813,Logistics Client 3814,Logistics,Southwest,SMB,160,2022-10-20
ACC-13814,Education Client 3815,Education,West,SMB,45,2023-12-31
ACC-13815,Retail Client 3816,Retail,West,Enterprise,242,2022-05-19
ACC-13816,Logistics Client 3817,Logistics,Southwest,Mid-Market,673,2024-09-29
ACC-13817,Manufacturing Client 3818,Manufacturing,Southeast,Enterprise,1059,2023-05-17
ACC-13818,Education Client 3819,Education,Southwest,SMB,74,2023-10-19
ACC-13819,Healthcare Client 3820,Healthcare,Midwest,SMB,31,2023-10-01
ACC-13820,Finance Client 3821,Finance,Southwest,Mid-Market,408,2024-12-09
ACC-13821,Manufacturing Client 3822,Manufacturing,West,Mid-Market,676,2024-12-25
ACC-13822,Education Client 3823,Education,West,Mid-Market,462,2022-08-23
ACC-13823,Software Client 3824,Software,West,Mid-Market,178,2023-10-04
ACC-13824,Software Client 3825,Software,Midwest,Enterprise,613,2024-03-21
ACC-13825,Healthcare Client 3826,Healthcare,Southeast,SMB,85,2023-12-12
ACC-13826,Logistics Client 3827,Logistics,Midwest,SMB,171,2022-07-18
ACC-13827,Software Client 3828,Software,West,Enterprise,1408,2023-09-05
ACC-13828,Healthcare Client 3829,Healthcare,Southwest,Mid-Market,1161,2024-12-03
ACC-13829,Real Estate Client 3830,Real Estate,Southwest,SMB,21,2024-02-20
ACC-13830,Healthcare Client 3831,Healthcare,Southeast,SMB,109,2024-02-02
ACC-13831,Software Client 3832,Software,Southeast,Mid-Market,793,2024-09-26
ACC-13832,Healthcare Client 3833,Healthcare,Southwest,Enterprise,2294,2024-06-16
ACC-13833,Finance Client 3834,Finance,Southwest,Enterprise,1359,2024-07-23
ACC-13834,Software Client 3835,Software,Southeast,Mid-Market,256,2023-01-17
ACC-13835,Real Estate Client 3836,Real Estate,Southwest,Mid-Market,361,2023-03-14
ACC-13836,Healthcare Client 3837,Healthcare,Midwest,SMB,42,2024-04-11
ACC-13837,Finance Client 3838,Finance,Midwest,SMB,81,2023-01-17
ACC-13838,Software Client 3839,Software,West,Mid-Market,316,2022-04-10
ACC-13839,Logistics Client 3840,Logistics,Southeast,SMB,85,2022-07-17
ACC-13840,Real Estate Client 3841,Real Estate,Southwest,SMB,48,2024-09-13
ACC-13841,Real Estate Client 3842,Real Estate,Southwest,Mid-Market,376,2022-01-22
ACC-13842,Logistics Client 3843,Logistics,Midwest,SMB,195,2023-05-21
ACC-13843,Logistics Client 3844,Logistics,Northeast,SMB,49,2024-04-10
ACC-13844,Finance Client 3845,Finance,Southeast,Mid-Market,453,2023-09-02
ACC-13845,Education Client 3846,Education,Southeast,SMB,23,2022-01-03
ACC-13846,Finance Client 3847,Finance,Northeast,SMB,45,2022-12-21
ACC-13847,Education Client 3848,Education,Southeast,Mid-Market,522,2022-03-07
ACC-13848,Education Client 3849,Education,Northeast,Mid-Market,232,2022-09-16
ACC-13849,Logistics Client 3850,Logistics,West,Enterprise,792,2024-01-19
ACC-13850,Finance Client 3851,Finance,Southeast,Mid-Market,209,2023-01-06
ACC-13851,Manufacturing Client 3852,Manufacturing,Southeast,Enterprise,1978,2023-02-20
ACC-13852,Retail Client 3853,Retail,Southwest,SMB,153,2022-05-06
ACC-13853,Logistics Client 3854,Logistics,West,Enterprise,1785,2023-05-30
ACC-13854,Manufacturing Client 3855,Manufacturing,Southeast,SMB,75,2024-06-25
ACC-13855,Finance Client 3856,Finance,Southeast,Mid-Market,515,2022-04-28
ACC-13856,Retail Client 3857,Retail,West,SMB,43,2023-03-06
ACC-13857,Healthcare Client 3858,Healthcare,Southeast,SMB,168,2024-12-11
ACC-13858,Real Estate Client 3859,Real Estate,West,SMB,46,2022-02-03
ACC-13859,Healthcare Client 3860,Healthcare,Southwest,SMB,56,2025-01-05
ACC-13860,Education Client 3861,Education,Southwest,SMB,43,2023-03-05
ACC-13861,Logistics Client 3862,Logistics,Southeast,Mid-Market,659,2023-10-17
ACC-13862,Retail Client 3863,Retail,Midwest,Enterprise,952,2024-01-11
ACC-13863,Manufacturing Client 3864,Manufacturing,Southeast,Mid-Market,194,2025-01-25
ACC-13864,Healthcare Client 3865,Healthcare,Northeast,Mid-Market,288,2022-07-14
ACC-13865,Finance Client 3866,Finance,Midwest,Mid-Market,392,2023-08-22
ACC-13866,Education Client 3867,Education,Southeast,Mid-Market,410,2024-10-20
ACC-13867,Manufacturing Client 3868,Manufacturing,Midwest,SMB,52,2022-07-31
ACC-13868,Manufacturing Client 3869,Manufacturing,Midwest,SMB,41,2022-02-13
ACC-13869,Logistics Client 3870,Logistics,Midwest,SMB,73,2022-01-13
ACC-13870,Education Client 3871,Education,West,SMB,66,2023-06-05
ACC-13871,Education Client 3872,Education,Southeast,SMB,47,2025-02-13
ACC-13872,Real Estate Client 3873,Real Estate,Northeast,SMB,131,2023-07-07
ACC-13873,Manufacturing Client 3874,Manufacturing,West,SMB,59,2025-01-27
ACC-13874,Healthcare Client 3875,Healthcare,Northeast,SMB,55,2022-06-30
ACC-13875,Retail Client 3876,Retail,Midwest,Mid-Market,276,2023-04-25
ACC-13876,Retail Client 3877,Retail,Southwest,SMB,72,2022-01-18
ACC-13877,Education Client 3878,Education,Northeast,Mid-Market,448,2022-02-16
ACC-13878,Education Client 3879,Education,Southwest,SMB,53,2023-05-28
ACC-13879,Logistics Client 3880,Logistics,Southwest,Mid-Market,339,2023-07-22
ACC-13880,Logistics Client 3881,Logistics,Southwest,SMB,133,2023-09-10
ACC-13881,Software Client 3882,Software,Northeast,Mid-Market,328,2022-09-28
ACC-13882,Finance Client 3883,Finance,West,Enterprise,6636,2024-09-17
ACC-13883,Real Estate Client 3884,Real Estate,Southeast,Mid-Market,672,2022-09-23
ACC-13884,Healthcare Client 3885,Healthcare,Southwest,SMB,50,2022-04-22
ACC-13885,Real Estate Client 3886,Real Estate,West,Mid-Market,323,2024-09-20
ACC-13886,Finance Client 3887,Finance,Midwest,SMB,130,2022-12-29
ACC-13887,Education Client 3888,Education,Southwest,Enterprise,1886,2023-01-29
ACC-13888,Retail Client 3889,Retail,Midwest,Mid-Market,342,2023-07-10
ACC-13889,Logistics Client 3890,Logistics,Southeast,SMB,58,2022-03-20
ACC-13890,Real Estate Client 3891,Real Estate,West,Enterprise,1616,2024-09-28
ACC-13891,Retail Client 3892,Retail,Northeast,SMB,119,2022-05-14
ACC-13892,Software Client 3893,Software,Southwest,SMB,102,2023-01-29
ACC-13893,Software Client 3894,Software,West,SMB,20,2023-03-04
ACC-13894,Retail Client 3895,Retail,Midwest,SMB,179,2023-02-14
ACC-13895,Education Client 3896,Education,Southeast,Enterprise,900,2022-02-09
ACC-13896,Retail Client 3897,Retail,Northeast,Enterprise,1224,2023-11-11
ACC-13897,Education Client 3898,Education,Midwest,SMB,27,2023-07-07
ACC-13898,Finance Client 3899,Finance,Northeast,Mid-Market,352,2024-07-31
ACC-13899,Manufacturing Client 3900,Manufacturing,Midwest,SMB,50,2023-03-08
ACC-13900,Retail Client 3901,Retail,Southwest,SMB,208,2024-07-23
ACC-13901,Finance Client 3902,Finance,Midwest,SMB,68,2024-12-04
ACC-13902,Real Estate Client 3903,Real Estate,Southwest,SMB,192,2024-11-09
ACC-13903,Manufacturing Client 3904,Manufacturing,Northeast,SMB,230,2022-11-27
ACC-13904,Logistics Client 3905,Logistics,Northeast,Enterprise,1600,2023-11-21
ACC-13905,Software Client 3906,Software,Northeast,Enterprise,959,2023-01-08
ACC-13906,Education Client 3907,Education,West,SMB,53,2023-06-20
ACC-13907,Real Estate Client 3908,Real Estate,Southwest,Mid-Market,291,2022-01-16
ACC-13908,Manufacturing Client 3909,Manufacturing,Northeast,SMB,38,2024-11-26
ACC-13909,Retail Client 3910,Retail,West,SMB,38,2022-08-15
ACC-13910,Manufacturing Client 3911,Manufacturing,West,Enterprise,1251,2022-01-20
ACC-13911,Logistics Client 3912,Logistics,Southwest,Enterprise,690,2024-10-08
ACC-13912,Education Client 3913,Education,Midwest,SMB,47,2022-10-15
ACC-13913,Finance Client 3914,Finance,Northeast,Mid-Market,807,2022-06-18
ACC-13914,Finance Client 3915,Finance,Southeast,SMB,154,2022-03-10
ACC-13915,Retail Client 3916,Retail,Southeast,SMB,104,2022-11-04
ACC-13916,Manufacturing Client 3917,Manufacturing,Midwest,Mid-Market,344,2022-09-30
ACC-13917,Software Client 3918,Software,Northeast,Enterprise,644,2023-04-09
ACC-13918,Education Client 3919,Education,Northeast,SMB,129,2025-02-06
ACC-13919,Retail Client 3920,Retail,Midwest,SMB,54,2023-03-07
ACC-13920,Logistics Client 3921,Logistics,Southeast,Mid-Market,355,2022-04-22
ACC-13921,Finance Client 3922,Finance,Southeast,Mid-Market,374,2023-10-05
ACC-13922,Real Estate Client 3923,Real Estate,Northeast,Mid-Market,404,2025-01-17
ACC-13923,Manufacturing Client 3924,Manufacturing,West,SMB,61,2024-02-13
ACC-13924,Real Estate Client 3925,Real Estate,Southwest,Mid-Market,393,2023-07-28
ACC-13925,Manufacturing Client 3926,Manufacturing,West,SMB,45,2023-11-25
ACC-13926,Real Estate Client 3927,Real Estate,Southwest,SMB,71,2023-09-15
ACC-13927,Healthcare Client 3928,Healthcare,Southwest,Enterprise,542,2024-09-09
ACC-13928,Logistics Client 3929,Logistics,Southeast,Enterprise,1269,2023-03-27
ACC-13929,Retail Client 3930,Retail,Midwest,Enterprise,1848,2023-10-08
ACC-13930,Logistics Client 3931,Logistics,Northeast,SMB,47,2022-11-27
ACC-13931,Real Estate Client 3932,Real Estate,West,Mid-Market,656,2024-10-15
ACC-13932,Manufacturing Client 3933,Manufacturing,West,SMB,78,2023-10-08
ACC-13933,Retail Client 3934,Retail,Northeast,Mid-Market,152,2025-01-14
ACC-13934,Manufacturing Client 3935,Manufacturing,Southeast,SMB,90,2024-10-28
ACC-13935,Real Estate Client 3936,Real Estate,Southeast,SMB,46,2024-03-25
ACC-13936,Real Estate Client 3937,Real Estate,West,Mid-Market,457,2023-04-16
ACC-13937,Manufacturing Client 3938,Manufacturing,Midwest,Mid-Market,59,2023-01-14
ACC-13938,Software Client 3939,Software,Southwest,Mid-Market,550,2022-06-17
ACC-13939,Healthcare Client 3940,Healthcare,Midwest,SMB,44,2023-06-16
ACC-13940,Healthcare Client 3941,Healthcare,West,Mid-Market,439,2024-11-11
ACC-13941,Finance Client 3942,Finance,Midwest,Enterprise,688,2024-08-09
ACC-13942,Education Client 3943,Education,Southeast,Enterprise,1115,2023-12-31
ACC-13943,Retail Client 3944,Retail,Southwest,SMB,101,2022-08-22
ACC-13944,Healthcare Client 3945,Healthcare,Midwest,Mid-Market,370,2022-03-06
ACC-13945,Real Estate Client 3946,Real Estate,Midwest,Enterprise,686,2023-07-08
ACC-13946,Education Client 3947,Education,West,SMB,85,2023-12-25
ACC-13947,Healthcare Client 3948,Healthcare,Northeast,SMB,67,2024-05-18
ACC-13948,Education Client 3949,Education,Midwest,Mid-Market,217,2022-02-05
ACC-13949,Education Client 3950,Education,Midwest,SMB,24,2023-04-08
ACC-13950,Logistics Client 3951,Logistics,Southeast,Mid-Market,427,2023-02-15
ACC-13951,Manufacturing Client 3952,Manufacturing,Midwest,Enterprise,1503,2024-01-19
ACC-13952,Real Estate Client 3953,Real Estate,Northeast,Mid-Market,461,2023-03-19
ACC-13953,Manufacturing Client 3954,Manufacturing,Midwest,Enterprise,1778,2023-10-29
ACC-13954,Real Estate Client 3955,Real Estate,Midwest,SMB,54,2022-08-11
ACC-13955,Logistics Client 3956,Logistics,Southwest,Enterprise,2523,2022-11-11
ACC-13956,Finance Client 3957,Finance,Northeast,Mid-Market,495,2022-04-18
ACC-13957,Retail Client 3958,Retail,West,SMB,41,2024-04-01
ACC-13958,Software Client 3959,Software,Midwest,Enterprise,2186,2024-05-24
ACC-13959,Education Client 3960,Education,West,SMB,112,2024-01-16
ACC-13960,Real Estate Client 3961,Real Estate,Southeast,SMB,146,2022-12-10
ACC-13961,Retail Client 3962,Retail,Southwest,SMB,87,2025-01-27
ACC-13962,Manufacturing Client 3963,Manufacturing,Northeast,SMB,78,2023-09-04
ACC-13963,Retail Client 3964,Retail,Southeast,SMB,120,2023-10-02
ACC-13964,Real Estate Client 3965,Real Estate,West,SMB,48,2024-02-27
ACC-13965,Manufacturing Client 3966,Manufacturing,Southwest,Mid-Market,420,2022-11-03
ACC-13966,Logistics Client 3967,Logistics,Northeast,SMB,116,2022-07-26
ACC-13967,Retail Client 3968,Retail,Southwest,SMB,57,2023-04-04
ACC-13968,Education Client 3969,Education,Northeast,SMB,92,2023-11-25
ACC-13969,Finance Client 3970,Finance,Southwest,SMB,151,2022-04-08
ACC-13970,Manufacturing Client 3971,Manufacturing,Southeast,Enterprise,244,2022-06-14
ACC-13971,Real Estate Client 3972,Real Estate,Southwest,SMB,36,2024-05-13
ACC-13972,Education Client 3973,Education,Midwest,SMB,94,2023-06-24
ACC-13973,Education Client 3974,Education,Southwest,Enterprise,1003,2024-06-13
ACC-13974,Education Client 3975,Education,Northeast,Mid-Market,321,2022-09-26
ACC-13975,Software Client 3976,Software,West,SMB,127,2022-05-10
ACC-13976,Healthcare Client 3977,Healthcare,Southeast,Enterprise,1050,2024-04-07
ACC-13977,Retail Client 3978,Retail,Midwest,Enterprise,1547,2022-08-23
ACC-13978,Finance Client 3979,Finance,West,Mid-Market,533,2024-10-17
ACC-13979,Healthcare Client 3980,Healthcare,Southwest,Mid-Market,337,2024-08-14
ACC-13980,Software Client 3981,Software,Southeast,SMB,120,2023-12-04
ACC-13981,Manufacturing Client 3982,Manufacturing,Southwest,Mid-Market,149,2025-02-12
ACC-13982,Education Client 3983,Education,Midwest,Mid-Market,533,2022-02-12
ACC-13983,Logistics Client 3984,Logistics,Midwest,Mid-Market,224,2022-06-08
ACC-13984,Healthcare Client 3985,Healthcare,Southwest,Mid-Market,109,2023-09-05
ACC-13985,Logistics Client 3986,Logistics,Southeast,Mid-Market,315,2022-09-08
ACC-13986,Education Client 3987,Education,Midwest,SMB,214,2022-12-12
ACC-13987,Real Estate Client 3988,Real Estate,Southeast,SMB,77,2023-09-30
ACC-13988,Finance Client 3989,Finance,Northeast,Mid-Market,618,2024-06-28
ACC-13989,Retail Client 3990,Retail,Southeast,SMB,75,2023-08-31
ACC-13990,Logistics Client 3991,Logistics,Southeast,SMB,41,2022-12-10
ACC-13991,Finance Client 3992,Finance,Southwest,Mid-Market,462,2023-11-05
ACC-13992,Manufacturing Client 3993,Manufacturing,West,Enterprise,1005,2022-03-03
ACC-13993,Healthcare Client 3994,Healthcare,Southeast,Mid-Market,270,2023-04-29
ACC-13994,Logistics Client 3995,Logistics,West,Enterprise,987,2023-07-20
ACC-13995,Manufacturing Client 3996,Manufacturing,Southeast,Mid-Market,307,2025-02-13
ACC-13996,Healthcare Client 3997,Healthcare,Southeast,Enterprise,1397,2022-03-02
ACC-13997,Retail Client 3998,Retail,Southwest,SMB,130,2023-01-03
ACC-13998,Retail Client 3999,Retail,West,SMB,175,2022-03-16
ACC-13999,Healthcare Client 4000,Healthcare,Northeast,Mid-Market,207,2025-01-15
ACC-14000,Logistics Client 4001,Logistics,Midwest,SMB,98,2024-07-26
ACC-14001,Finance Client 4002,Finance,West,SMB,270,2023-04-12
ACC-14002,Healthcare Client 4003,Healthcare,Midwest,SMB,53,2022-04-18
ACC-14003,Healthcare Client 4004,Healthcare,Southeast,Mid-Market,241,2025-02-07
ACC-14004,Real Estate Client 4005,Real Estate,West,SMB,201,2024-06-24
ACC-14005,Software Client 4006,Software,Midwest,Mid-Market,208,2022-09-22
ACC-14006,Logistics Client 4007,Logistics,West,Enterprise,512,2022-02-07
ACC-14007,Manufacturing Client 4008,Manufacturing,Midwest,SMB,72,2023-07-25
ACC-14008,Software Client 4009,Software,West,Mid-Market,179,2023-07-09
ACC-14009,Finance Client 4010,Finance,Southwest,SMB,55,2022-11-22
ACC-14010,Manufacturing Client 4011,Manufacturing,Midwest,SMB,56,2024-10-22
ACC-14011,Retail Client 4012,Retail,Southwest,SMB,144,2024-10-26
ACC-14012,Education Client 4013,Education,West,SMB,83,2022-06-11
ACC-14013,Real Estate Client 4014,Real Estate,Midwest,Mid-Market,321,2024-11-27
ACC-14014,Retail Client 4015,Retail,Southeast,SMB,113,2022-12-26
ACC-14015,Healthcare Client 4016,Healthcare,Northeast,Enterprise,698,2023-05-03
ACC-14016,Retail Client 4017,Retail,Southwest,Mid-Market,183,2024-02-17
ACC-14017,Software Client 4018,Software,Midwest,SMB,63,2023-02-23
ACC-14018,Education Client 4019,Education,Southeast,SMB,78,2024-03-13
ACC-14019,Finance Client 4020,Finance,West,Mid-Market,598,2022-10-21
ACC-14020,Manufacturing Client 4021,Manufacturing,Midwest,SMB,45,2022-10-13
ACC-14021,Real Estate Client 4022,Real Estate,Midwest,SMB,141,2023-03-06
ACC-14022,Real Estate Client 4023,Real Estate,Southeast,SMB,70,2022-08-16
ACC-14023,Manufacturing Client 4024,Manufacturing,Southwest,SMB,151,2024-12-29
ACC-14024,Education Client 4025,Education,Southeast,SMB,69,2023-10-19
ACC-14025,Education Client 4026,Education,Southeast,Mid-Market,630,2024-06-04
ACC-14026,Finance Client 4027,Finance,Southwest,SMB,96,2024-11-04
ACC-14027,Retail Client 4028,Retail,West,SMB,52,2024-02-05
ACC-14028,Retail Client 4029,Retail,Southwest,SMB,94,2024-10-06
ACC-14029,Software Client 4030,Software,Southeast,SMB,74,2024-05-31
ACC-14030,Retail Client 4031,Retail,West,SMB,176,2022-08-30
ACC-14031,Retail Client 4032,Retail,West,SMB,53,2023-07-27
ACC-14032,Manufacturing Client 4033,Manufacturing,Southwest,SMB,128,2023-12-23
ACC-14033,Real Estate Client 4034,Real Estate,Southeast,SMB,70,2022-09-08
ACC-14034,Real Estate Client 4035,Real Estate,West,Enterprise,313,2024-10-27
ACC-14035,Logistics Client 4036,Logistics,Southwest,SMB,127,2024-04-27
ACC-14036,Education Client 4037,Education,West,Mid-Market,288,2024-12-14
ACC-14037,Logistics Client 4038,Logistics,Northeast,Mid-Market,765,2022-10-08
ACC-14038,Retail Client 4039,Retail,Southwest,Enterprise,330,2024-07-11
ACC-14039,Logistics Client 4040,Logistics,Northeast,SMB,166,2023-03-05
ACC-14040,Software Client 4041,Software,Northeast,SMB,68,2024-03-11
ACC-14041,Healthcare Client 4042,Healthcare,Southwest,SMB,51,2023-03-04
ACC-14042,Finance Client 4043,Finance,West,Mid-Market,203,2022-02-14
ACC-14043,Manufacturing Client 4044,Manufacturing,Southwest,Mid-Market,171,2024-03-24
ACC-14044,Healthcare Client 4045,Healthcare,Midwest,SMB,68,2024-06-16
ACC-14045,Retail Client 4046,Retail,Northeast,SMB,81,2023-01-23
ACC-14046,Real Estate Client 4047,Real Estate,Southwest,Mid-Market,164,2023-02-13
ACC-14047,Education Client 4048,Education,Southwest,SMB,89,2022-01-18
ACC-14048,Manufacturing Client 4049,Manufacturing,West,SMB,123,2022-06-12
ACC-14049,Education Client 4050,Education,Southeast,Enterprise,1122,2025-01-31
ACC-14050,Real Estate Client 4051,Real Estate,Midwest,Mid-Market,312,2025-01-07
ACC-14051,Software Client 4052,Software,West,SMB,249,2023-08-07
ACC-14052,Real Estate Client 4053,Real Estate,Southeast,SMB,133,2022-10-28
ACC-14053,Software Client 4054,Software,Midwest,SMB,117,2024-04-27
ACC-14054,Logistics Client 4055,Logistics,Midwest,SMB,55,2023-10-31
ACC-14055,Real Estate Client 4056,Real Estate,Midwest,Mid-Market,157,2024-06-08
ACC-14056,Real Estate Client 4057,Real Estate,Northeast,Enterprise,1971,2024-02-29
ACC-14057,Manufacturing Client 4058,Manufacturing,West,Mid-Market,916,2023-02-04
ACC-14058,Healthcare Client 4059,Healthcare,Northeast,SMB,73,2022-10-20
ACC-14059,Finance Client 4060,Finance,Northeast,SMB,101,2023-03-08
ACC-14060,Software Client 4061,Software,Midwest,Mid-Market,410,2023-01-10
ACC-14061,Healthcare Client 4062,Healthcare,Southeast,Mid-Market,291,2023-04-18
ACC-14062,Education Client 4063,Education,Southwest,SMB,143,2025-01-29
ACC-14063,Finance Client 4064,Finance,Southeast,SMB,197,2023-09-11
ACC-14064,Education Client 4065,Education,Southwest,Enterprise,2125,2023-03-17
ACC-14065,Education Client 4066,Education,Southeast,Mid-Market,458,2022-07-09
ACC-14066,Finance Client 4067,Finance,Northeast,SMB,43,2023-02-16
ACC-14067,Logistics Client 4068,Logistics,West,Mid-Market,305,2023-03-22
ACC-14068,Education Client 4069,Education,West,Mid-Market,501,2023-12-12
ACC-14069,Software Client 4070,Software,Southeast,Enterprise,1501,2023-01-02
ACC-14070,Finance Client 4071,Finance,Southwest,SMB,94,2022-09-23
ACC-14071,Finance Client 4072,Finance,Southeast,SMB,50,2022-05-20
ACC-14072,Manufacturing Client 4073,Manufacturing,Northeast,SMB,52,2024-06-28
ACC-14073,Software Client 4074,Software,Midwest,SMB,99,2023-10-20
ACC-14074,Education Client 4075,Education,Midwest,SMB,92,2022-01-15
ACC-14075,Logistics Client 4076,Logistics,Southeast,SMB,80,2024-08-25
ACC-14076,Retail Client 4077,Retail,Southwest,Mid-Market,197,2022-06-10
ACC-14077,Healthcare Client 4078,Healthcare,Northeast,Enterprise,1401,2022-11-15
ACC-14078,Finance Client 4079,Finance,Northeast,Enterprise,778,2024-04-22
ACC-14079,Real Estate Client 4080,Real Estate,Midwest,SMB,63,2023-05-06
ACC-14080,Finance Client 4081,Finance,West,Mid-Market,700,2025-02-22
ACC-14081,Manufacturing Client 4082,Manufacturing,Southeast,SMB,51,2023-05-04
ACC-14082,Software Client 4083,Software,Southeast,Mid-Market,105,2023-03-23
ACC-14083,Manufacturing Client 4084,Manufacturing,Southwest,SMB,50,2023-02-09
ACC-14084,Manufacturing Client 4085,Manufacturing,West,SMB,133,2024-07-22
ACC-14085,Manufacturing Client 4086,Manufacturing,West,Mid-Market,523,2022-05-24
ACC-14086,Retail Client 4087,Retail,Southeast,SMB,32,2023-08-05
ACC-14087,Education Client 4088,Education,West,Enterprise,1005,2022-06-06
ACC-14088,Retail Client 4089,Retail,Midwest,SMB,84,2024-05-11
ACC-14089,Healthcare Client 4090,Healthcare,Midwest,Enterprise,635,2025-01-02
ACC-14090,Healthcare Client 4091,Healthcare,Southwest,Enterprise,2020,2022-08-16
ACC-14091,Healthcare Client 4092,Healthcare,Southeast,Mid-Market,285,2024-03-26
ACC-14092,Retail Client 4093,Retail,Northeast,Enterprise,562,2023-01-13
ACC-14093,Finance Client 4094,Finance,Northeast,Mid-Market,189,2022-05-11
ACC-14094,Education Client 4095,Education,Southwest,SMB,86,2023-12-04
ACC-14095,Manufacturing Client 4096,Manufacturing,Northeast,Mid-Market,385,2022-03-27
ACC-14096,Healthcare Client 4097,Healthcare,Southeast,Mid-Market,148,2025-02-19
ACC-14097,Healthcare Client 4098,Healthcare,Southeast,Mid-Market,369,2024-09-11
ACC-14098,Finance Client 4099,Finance,Northeast,Mid-Market,418,2022-10-30
ACC-14099,Finance Client 4100,Finance,West,Enterprise,462,2023-09-07
ACC-14100,Education Client 4101,Education,Southwest,Mid-Market,187,2023-05-01
ACC-14101,Software Client 4102,Software,Southeast,SMB,38,2023-09-25
ACC-14102,Retail Client 4103,Retail,Southeast,Enterprise,1979,2022-01-13
ACC-14103,Manufacturing Client 4104,Manufacturing,Midwest,Mid-Market,1101,2023-07-06
ACC-14104,Retail Client 4105,Retail,Northeast,SMB,63,2023-11-26
ACC-14105,Manufacturing Client 4106,Manufacturing,West,SMB,41,2023-08-21
ACC-14106,Finance Client 4107,Finance,Midwest,Mid-Market,456,2023-09-07
ACC-14107,Healthcare Client 4108,Healthcare,West,SMB,35,2024-10-23
ACC-14108,Logistics Client 4109,Logistics,Southwest,Enterprise,422,2023-06-23
ACC-14109,Education Client 4110,Education,West,Enterprise,475,2022-03-30
ACC-14110,Finance Client 4111,Finance,Northeast,Mid-Market,515,2022-09-25
ACC-14111,Manufacturing Client 4112,Manufacturing,Southeast,Mid-Market,50,2022-04-24
ACC-14112,Healthcare Client 4113,Healthcare,Midwest,SMB,67,2024-06-18
ACC-14113,Healthcare Client 4114,Healthcare,Southwest,Mid-Market,118,2022-07-11
ACC-14114,Software Client 4115,Software,Midwest,Mid-Market,404,2023-05-07
ACC-14115,Education Client 4116,Education,Southwest,SMB,60,2022-12-25
ACC-14116,Manufacturing Client 4117,Manufacturing,Midwest,Enterprise,1252,2022-07-05
ACC-14117,Software Client 4118,Software,Northeast,SMB,429,2023-09-09
ACC-14118,Finance Client 4119,Finance,Midwest,SMB,75,2022-04-05
ACC-14119,Logistics Client 4120,Logistics,Southwest,Enterprise,861,2024-03-09
ACC-14120,Manufacturing Client 4121,Manufacturing,Southeast,Mid-Market,1031,2022-04-25
ACC-14121,Real Estate Client 4122,Real Estate,Northeast,SMB,149,2024-05-17
ACC-14122,Retail Client 4123,Retail,Midwest,Enterprise,590,2022-05-16
ACC-14123,Education Client 4124,Education,West,SMB,129,2024-06-03
ACC-14124,Real Estate Client 4125,Real Estate,Southeast,SMB,74,2024-08-18
ACC-14125,Real Estate Client 4126,Real Estate,Southwest,Mid-Market,577,2024-06-15
ACC-14126,Finance Client 4127,Finance,Southwest,Enterprise,990,2024-05-04
ACC-14127,Finance Client 4128,Finance,Southeast,SMB,103,2023-09-10
ACC-14128,Finance Client 4129,Finance,Southwest,SMB,122,2024-10-05
ACC-14129,Logistics Client 4130,Logistics,Southwest,Mid-Market,169,2022-06-30
ACC-14130,Software Client 4131,Software,Southeast,SMB,29,2023-09-25
ACC-14131,Healthcare Client 4132,Healthcare,Southeast,Enterprise,1047,2022-03-01
ACC-14132,Finance Client 4133,Finance,Midwest,Enterprise,278,2023-01-02
ACC-14133,Manufacturing Client 4134,Manufacturing,Southeast,Enterprise,249,2024-03-03
ACC-14134,Logistics Client 4135,Logistics,Southeast,Enterprise,746,2022-08-26
ACC-14135,Education Client 4136,Education,West,Mid-Market,340,2025-02-15
ACC-14136,Finance Client 4137,Finance,Midwest,SMB,39,2022-09-01
ACC-14137,Logistics Client 4138,Logistics,Northeast,Enterprise,1542,2024-10-31
ACC-14138,Software Client 4139,Software,Southeast,Mid-Market,535,2023-09-27
ACC-14139,Real Estate Client 4140,Real Estate,Southeast,Mid-Market,744,2024-01-17
ACC-14140,Retail Client 4141,Retail,West,Mid-Market,722,2022-02-19
ACC-14141,Logistics Client 4142,Logistics,Southeast,SMB,132,2024-11-02
ACC-14142,Retail Client 4143,Retail,Southwest,SMB,103,2023-11-16
ACC-14143,Healthcare Client 4144,Healthcare,West,Enterprise,894,2022-01-30
ACC-14144,Retail Client 4145,Retail,Northeast,Enterprise,2259,2022-04-12
ACC-14145,Retail Client 4146,Retail,West,Mid-Market,150,2023-03-08
ACC-14146,Software Client 4147,Software,Southwest,Enterprise,390,2024-06-20
ACC-14147,Education Client 4148,Education,Midwest,SMB,65,2022-09-17
ACC-14148,Real Estate Client 4149,Real Estate,Northeast,Mid-Market,810,2022-11-26
ACC-14149,Finance Client 4150,Finance,Southwest,SMB,51,2023-06-05
ACC-14150,Retail Client 4151,Retail,Southeast,Mid-Market,193,2023-04-23
ACC-14151,Manufacturing Client 4152,Manufacturing,Northeast,Mid-Market,479,2023-10-21
ACC-14152,Software Client 4153,Software,Northeast,Mid-Market,939,2022-06-01
ACC-14153,Software Client 4154,Software,Northeast,SMB,122,2024-09-10
ACC-14154,Education Client 4155,Education,Southeast,SMB,100,2022-02-27
ACC-14155,Finance Client 4156,Finance,Northeast,Mid-Market,329,2023-03-16
ACC-14156,Logistics Client 4157,Logistics,Southwest,SMB,67,2022-10-13
ACC-14157,Manufacturing Client 4158,Manufacturing,Midwest,Enterprise,274,2022-02-18
ACC-14158,Real Estate Client 4159,Real Estate,Northeast,Enterprise,585,2024-08-17
ACC-14159,Retail Client 4160,Retail,Southeast,Mid-Market,517,2024-01-28
ACC-14160,Education Client 4161,Education,Southeast,Mid-Market,273,2024-11-06
ACC-14161,Manufacturing Client 4162,Manufacturing,Northeast,Enterprise,710,2024-11-05
ACC-14162,Real Estate Client 4163,Real Estate,Southeast,SMB,44,2023-06-25
ACC-14163,Healthcare Client 4164,Healthcare,West,SMB,94,2022-07-24
ACC-14164,Retail Client 4165,Retail,Northeast,Mid-Market,593,2023-12-01
ACC-14165,Retail Client 4166,Retail,Northeast,Mid-Market,324,2023-09-16
ACC-14166,Healthcare Client 4167,Healthcare,Southwest,Enterprise,870,2022-11-06
ACC-14167,Retail Client 4168,Retail,Midwest,SMB,246,2023-10-08
ACC-14168,Education Client 4169,Education,Midwest,SMB,58,2024-05-11
ACC-14169,Retail Client 4170,Retail,Northeast,SMB,76,2023-02-06
ACC-14170,Manufacturing Client 4171,Manufacturing,Southeast,SMB,23,2023-07-12
ACC-14171,Software Client 4172,Software,Northeast,Mid-Market,325,2022-04-01
ACC-14172,Logistics Client 4173,Logistics,Southwest,Mid-Market,523,2022-06-16
ACC-14173,Healthcare Client 4174,Healthcare,Midwest,Enterprise,1356,2024-11-17
ACC-14174,Logistics Client 4175,Logistics,Northeast,Mid-Market,236,2023-12-04
ACC-14175,Software Client 4176,Software,West,SMB,52,2022-09-14
ACC-14176,Finance Client 4177,Finance,Midwest,Mid-Market,352,2025-01-01
ACC-14177,Software Client 4178,Software,Southwest,Mid-Market,251,2023-07-20
ACC-14178,Healthcare Client 4179,Healthcare,Southwest,SMB,150,2023-05-31
ACC-14179,Manufacturing Client 4180,Manufacturing,West,Enterprise,1252,2023-02-06
ACC-14180,Manufacturing Client 4181,Manufacturing,Northeast,Mid-Market,285,2022-05-18
ACC-14181,Finance Client 4182,Finance,Southwest,Mid-Market,395,2023-02-24
ACC-14182,Real Estate Client 4183,Real Estate,Midwest,SMB,77,2023-11-20
ACC-14183,Real Estate Client 4184,Real Estate,Southwest,Mid-Market,333,2023-11-30
ACC-14184,Software Client 4185,Software,Northeast,Mid-Market,357,2022-10-08
ACC-14185,Software Client 4186,Software,Southwest,Mid-Market,835,2022-02-06
ACC-14186,Logistics Client 4187,Logistics,Northeast,Mid-Market,771,2025-01-19
ACC-14187,Retail Client 4188,Retail,West,SMB,74,2022-11-10
ACC-14188,Education Client 4189,Education,Southwest,SMB,35,2024-01-27
ACC-14189,Healthcare Client 4190,Healthcare,Northeast,SMB,56,2023-01-13
ACC-14190,Retail Client 4191,Retail,West,SMB,81,2023-10-29
ACC-14191,Healthcare Client 4192,Healthcare,Southwest,SMB,38,2023-01-22
ACC-14192,Logistics Client 4193,Logistics,Southwest,Mid-Market,159,2022-07-23
ACC-14193,Retail Client 4194,Retail,West,Mid-Market,459,2022-08-21
ACC-14194,Finance Client 4195,Finance,Southeast,Mid-Market,1350,2022-08-23
ACC-14195,Retail Client 4196,Retail,Southeast,Mid-Market,306,2024-07-17
ACC-14196,Manufacturing Client 4197,Manufacturing,Midwest,Mid-Market,567,2022-02-07
ACC-14197,Software Client 4198,Software,West,SMB,63,2024-06-29
ACC-14198,Healthcare Client 4199,Healthcare,West,SMB,155,2022-05-03
ACC-14199,Healthcare Client 4200,Healthcare,Southeast,SMB,36,2025-02-24
ACC-14200,Manufacturing Client 4201,Manufacturing,Southeast,Mid-Market,473,2024-06-22
ACC-14201,Manufacturing Client 4202,Manufacturing,Midwest,SMB,71,2024-05-31
ACC-14202,Manufacturing Client 4203,Manufacturing,Northeast,SMB,31,2022-07-15
ACC-14203,Logistics Client 4204,Logistics,Midwest,SMB,39,2023-03-30
ACC-14204,Manufacturing Client 4205,Manufacturing,Southwest,SMB,59,2024-08-08
ACC-14205,Logistics Client 4206,Logistics,Northeast,Mid-Market,109,2022-07-28
ACC-14206,Education Client 4207,Education,Midwest,Mid-Market,328,2022-09-26
ACC-14207,Real Estate Client 4208,Real Estate,Southeast,Mid-Market,433,2023-01-14
ACC-14208,Finance Client 4209,Finance,Midwest,SMB,62,2022-02-17
ACC-14209,Software Client 4210,Software,Southeast,SMB,48,2022-10-03
ACC-14210,Logistics Client 4211,Logistics,Southwest,Enterprise,646,2023-02-09
ACC-14211,Education Client 4212,Education,Midwest,Mid-Market,193,2025-01-10
ACC-14212,Healthcare Client 4213,Healthcare,Southwest,Mid-Market,423,2023-04-12
ACC-14213,Logistics Client 4214,Logistics,Southeast,SMB,38,2022-04-03
ACC-14214,Finance Client 4215,Finance,Northeast,Mid-Market,464,2025-02-22
ACC-14215,Education Client 4216,Education,Midwest,SMB,73,2022-01-27
ACC-14216,Education Client 4217,Education,Midwest,Mid-Market,148,2024-09-26
ACC-14217,Retail Client 4218,Retail,Northeast,Enterprise,944,2023-04-14
ACC-14218,Logistics Client 4219,Logistics,Southeast,Mid-Market,263,2025-02-23
ACC-14219,Software Client 4220,Software,Northeast,SMB,70,2024-06-07
ACC-14220,Retail Client 4221,Retail,Northeast,SMB,37,2022-08-15
ACC-14221,Retail Client 4222,Retail,Southwest,Mid-Market,464,2022-10-13
ACC-14222,Retail Client 4223,Retail,Southeast,SMB,53,2024-03-04
ACC-14223,Manufacturing Client 4224,Manufacturing,Midwest,Mid-Market,160,2023-08-08
ACC-14224,Education Client 4225,Education,West,SMB,38,2023-01-18
ACC-14225,Education Client 4226,Education,Southwest,SMB,76,2024-05-02
ACC-14226,Manufacturing Client 4227,Manufacturing,Southwest,Mid-Market,381,2022-11-05
ACC-14227,Software Client 4228,Software,Midwest,SMB,92,2024-01-26
ACC-14228,Healthcare Client 4229,Healthcare,Midwest,Mid-Market,682,2024-08-10
ACC-14229,Software Client 4230,Software,Midwest,SMB,131,2023-12-29
ACC-14230,Manufacturing Client 4231,Manufacturing,Northeast,Mid-Market,284,2022-01-23
ACC-14231,Retail Client 4232,Retail,Northeast,Enterprise,952,2023-05-28
ACC-14232,Retail Client 4233,Retail,Southwest,Mid-Market,454,2022-08-17
ACC-14233,Logistics Client 4234,Logistics,Southwest,Mid-Market,362,2024-11-13
ACC-14234,Finance Client 4235,Finance,West,SMB,38,2024-11-23
ACC-14235,Education Client 4236,Education,Midwest,Mid-Market,246,2023-08-20
ACC-14236,Manufacturing Client 4237,Manufacturing,Northeast,Enterprise,1511,2024-10-05
ACC-14237,Manufacturing Client 4238,Manufacturing,Southeast,SMB,60,2023-06-23
ACC-14238,Software Client 4239,Software,Northeast,Mid-Market,370,2022-02-13
ACC-14239,Manufacturing Client 4240,Manufacturing,Southeast,Mid-Market,248,2022-04-14
ACC-14240,Healthcare Client 4241,Healthcare,Southeast,SMB,105,2023-03-31
ACC-14241,Healthcare Client 4242,Healthcare,Southeast,SMB,44,2022-08-26
ACC-14242,Retail Client 4243,Retail,Southeast,SMB,118,2024-10-03
ACC-14243,Logistics Client 4244,Logistics,Midwest,Mid-Market,533,2024-08-16
ACC-14244,Real Estate Client 4245,Real Estate,Northeast,SMB,55,2022-05-28
ACC-14245,Real Estate Client 4246,Real Estate,Northeast,Enterprise,1660,2023-06-01
ACC-14246,Retail Client 4247,Retail,Midwest,Mid-Market,160,2023-04-25
ACC-14247,Software Client 4248,Software,Midwest,SMB,191,2023-03-13
ACC-14248,Retail Client 4249,Retail,Midwest,SMB,64,2024-09-07
ACC-14249,Logistics Client 4250,Logistics,Midwest,SMB,55,2022-02-13
ACC-14250,Finance Client 4251,Finance,Northeast,SMB,60,2025-02-09
ACC-14251,Finance Client 4252,Finance,Southwest,Mid-Market,421,2024-12-28
ACC-14252,Healthcare Client 4253,Healthcare,West,Mid-Market,454,2022-06-14
ACC-14253,Manufacturing Client 4254,Manufacturing,West,SMB,48,2022-06-24
ACC-14254,Logistics Client 4255,Logistics,Southwest,Mid-Market,158,2025-01-01
ACC-14255,Software Client 4256,Software,West,Mid-Market,363,2023-04-08
ACC-14256,Finance Client 4257,Finance,West,SMB,51,2022-09-07
ACC-14257,Retail Client 4258,Retail,West,SMB,50,2023-04-03
ACC-14258,Logistics Client 4259,Logistics,Midwest,Enterprise,1170,2023-08-26
ACC-14259,Finance Client 4260,Finance,Southwest,Mid-Market,1022,2023-09-18
ACC-14260,Real Estate Client 4261,Real Estate,Southwest,Mid-Market,256,2024-04-28
ACC-14261,Manufacturing Client 4262,Manufacturing,Southwest,Mid-Market,814,2024-06-28
ACC-14262,Finance Client 4263,Finance,Southeast,SMB,31,2023-03-05
ACC-14263,Finance Client 4264,Finance,Northeast,Mid-Market,206,2024-12-11
ACC-14264,Manufacturing Client 4265,Manufacturing,Northeast,Mid-Market,457,2022-09-17
ACC-14265,Education Client 4266,Education,Southeast,Enterprise,630,2023-10-02
ACC-14266,Retail Client 4267,Retail,Northeast,SMB,50,2022-10-15
ACC-14267,Education Client 4268,Education,Midwest,SMB,139,2022-02-28
ACC-14268,Finance Client 4269,Finance,West,Enterprise,1268,2023-12-24
ACC-14269,Logistics Client 4270,Logistics,Southwest,Mid-Market,185,2023-10-25
ACC-14270,Finance Client 4271,Finance,Midwest,SMB,69,2024-01-22
ACC-14271,Software Client 4272,Software,Northeast,SMB,80,2023-04-28
ACC-14272,Manufacturing Client 4273,Manufacturing,Southeast,SMB,56,2022-03-01
ACC-14273,Healthcare Client 4274,Healthcare,Southwest,Enterprise,633,2023-12-27
ACC-14274,Retail Client 4275,Retail,Southwest,Enterprise,1724,2022-02-18
ACC-14275,Logistics Client 4276,Logistics,Southeast,SMB,114,2023-06-03
ACC-14276,Manufacturing Client 4277,Manufacturing,Southwest,Mid-Market,149,2024-12-04
ACC-14277,Finance Client 4278,Finance,West,SMB,41,2023-04-07
ACC-14278,Education Client 4279,Education,Midwest,SMB,96,2022-04-05
ACC-14279,Retail Client 4280,Retail,Midwest,SMB,59,2024-10-15
ACC-14280,Healthcare Client 4281,Healthcare,Southwest,Mid-Market,438,2022-05-16
ACC-14281,Manufacturing Client 4282,Manufacturing,Northeast,SMB,72,2023-08-30
ACC-14282,Software Client 4283,Software,West,Enterprise,607,2022-11-03
ACC-14283,Healthcare Client 4284,Healthcare,Midwest,Mid-Market,513,2024-04-17
ACC-14284,Healthcare Client 4285,Healthcare,Northeast,Mid-Market,518,2023-03-20
ACC-14285,Logistics Client 4286,Logistics,Midwest,SMB,70,2024-06-15
ACC-14286,Manufacturing Client 4287,Manufacturing,Northeast,Mid-Market,391,2024-08-24
ACC-14287,Software Client 4288,Software,Northeast,SMB,209,2023-10-21
ACC-14288,Logistics Client 4289,Logistics,Midwest,Mid-Market,678,2024-03-11
ACC-14289,Manufacturing Client 4290,Manufacturing,Midwest,SMB,88,2025-01-30
ACC-14290,Healthcare Client 4291,Healthcare,Midwest,Enterprise,1179,2022-08-23
ACC-14291,Logistics Client 4292,Logistics,West,Enterprise,914,2024-07-19
ACC-14292,Healthcare Client 4293,Healthcare,Southwest,Mid-Market,284,2022-04-26
ACC-14293,Education Client 4294,Education,Midwest,SMB,44,2022-10-04
ACC-14294,Finance Client 4295,Finance,Northeast,SMB,48,2024-05-28
ACC-14295,Real Estate Client 4296,Real Estate,Midwest,SMB,110,2022-10-07
ACC-14296,Logistics Client 4297,Logistics,Southeast,SMB,37,2023-06-15
ACC-14297,Healthcare Client 4298,Healthcare,Southwest,Enterprise,565,2022-01-01
ACC-14298,Finance Client 4299,Finance,West,Mid-Market,343,2023-07-24
ACC-14299,Logistics Client 4300,Logistics,West,SMB,106,2023-07-18
ACC-14300,Logistics Client 4301,Logistics,West,Mid-Market,537,2023-12-16
ACC-14301,Finance Client 4302,Finance,Midwest,Mid-Market,244,2022-02-06
ACC-14302,Education Client 4303,Education,West,Mid-Market,160,2023-01-25
ACC-14303,Manufacturing Client 4304,Manufacturing,West,Enterprise,1018,2023-04-18
ACC-14304,Real Estate Client 4305,Real Estate,Midwest,Mid-Market,271,2023-02-17
ACC-14305,Logistics Client 4306,Logistics,Northeast,Mid-Market,420,2024-10-11
ACC-14306,Healthcare Client 4307,Healthcare,Northeast,SMB,131,2022-07-20
ACC-14307,Retail Client 4308,Retail,West,Mid-Market,189,2023-05-15
ACC-14308,Software Client 4309,Software,West,Mid-Market,455,2022-05-03
ACC-14309,Software Client 4310,Software,Southwest,Mid-Market,216,2023-11-05
ACC-14310,Manufacturing Client 4311,Manufacturing,Southeast,SMB,49,2023-06-11
ACC-14311,Finance Client 4312,Finance,Southwest,Enterprise,891,2024-03-14
ACC-14312,Manufacturing Client 4313,Manufacturing,Northeast,Mid-Market,177,2023-05-06
ACC-14313,Healthcare Client 4314,Healthcare,Southeast,Mid-Market,558,2022-12-29
ACC-14314,Real Estate Client 4315,Real Estate,Midwest,Enterprise,2811,2023-10-17
ACC-14315,Education Client 4316,Education,Midwest,SMB,48,2024-09-04
ACC-14316,Retail Client 4317,Retail,Midwest,SMB,118,2023-02-14
ACC-14317,Real Estate Client 4318,Real Estate,West,Mid-Market,368,2024-10-01
ACC-14318,Manufacturing Client 4319,Manufacturing,Midwest,Enterprise,1582,2022-10-22
ACC-14319,Healthcare Client 4320,Healthcare,West,SMB,40,2022-02-02
ACC-14320,Manufacturing Client 4321,Manufacturing,Midwest,Mid-Market,542,2022-04-05
ACC-14321,Finance Client 4322,Finance,Southwest,Enterprise,956,2024-07-23
ACC-14322,Retail Client 4323,Retail,Southeast,Enterprise,853,2023-03-10
ACC-14323,Manufacturing Client 4324,Manufacturing,Midwest,SMB,104,2024-03-12
ACC-14324,Retail Client 4325,Retail,West,SMB,79,2023-02-07
ACC-14325,Logistics Client 4326,Logistics,Northeast,SMB,95,2023-11-20
ACC-14326,Real Estate Client 4327,Real Estate,Northeast,Enterprise,1374,2022-08-04
ACC-14327,Logistics Client 4328,Logistics,Midwest,SMB,30,2022-11-03
ACC-14328,Real Estate Client 4329,Real Estate,Northeast,SMB,32,2024-04-27
ACC-14329,Education Client 4330,Education,Southeast,SMB,125,2024-12-12
ACC-14330,Finance Client 4331,Finance,West,Mid-Market,593,2024-09-05
ACC-14331,Software Client 4332,Software,Southeast,SMB,144,2023-03-04
ACC-14332,Real Estate Client 4333,Real Estate,Southeast,Mid-Market,202,2022-07-08
ACC-14333,Real Estate Client 4334,Real Estate,West,Enterprise,912,2024-06-18
ACC-14334,Manufacturing Client 4335,Manufacturing,Northeast,Mid-Market,125,2022-10-19
ACC-14335,Healthcare Client 4336,Healthcare,West,SMB,54,2024-07-06
ACC-14336,Logistics Client 4337,Logistics,Southwest,Mid-Market,181,2023-07-22
ACC-14337,Healthcare Client 4338,Healthcare,Midwest,SMB,200,2023-06-28
ACC-14338,Education Client 4339,Education,West,SMB,66,2023-01-01
ACC-14339,Software Client 4340,Software,Midwest,Mid-Market,672,2023-12-01
ACC-14340,Manufacturing Client 4341,Manufacturing,Northeast,Mid-Market,205,2024-06-25
ACC-14341,Real Estate Client 4342,Real Estate,Southwest,Mid-Market,433,2024-07-23
ACC-14342,Healthcare Client 4343,Healthcare,West,SMB,30,2022-10-09
ACC-14343,Education Client 4344,Education,West,Mid-Market,586,2022-11-04
ACC-14344,Retail Client 4345,Retail,Northeast,Enterprise,1062,2024-04-18
ACC-14345,Software Client 4346,Software,West,Mid-Market,236,2023-03-29
ACC-14346,Software Client 4347,Software,Southeast,SMB,66,2024-08-11
ACC-14347,Finance Client 4348,Finance,Northeast,SMB,81,2023-03-19
ACC-14348,Healthcare Client 4349,Healthcare,West,Enterprise,569,2024-10-21
ACC-14349,Education Client 4350,Education,Northeast,SMB,28,2024-01-18
ACC-14350,Real Estate Client 4351,Real Estate,Northeast,SMB,63,2023-01-15
ACC-14351,Healthcare Client 4352,Healthcare,Southeast,SMB,43,2024-10-28
ACC-14352,Education Client 4353,Education,Southwest,Enterprise,1915,2022-07-31
ACC-14353,Real Estate Client 4354,Real Estate,Northeast,SMB,47,2024-02-24
ACC-14354,Education Client 4355,Education,West,SMB,89,2023-03-27
ACC-14355,Logistics Client 4356,Logistics,Southeast,Mid-Market,268,2022-04-09
ACC-14356,Logistics Client 4357,Logistics,Southwest,SMB,79,2024-08-04
ACC-14357,Manufacturing Client 4358,Manufacturing,Midwest,Mid-Market,780,2023-09-07
ACC-14358,Real Estate Client 4359,Real Estate,Southwest,Mid-Market,238,2023-12-04
ACC-14359,Software Client 4360,Software,Southeast,Mid-Market,553,2023-08-26
ACC-14360,Education Client 4361,Education,Southwest,Mid-Market,343,2023-06-19
ACC-14361,Education Client 4362,Education,Southwest,Enterprise,1115,2022-12-02
ACC-14362,Manufacturing Client 4363,Manufacturing,West,Enterprise,1418,2022-07-23
ACC-14363,Real Estate Client 4364,Real Estate,West,Mid-Market,250,2022-11-12
ACC-14364,Software Client 4365,Software,Southwest,SMB,131,2024-06-30
ACC-14365,Finance Client 4366,Finance,Southwest,Mid-Market,283,2024-03-17
ACC-14366,Real Estate Client 4367,Real Estate,Northeast,SMB,62,2024-05-24
ACC-14367,Education Client 4368,Education,West,SMB,25,2024-05-25
ACC-14368,Manufacturing Client 4369,Manufacturing,Southwest,SMB,72,2024-02-08
ACC-14369,Real Estate Client 4370,Real Estate,Northeast,SMB,79,2024-02-02
ACC-14370,Finance Client 4371,Finance,West,Mid-Market,232,2023-05-04
ACC-14371,Real Estate Client 4372,Real Estate,Southeast,Enterprise,401,2022-02-07
ACC-14372,Education Client 4373,Education,Midwest,Mid-Market,1033,2024-01-24
ACC-14373,Software Client 4374,Software,Midwest,Mid-Market,758,2022-01-19
ACC-14374,Retail Client 4375,Retail,Southeast,SMB,41,2023-02-05
ACC-14375,Manufacturing Client 4376,Manufacturing,Southwest,SMB,64,2022-04-15
ACC-14376,Healthcare Client 4377,Healthcare,Southeast,SMB,32,2024-07-29
ACC-14377,Logistics Client 4378,Logistics,Northeast,SMB,400,2025-01-19
ACC-14378,Finance Client 4379,Finance,Southeast,SMB,97,2024-08-18
ACC-14379,Software Client 4380,Software,West,SMB,61,2024-09-16
ACC-14380,Real Estate Client 4381,Real Estate,Southeast,Enterprise,580,2024-11-23
ACC-14381,Finance Client 4382,Finance,Midwest,Mid-Market,300,2024-04-28
ACC-14382,Healthcare Client 4383,Healthcare,West,Mid-Market,259,2024-05-23
ACC-14383,Retail Client 4384,Retail,Southeast,Enterprise,522,2022-12-17
ACC-14384,Software Client 4385,Software,Northeast,SMB,39,2025-02-22
ACC-14385,Software Client 4386,Software,Northeast,Mid-Market,349,2022-12-16
ACC-14386,Finance Client 4387,Finance,Midwest,Enterprise,2252,2023-08-26
ACC-14387,Real Estate Client 4388,Real Estate,West,SMB,49,2022-06-20
ACC-14388,Real Estate Client 4389,Real Estate,Midwest,Enterprise,1404,2022-07-09
ACC-14389,Education Client 4390,Education,Midwest,Mid-Market,188,2025-02-24
ACC-14390,Real Estate Client 4391,Real Estate,West,SMB,76,2024-04-18
ACC-14391,Finance Client 4392,Finance,West,SMB,60,2023-12-28
ACC-14392,Education Client 4393,Education,Southeast,Mid-Market,603,2023-09-04
ACC-14393,Manufacturing Client 4394,Manufacturing,Southwest,SMB,39,2024-12-21
ACC-14394,Manufacturing Client 4395,Manufacturing,Northeast,Enterprise,2748,2022-12-26
ACC-14395,Manufacturing Client 4396,Manufacturing,Southwest,SMB,49,2023-06-27
ACC-14396,Software Client 4397,Software,Southwest,SMB,140,2022-08-31
ACC-14397,Finance Client 4398,Finance,West,Mid-Market,328,2022-06-09
ACC-14398,Education Client 4399,Education,West,Enterprise,1517,2023-06-06
ACC-14399,Logistics Client 4400,Logistics,West,SMB,69,2024-06-29
ACC-14400,Retail Client 4401,Retail,Northeast,Mid-Market,443,2024-06-28
ACC-14401,Manufacturing Client 4402,Manufacturing,Midwest,SMB,121,2025-02-06
ACC-14402,Retail Client 4403,Retail,Southeast,Enterprise,1244,2024-07-24
ACC-14403,Software Client 4404,Software,Midwest,SMB,54,2023-09-07
ACC-14404,Education Client 4405,Education,Northeast,SMB,40,2022-04-09
ACC-14405,Finance Client 4406,Finance,West,Enterprise,825,2023-07-03
ACC-14406,Real Estate Client 4407,Real Estate,Midwest,SMB,112,2022-10-18
ACC-14407,Real Estate Client 4408,Real Estate,West,Enterprise,1324,2023-05-30
ACC-14408,Education Client 4409,Education,Southeast,Enterprise,864,2024-10-23
ACC-14409,Healthcare Client 4410,Healthcare,West,SMB,107,2024-04-19
ACC-14410,Software Client 4411,Software,West,Mid-Market,636,2023-04-21
ACC-14411,Healthcare Client 4412,Healthcare,Southeast,Enterprise,2323,2022-02-28
ACC-14412,Healthcare Client 4413,Healthcare,West,SMB,90,2024-08-22
ACC-14413,Education Client 4414,Education,West,SMB,173,2024-02-24
ACC-14414,Software Client 4415,Software,Southeast,Mid-Market,448,2023-01-02
ACC-14415,Finance Client 4416,Finance,Southeast,Mid-Market,377,2022-02-20
ACC-14416,Manufacturing Client 4417,Manufacturing,West,Mid-Market,296,2023-09-23
ACC-14417,Finance Client 4418,Finance,Northeast,SMB,52,2024-11-13
ACC-14418,Finance Client 4419,Finance,Northeast,SMB,51,2023-05-24
ACC-14419,Logistics Client 4420,Logistics,Midwest,Mid-Market,700,2023-01-06
ACC-14420,Finance Client 4421,Finance,Southeast,Enterprise,317,2023-09-29
ACC-14421,Healthcare Client 4422,Healthcare,Northeast,SMB,79,2023-06-17
ACC-14422,Logistics Client 4423,Logistics,West,Mid-Market,137,2023-01-16
ACC-14423,Healthcare Client 4424,Healthcare,Northeast,Mid-Market,463,2022-02-17
ACC-14424,Finance Client 4425,Finance,Midwest,Mid-Market,285,2023-06-13
ACC-14425,Software Client 4426,Software,Southwest,SMB,119,2023-06-02
ACC-14426,Healthcare Client 4427,Healthcare,Southeast,SMB,64,2023-01-23
ACC-14427,Real Estate Client 4428,Real Estate,Midwest,SMB,262,2023-06-19
ACC-14428,Logistics Client 4429,Logistics,Northeast,Mid-Market,142,2023-11-06
ACC-14429,Logistics Client 4430,Logistics,Southeast,SMB,46,2024-06-29
ACC-14430,Real Estate Client 4431,Real Estate,Midwest,SMB,57,2024-05-01
ACC-14431,Manufacturing Client 4432,Manufacturing,West,Mid-Market,725,2023-09-13
ACC-14432,Logistics Client 4433,Logistics,Southeast,SMB,102,2022-12-28
ACC-14433,Real Estate Client 4434,Real Estate,Northeast,Enterprise,441,2024-11-13
ACC-14434,Education Client 4435,Education,Midwest,Mid-Market,297,2024-10-02
ACC-14435,Finance Client 4436,Finance,Southeast,SMB,122,2023-01-28
ACC-14436,Healthcare Client 4437,Healthcare,Midwest,Mid-Market,283,2023-02-07
ACC-14437,Software Client 4438,Software,West,SMB,106,2022-07-27
ACC-14438,Retail Client 4439,Retail,Northeast,SMB,86,2022-12-30
ACC-14439,Logistics Client 4440,Logistics,Southwest,Enterprise,688,2023-08-17
ACC-14440,Education Client 4441,Education,Southeast,SMB,52,2022-02-13
ACC-14441,Real Estate Client 4442,Real Estate,Southwest,Mid-Market,155,2025-01-25
ACC-14442,Healthcare Client 4443,Healthcare,Southwest,Enterprise,1651,2022-09-21
ACC-14443,Manufacturing Client 4444,Manufacturing,West,SMB,48,2022-05-27
ACC-14444,Software Client 4445,Software,Midwest,Mid-Market,701,2023-09-14
ACC-14445,Software Client 4446,Software,West,Mid-Market,713,2022-07-16
ACC-14446,Healthcare Client 4447,Healthcare,Northeast,SMB,38,2024-05-14
ACC-14447,Retail Client 4448,Retail,West,Enterprise,666,2025-01-11
ACC-14448,Software Client 4449,Software,West,Mid-Market,329,2024-12-26
ACC-14449,Education Client 4450,Education,Southwest,Mid-Market,183,2023-10-06
ACC-14450,Software Client 4451,Software,Northeast,SMB,47,2022-07-25
ACC-14451,Finance Client 4452,Finance,West,Enterprise,944,2024-09-18
ACC-14452,Software Client 4453,Software,Midwest,SMB,52,2023-01-27
ACC-14453,Education Client 4454,Education,Midwest,SMB,43,2022-06-05
ACC-14454,Logistics Client 4455,Logistics,Northeast,SMB,59,2023-05-31
ACC-14455,Finance Client 4456,Finance,Southwest,SMB,93,2024-07-13
ACC-14456,Software Client 4457,Software,Northeast,Mid-Market,360,2024-08-05
ACC-14457,Education Client 4458,Education,Northeast,SMB,34,2023-04-21
ACC-14458,Software Client 4459,Software,Southeast,Enterprise,433,2023-06-02
ACC-14459,Healthcare Client 4460,Healthcare,Midwest,Mid-Market,365,2023-02-01
ACC-14460,Finance Client 4461,Finance,West,SMB,30,2023-10-02
ACC-14461,Retail Client 4462,Retail,Southeast,SMB,53,2022-01-17
ACC-14462,Retail Client 4463,Retail,Northeast,SMB,28,2023-02-25
ACC-14463,Finance Client 4464,Finance,Southeast,SMB,166,2022-03-10
ACC-14464,Real Estate Client 4465,Real Estate,Midwest,Mid-Market,416,2025-01-24
ACC-14465,Real Estate Client 4466,Real Estate,Northeast,Enterprise,1160,2023-01-25
ACC-14466,Manufacturing Client 4467,Manufacturing,Midwest,Enterprise,1463,2025-02-24
ACC-14467,Education Client 4468,Education,Southwest,SMB,74,2022-05-18
ACC-14468,Manufacturing Client 4469,Manufacturing,Midwest,SMB,168,2022-12-09
ACC-14469,Healthcare Client 4470,Healthcare,Southeast,SMB,56,2023-08-07
ACC-14470,Education Client 4471,Education,Midwest,SMB,51,2024-03-23
ACC-14471,Education Client 4472,Education,Midwest,Mid-Market,294,2024-09-23
ACC-14472,Manufacturing Client 4473,Manufacturing,Northeast,SMB,107,2023-10-11
ACC-14473,Healthcare Client 4474,Healthcare,Midwest,SMB,238,2022-08-12
ACC-14474,Logistics Client 4475,Logistics,West,Mid-Market,429,2022-05-24
ACC-14475,Education Client 4476,Education,Northeast,SMB,32,2022-06-26
ACC-14476,Finance Client 4477,Finance,Midwest,SMB,49,2023-04-09
ACC-14477,Finance Client 4478,Finance,Southeast,Mid-Market,156,2024-07-27
ACC-14478,Finance Client 4479,Finance,Midwest,Mid-Market,408,2024-08-28
ACC-14479,Real Estate Client 4480,Real Estate,Southeast,Mid-Market,401,2024-08-05
ACC-14480,Retail Client 4481,Retail,Southeast,Mid-Market,398,2023-04-13
ACC-14481,Logistics Client 4482,Logistics,Northeast,SMB,73,2022-03-18
ACC-14482,Software Client 4483,Software,Midwest,SMB,127,2024-02-25
ACC-14483,Retail Client 4484,Retail,Southeast,Mid-Market,290,2024-07-08
ACC-14484,Finance Client 4485,Finance,West,SMB,54,2023-03-07
ACC-14485,Retail Client 4486,Retail,Southeast,Mid-Market,384,2024-03-11
ACC-14486,Education Client 4487,Education,Midwest,Enterprise,870,2023-06-23
ACC-14487,Healthcare Client 4488,Healthcare,Northeast,SMB,73,2023-01-08
ACC-14488,Real Estate Client 4489,Real Estate,Northeast,Mid-Market,594,2022-01-12
ACC-14489,Healthcare Client 4490,Healthcare,Midwest,Mid-Market,554,2022-04-23
ACC-14490,Finance Client 4491,Finance,Northeast,SMB,42,2024-10-29
ACC-14491,Manufacturing Client 4492,Manufacturing,Southeast,Mid-Market,246,2022-11-07
ACC-14492,Finance Client 4493,Finance,Southeast,SMB,52,2023-04-05
ACC-14493,Manufacturing Client 4494,Manufacturing,West,SMB,44,2022-03-04
ACC-14494,Retail Client 4495,Retail,Midwest,Enterprise,1108,2022-03-27
ACC-14495,Manufacturing Client 4496,Manufacturing,Southwest,SMB,116,2024-04-18
ACC-14496,Software Client 4497,Software,West,Mid-Market,249,2022-12-03
ACC-14497,Retail Client 4498,Retail,Northeast,SMB,121,2022-03-13
ACC-14498,Real Estate Client 4499,Real Estate,Northeast,SMB,105,2024-10-28
ACC-14499,Education Client 4500,Education,Northeast,SMB,95,2023-07-16
ACC-14500,Logistics Client 4501,Logistics,Southeast,Mid-Market,264,2022-10-11
ACC-14501,Logistics Client 4502,Logistics,Southeast,Mid-Market,462,2024-06-23
ACC-14502,Finance Client 4503,Finance,Southwest,SMB,181,2023-11-19
ACC-14503,Logistics Client 4504,Logistics,Southwest,Mid-Market,472,2024-02-25
ACC-14504,Education Client 4505,Education,Southwest,Mid-Market,348,2023-05-11
ACC-14505,Healthcare Client 4506,Healthcare,West,SMB,28,2022-03-23
ACC-14506,Finance Client 4507,Finance,West,Mid-Market,241,2024-11-16
ACC-14507,Real Estate Client 4508,Real Estate,Northeast,SMB,207,2023-08-30
ACC-14508,Education Client 4509,Education,West,Mid-Market,664,2024-01-11
ACC-14509,Real Estate Client 4510,Real Estate,Southeast,SMB,101,2022-09-30
ACC-14510,Software Client 4511,Software,West,Mid-Market,248,2023-12-15
ACC-14511,Logistics Client 4512,Logistics,Northeast,Enterprise,2067,2022-09-13
ACC-14512,Healthcare Client 4513,Healthcare,Southeast,SMB,17,2023-11-10
ACC-14513,Manufacturing Client 4514,Manufacturing,Southeast,Mid-Market,1019,2024-03-25
ACC-14514,Healthcare Client 4515,Healthcare,Midwest,Mid-Market,377,2024-02-23
ACC-14515,Real Estate Client 4516,Real Estate,West,Mid-Market,365,2025-02-07
ACC-14516,Logistics Client 4517,Logistics,Southwest,SMB,69,2024-06-27
ACC-14517,Healthcare Client 4518,Healthcare,Northeast,Enterprise,1948,2023-07-04
ACC-14518,Healthcare Client 4519,Healthcare,Southeast,SMB,41,2022-09-25
ACC-14519,Finance Client 4520,Finance,Southwest,Mid-Market,212,2024-11-30
ACC-14520,Healthcare Client 4521,Healthcare,Southeast,Mid-Market,144,2023-07-08
ACC-14521,Finance Client 4522,Finance,Northeast,SMB,23,2025-02-02
ACC-14522,Logistics Client 4523,Logistics,Northeast,SMB,67,2023-06-04
ACC-14523,Education Client 4524,Education,Southwest,SMB,35,2024-03-30
ACC-14524,Logistics Client 4525,Logistics,Midwest,SMB,92,2023-08-17
ACC-14525,Logistics Client 4526,Logistics,Southeast,SMB,59,2024-10-23
ACC-14526,Logistics Client 4527,Logistics,Midwest,SMB,62,2023-06-19
ACC-14527,Logistics Client 4528,Logistics,Southwest,Mid-Market,98,2024-11-19
ACC-14528,Software Client 4529,Software,West,Mid-Market,533,2022-04-14
ACC-14529,Retail Client 4530,Retail,Northeast,SMB,45,2025-01-28
ACC-14530,Education Client 4531,Education,Southwest,Mid-Market,115,2024-12-17
ACC-14531,Retail Client 4532,Retail,Southwest,Enterprise,1144,2025-01-20
ACC-14532,Retail Client 4533,Retail,Midwest,Enterprise,3339,2022-01-03
ACC-14533,Real Estate Client 4534,Real Estate,Southeast,SMB,17,2022-10-27
ACC-14534,Real Estate Client 4535,Real Estate,Southwest,SMB,25,2022-03-13
ACC-14535,Logistics Client 4536,Logistics,Southwest,Mid-Market,171,2023-09-22
ACC-14536,Software Client 4537,Software,Midwest,SMB,83,2022-09-29
ACC-14537,Healthcare Client 4538,Healthcare,Southwest,SMB,49,2024-12-14
ACC-14538,Software Client 4539,Software,Northeast,SMB,110,2022-01-02
ACC-14539,Education Client 4540,Education,West,Mid-Market,198,2024-10-18
ACC-14540,Manufacturing Client 4541,Manufacturing,Southeast,Mid-Market,385,2024-12-27
ACC-14541,Healthcare Client 4542,Healthcare,Midwest,Mid-Market,1038,2023-04-16
ACC-14542,Software Client 4543,Software,Northeast,SMB,102,2023-03-28
ACC-14543,Manufacturing Client 4544,Manufacturing,Northeast,Mid-Market,243,2024-03-04
ACC-14544,Education Client 4545,Education,West,Mid-Market,606,2022-05-05
ACC-14545,Logistics Client 4546,Logistics,Northeast,SMB,106,2024-10-07
ACC-14546,Finance Client 4547,Finance,Midwest,SMB,84,2023-04-25
ACC-14547,Retail Client 4548,Retail,Southeast,Mid-Market,1163,2022-10-23
ACC-14548,Education Client 4549,Education,Southwest,SMB,94,2022-08-01
ACC-14549,Manufacturing Client 4550,Manufacturing,Northeast,Mid-Market,464,2024-02-05
ACC-14550,Manufacturing Client 4551,Manufacturing,Northeast,Mid-Market,329,2022-10-14
ACC-14551,Logistics Client 4552,Logistics,Southwest,SMB,43,2025-02-22
ACC-14552,Retail Client 4553,Retail,Southeast,Enterprise,1024,2023-09-15
ACC-14553,Healthcare Client 4554,Healthcare,West,SMB,84,2022-12-20
ACC-14554,Education Client 4555,Education,Midwest,Enterprise,1728,2022-12-30
ACC-14555,Finance Client 4556,Finance,Southeast,SMB,20,2022-09-21
ACC-14556,Healthcare Client 4557,Healthcare,Southeast,Mid-Market,594,2023-10-30
ACC-14557,Retail Client 4558,Retail,Midwest,SMB,82,2023-09-27
ACC-14558,Logistics Client 4559,Logistics,Southeast,Mid-Market,281,2022-10-26
ACC-14559,Retail Client 4560,Retail,West,Mid-Market,517,2022-05-30
ACC-14560,Software Client 4561,Software,Southeast,SMB,118,2024-03-07
ACC-14561,Healthcare Client 4562,Healthcare,Southeast,Mid-Market,333,2024-10-10
ACC-14562,Healthcare Client 4563,Healthcare,Northeast,Enterprise,2428,2024-09-14
ACC-14563,Education Client 4564,Education,Southwest,Mid-Market,459,2024-09-29
ACC-14564,Manufacturing Client 4565,Manufacturing,Southeast,Mid-Market,757,2023-11-17
ACC-14565,Healthcare Client 4566,Healthcare,Midwest,SMB,112,2024-03-17
ACC-14566,Software Client 4567,Software,West,Mid-Market,227,2023-01-25
ACC-14567,Education Client 4568,Education,Northeast,SMB,150,2022-04-27
ACC-14568,Retail Client 4569,Retail,Southeast,Enterprise,1214,2023-05-14
ACC-14569,Finance Client 4570,Finance,Midwest,Mid-Market,631,2022-01-19
ACC-14570,Retail Client 4571,Retail,Midwest,Enterprise,717,2022-02-11
ACC-14571,Healthcare Client 4572,Healthcare,Northeast,SMB,30,2022-06-04
ACC-14572,Education Client 4573,Education,Southwest,Mid-Market,81,2023-12-03
ACC-14573,Real Estate Client 4574,Real Estate,Northeast,SMB,47,2023-09-28
ACC-14574,Manufacturing Client 4575,Manufacturing,West,SMB,140,2022-05-23
ACC-14575,Retail Client 4576,Retail,Midwest,Mid-Market,513,2024-01-17
ACC-14576,Software Client 4577,Software,Southeast,SMB,26,2022-11-17
ACC-14577,Software Client 4578,Software,Midwest,Enterprise,1232,2023-05-05
ACC-14578,Healthcare Client 4579,Healthcare,Northeast,SMB,151,2024-12-19
ACC-14579,Real Estate Client 4580,Real Estate,Southwest,Enterprise,762,2024-05-20
ACC-14580,Real Estate Client 4581,Real Estate,West,SMB,174,2024-06-17
ACC-14581,Logistics Client 4582,Logistics,West,SMB,39,2023-08-25
ACC-14582,Real Estate Client 4583,Real Estate,Southwest,SMB,36,2024-10-24
ACC-14583,Manufacturing Client 4584,Manufacturing,West,SMB,30,2023-05-11
ACC-14584,Manufacturing Client 4585,Manufacturing,Northeast,Mid-Market,217,2022-03-13
ACC-14585,Retail Client 4586,Retail,Southwest,Enterprise,1361,2022-07-13
ACC-14586,Real Estate Client 4587,Real Estate,Southwest,Mid-Market,407,2023-12-28
ACC-14587,Manufacturing Client 4588,Manufacturing,Southeast,SMB,84,2022-01-04
ACC-14588,Education Client 4589,Education,Southeast,Enterprise,954,2022-05-18
ACC-14589,Retail Client 4590,Retail,West,SMB,88,2022-08-20
ACC-14590,Education Client 4591,Education,Southeast,Mid-Market,527,2022-12-02
ACC-14591,Education Client 4592,Education,Northeast,Enterprise,661,2022-09-23
ACC-14592,Retail Client 4593,Retail,West,Enterprise,2367,2024-08-03
ACC-14593,Manufacturing Client 4594,Manufacturing,Southeast,Mid-Market,315,2023-09-17
ACC-14594,Real Estate Client 4595,Real Estate,Midwest,Mid-Market,876,2022-11-19
ACC-14595,Logistics Client 4596,Logistics,Southeast,SMB,44,2024-11-06
ACC-14596,Finance Client 4597,Finance,Northeast,SMB,131,2022-10-17
ACC-14597,Retail Client 4598,Retail,Northeast,Mid-Market,112,2024-04-21
ACC-14598,Real Estate Client 4599,Real Estate,Midwest,SMB,101,2024-07-06
ACC-14599,Education Client 4600,Education,Northeast,Enterprise,519,2022-11-01
ACC-14600,Manufacturing Client 4601,Manufacturing,West,Mid-Market,819,2022-11-18
ACC-14601,Retail Client 4602,Retail,Southwest,SMB,43,2022-12-04
ACC-14602,Finance Client 4603,Finance,Southeast,SMB,45,2023-05-21
ACC-14603,Manufacturing Client 4604,Manufacturing,Northeast,SMB,70,2023-09-19
ACC-14604,Software Client 4605,Software,West,SMB,49,2022-05-28
ACC-14605,Real Estate Client 4606,Real Estate,Southwest,Mid-Market,285,2023-08-15
ACC-14606,Real Estate Client 4607,Real Estate,Southeast,SMB,106,2024-01-03
ACC-14607,Real Estate Client 4608,Real Estate,Southwest,SMB,38,2022-11-03
ACC-14608,Education Client 4609,Education,Midwest,SMB,51,2024-01-30
ACC-14609,Software Client 4610,Software,Midwest,Mid-Market,619,2024-04-12
ACC-14610,Logistics Client 4611,Logistics,Southwest,Mid-Market,242,2022-12-10
ACC-14611,Real Estate Client 4612,Real Estate,Southeast,SMB,136,2024-05-29
ACC-14612,Healthcare Client 4613,Healthcare,Northeast,Mid-Market,389,2023-07-21
ACC-14613,Manufacturing Client 4614,Manufacturing,Southwest,Mid-Market,248,2022-05-25
ACC-14614,Finance Client 4615,Finance,Midwest,SMB,109,2025-02-21
ACC-14615,Software Client 4616,Software,Northeast,SMB,41,2023-10-18
ACC-14616,Real Estate Client 4617,Real Estate,Northeast,SMB,158,2022-06-20
ACC-14617,Education Client 4618,Education,Midwest,Enterprise,457,2024-08-31
ACC-14618,Real Estate Client 4619,Real Estate,Southeast,SMB,83,2023-09-06
ACC-14619,Retail Client 4620,Retail,Southeast,SMB,259,2023-09-01
ACC-14620,Finance Client 4621,Finance,Midwest,Mid-Market,260,2022-08-11
ACC-14621,Retail Client 4622,Retail,Northeast,SMB,20,2024-05-02
ACC-14622,Logistics Client 4623,Logistics,West,SMB,87,2022-11-14
ACC-14623,Real Estate Client 4624,Real Estate,Southeast,Mid-Market,228,2024-03-20
ACC-14624,Software Client 4625,Software,Midwest,Mid-Market,268,2024-04-07
ACC-14625,Retail Client 4626,Retail,Northeast,Enterprise,1024,2022-02-24
ACC-14626,Software Client 4627,Software,West,Mid-Market,266,2022-11-25
ACC-14627,Retail Client 4628,Retail,West,Mid-Market,408,2024-03-16
ACC-14628,Real Estate Client 4629,Real Estate,Southeast,Enterprise,375,2024-01-02
ACC-14629,Manufacturing Client 4630,Manufacturing,Southeast,SMB,78,2023-03-23
ACC-14630,Education Client 4631,Education,Southwest,Mid-Market,471,2023-03-06
ACC-14631,Education Client 4632,Education,Midwest,Enterprise,1287,2024-09-05
ACC-14632,Real Estate Client 4633,Real Estate,West,Mid-Market,315,2023-04-05
ACC-14633,Education Client 4634,Education,West,SMB,75,2024-09-13
ACC-14634,Finance Client 4635,Finance,Midwest,Enterprise,1925,2022-12-27
ACC-14635,Retail Client 4636,Retail,Northeast,Mid-Market,268,2024-09-15
ACC-14636,Retail Client 4637,Retail,Southeast,SMB,151,2022-12-27
ACC-14637,Education Client 4638,Education,West,SMB,40,2022-08-06
ACC-14638,Finance Client 4639,Finance,Southwest,Mid-Market,330,2022-10-24
ACC-14639,Real Estate Client 4640,Real Estate,Southeast,Mid-Market,364,2022-11-23
ACC-14640,Retail Client 4641,Retail,Southwest,SMB,40,2025-02-07
ACC-14641,Education Client 4642,Education,West,Mid-Market,147,2023-08-10
ACC-14642,Healthcare Client 4643,Healthcare,Southwest,Mid-Market,410,2023-10-01
ACC-14643,Software Client 4644,Software,West,Enterprise,895,2025-02-03
ACC-14644,Healthcare Client 4645,Healthcare,Northeast,SMB,76,2024-07-27
ACC-14645,Logistics Client 4646,Logistics,West,Mid-Market,351,2022-07-04
ACC-14646,Software Client 4647,Software,Midwest,Enterprise,302,2022-03-17
ACC-14647,Real Estate Client 4648,Real Estate,West,Mid-Market,727,2023-01-20
ACC-14648,Finance Client 4649,Finance,Midwest,SMB,57,2024-12-03
ACC-14649,Real Estate Client 4650,Real Estate,Southwest,Mid-Market,187,2023-06-30
ACC-14650,Healthcare Client 4651,Healthcare,Southeast,Mid-Market,315,2024-02-15
ACC-14651,Finance Client 4652,Finance,Midwest,Enterprise,1116,2024-07-31
ACC-14652,Healthcare Client 4653,Healthcare,West,Mid-Market,75,2023-12-13
ACC-14653,Real Estate Client 4654,Real Estate,Southwest,SMB,34,2023-02-02
ACC-14654,Real Estate Client 4655,Real Estate,Midwest,Mid-Market,350,2022-05-23
ACC-14655,Finance Client 4656,Finance,Southeast,SMB,90,2023-11-20
ACC-14656,Retail Client 4657,Retail,Southeast,Mid-Market,209,2023-12-28
ACC-14657,Finance Client 4658,Finance,Southwest,SMB,62,2022-02-23
ACC-14658,Education Client 4659,Education,Southwest,Enterprise,219,2024-05-12
ACC-14659,Retail Client 4660,Retail,West,SMB,100,2024-09-17
ACC-14660,Software Client 4661,Software,Southeast,Mid-Market,220,2024-05-10
ACC-14661,Real Estate Client 4662,Real Estate,Northeast,Mid-Market,1338,2022-02-03
ACC-14662,Finance Client 4663,Finance,Northeast,SMB,73,2023-01-31
ACC-14663,Real Estate Client 4664,Real Estate,Northeast,Enterprise,677,2024-10-03
ACC-14664,Software Client 4665,Software,West,SMB,95,2024-01-31
ACC-14665,Manufacturing Client 4666,Manufacturing,Southwest,Enterprise,1272,2022-05-28
ACC-14666,Manufacturing Client 4667,Manufacturing,West,Mid-Market,418,2025-01-11
ACC-14667,Logistics Client 4668,Logistics,West,SMB,83,2022-10-09
ACC-14668,Manufacturing Client 4669,Manufacturing,Midwest,SMB,93,2023-08-27
ACC-14669,Manufacturing Client 4670,Manufacturing,Midwest,SMB,46,2022-05-19
ACC-14670,Finance Client 4671,Finance,Southwest,SMB,31,2022-02-09
ACC-14671,Retail Client 4672,Retail,Midwest,SMB,168,2025-01-21
ACC-14672,Real Estate Client 4673,Real Estate,Northeast,Enterprise,2035,2025-02-03
ACC-14673,Logistics Client 4674,Logistics,Southwest,Enterprise,907,2024-01-16
ACC-14674,Finance Client 4675,Finance,Midwest,Mid-Market,179,2022-04-09
ACC-14675,Logistics Client 4676,Logistics,Southeast,Mid-Market,356,2022-04-28
ACC-14676,Retail Client 4677,Retail,Midwest,Mid-Market,460,2022-06-29
ACC-14677,Software Client 4678,Software,West,Mid-Market,130,2024-02-20
ACC-14678,Real Estate Client 4679,Real Estate,Southeast,SMB,50,2024-02-04
ACC-14679,Software Client 4680,Software,Southwest,SMB,90,2023-10-09
ACC-14680,Finance Client 4681,Finance,Midwest,Mid-Market,135,2023-03-09
ACC-14681,Healthcare Client 4682,Healthcare,Midwest,Mid-Market,422,2024-12-14
ACC-14682,Manufacturing Client 4683,Manufacturing,Northeast,SMB,49,2022-11-14
ACC-14683,Logistics Client 4684,Logistics,West,Mid-Market,228,2022-04-25
ACC-14684,Finance Client 4685,Finance,Southeast,SMB,163,2022-08-08
ACC-14685,Real Estate Client 4686,Real Estate,Southwest,Mid-Market,455,2024-03-10
ACC-14686,Real Estate Client 4687,Real Estate,Southeast,SMB,187,2022-11-26
ACC-14687,Finance Client 4688,Finance,Southwest,SMB,44,2022-07-11
ACC-14688,Retail Client 4689,Retail,Southwest,SMB,80,2024-11-02
ACC-14689,Real Estate Client 4690,Real Estate,Midwest,SMB,93,2024-06-08
ACC-14690,Healthcare Client 4691,Healthcare,West,Mid-Market,333,2025-02-04
ACC-14691,Healthcare Client 4692,Healthcare,Midwest,SMB,68,2023-06-13
ACC-14692,Manufacturing Client 4693,Manufacturing,West,Enterprise,1383,2022-06-27
ACC-14693,Healthcare Client 4694,Healthcare,Midwest,Mid-Market,548,2023-05-10
ACC-14694,Manufacturing Client 4695,Manufacturing,Northeast,Enterprise,1287,2024-02-13
ACC-14695,Real Estate Client 4696,Real Estate,Midwest,Enterprise,316,2023-08-07
ACC-14696,Manufacturing Client 4697,Manufacturing,Midwest,Mid-Market,190,2024-08-13
ACC-14697,Retail Client 4698,Retail,Northeast,SMB,61,2022-04-18
ACC-14698,Manufacturing Client 4699,Manufacturing,Midwest,SMB,81,2022-10-18
ACC-14699,Real Estate Client 4700,Real Estate,West,SMB,144,2025-01-25
ACC-14700,Retail Client 4701,Retail,Midwest,Enterprise,939,2024-03-21
ACC-14701,Real Estate Client 4702,Real Estate,Southeast,Enterprise,945,2022-08-12
ACC-14702,Logistics Client 4703,Logistics,Midwest,SMB,22,2024-03-28
ACC-14703,Healthcare Client 4704,Healthcare,West,SMB,93,2022-01-07
ACC-14704,Real Estate Client 4705,Real Estate,Midwest,SMB,33,2022-04-28
ACC-14705,Logistics Client 4706,Logistics,West,SMB,131,2024-11-13
ACC-14706,Education Client 4707,Education,West,Mid-Market,109,2024-05-05
ACC-14707,Software Client 4708,Software,Southeast,Mid-Market,162,2024-08-22
ACC-14708,Finance Client 4709,Finance,Southwest,SMB,57,2024-02-20
ACC-14709,Healthcare Client 4710,Healthcare,Midwest,Enterprise,1861,2024-08-22
ACC-14710,Manufacturing Client 4711,Manufacturing,Southeast,Mid-Market,222,2024-07-15
ACC-14711,Retail Client 4712,Retail,Southwest,SMB,34,2022-02-28
ACC-14712,Finance Client 4713,Finance,West,SMB,28,2024-10-16
ACC-14713,Finance Client 4714,Finance,West,SMB,70,2023-02-19
ACC-14714,Software Client 4715,Software,Southeast,Mid-Market,318,2024-05-25
ACC-14715,Retail Client 4716,Retail,West,Enterprise,1868,2024-02-03
ACC-14716,Finance Client 4717,Finance,Southeast,SMB,35,2024-08-31
ACC-14717,Retail Client 4718,Retail,Midwest,Enterprise,1949,2024-03-12
ACC-14718,Logistics Client 4719,Logistics,Southwest,SMB,88,2025-01-23
ACC-14719,Retail Client 4720,Retail,Northeast,Mid-Market,254,2025-02-06
ACC-14720,Real Estate Client 4721,Real Estate,Southwest,Enterprise,1547,2023-08-29
ACC-14721,Retail Client 4722,Retail,Northeast,SMB,33,2025-02-15
ACC-14722,Software Client 4723,Software,West,Enterprise,1300,2024-12-06
ACC-14723,Retail Client 4724,Retail,Southeast,Mid-Market,338,2023-09-14
ACC-14724,Logistics Client 4725,Logistics,West,Mid-Market,362,2023-12-26
ACC-14725,Logistics Client 4726,Logistics,West,Enterprise,651,2023-02-08
ACC-14726,Healthcare Client 4727,Healthcare,Midwest,SMB,57,2024-05-18
ACC-14727,Education Client 4728,Education,Southwest,SMB,73,2024-08-18
ACC-14728,Finance Client 4729,Finance,Southwest,Enterprise,1261,2022-06-14
ACC-14729,Logistics Client 4730,Logistics,West,SMB,125,2022-06-21
ACC-14730,Manufacturing Client 4731,Manufacturing,Southeast,SMB,62,2022-09-14
ACC-14731,Manufacturing Client 4732,Manufacturing,Northeast,Mid-Market,281,2024-09-12
ACC-14732,Real Estate Client 4733,Real Estate,Northeast,Mid-Market,199,2022-07-04
ACC-14733,Real Estate Client 4734,Real Estate,Southwest,Enterprise,1694,2023-08-05
ACC-14734,Education Client 4735,Education,Northeast,SMB,71,2024-07-12
ACC-14735,Real Estate Client 4736,Real Estate,Southwest,SMB,68,2024-08-07
ACC-14736,Real Estate Client 4737,Real Estate,Midwest,Enterprise,714,2024-04-16
ACC-14737,Retail Client 4738,Retail,West,Enterprise,753,2022-08-12
ACC-14738,Healthcare Client 4739,Healthcare,West,Mid-Market,287,2023-12-31
ACC-14739,Manufacturing Client 4740,Manufacturing,Midwest,Mid-Market,480,2022-03-21
ACC-14740,Real Estate Client 4741,Real Estate,Southeast,SMB,105,2024-06-22
ACC-14741,Logistics Client 4742,Logistics,Southeast,Mid-Market,154,2022-06-28
ACC-14742,Education Client 4743,Education,Midwest,SMB,171,2024-05-08
ACC-14743,Manufacturing Client 4744,Manufacturing,Midwest,SMB,40,2023-07-27
ACC-14744,Software Client 4745,Software,West,Mid-Market,247,2022-04-13
ACC-14745,Finance Client 4746,Finance,Southeast,Enterprise,753,2022-03-13
ACC-14746,Healthcare Client 4747,Healthcare,West,Enterprise,1571,2023-01-09
ACC-14747,Real Estate Client 4748,Real Estate,Southwest,SMB,58,2024-04-30
ACC-14748,Real Estate Client 4749,Real Estate,West,Enterprise,496,2022-11-29
ACC-14749,Education Client 4750,Education,Southwest,Enterprise,968,2023-05-05
ACC-14750,Manufacturing Client 4751,Manufacturing,Northeast,SMB,156,2022-12-31
ACC-14751,Real Estate Client 4752,Real Estate,Northeast,Mid-Market,848,2024-10-04
ACC-14752,Manufacturing Client 4753,Manufacturing,Southeast,SMB,55,2024-04-25
ACC-14753,Finance Client 4754,Finance,Midwest,SMB,119,2023-02-01
ACC-14754,Real Estate Client 4755,Real Estate,Southwest,Mid-Market,266,2024-10-21
ACC-14755,Healthcare Client 4756,Healthcare,Northeast,SMB,43,2022-04-05
ACC-14756,Software Client 4757,Software,West,Mid-Market,401,2024-08-26
ACC-14757,Education Client 4758,Education,Northeast,Mid-Market,511,2024-05-14
ACC-14758,Education Client 4759,Education,Southeast,Enterprise,1642,2024-01-29
ACC-14759,Real Estate Client 4760,Real Estate,Southwest,Mid-Market,1726,2022-06-26
ACC-14760,Retail Client 4761,Retail,West,SMB,77,2022-01-31
ACC-14761,Healthcare Client 4762,Healthcare,Northeast,SMB,49,2025-01-17
ACC-14762,Manufacturing Client 4763,Manufacturing,Southwest,SMB,172,2023-06-08
ACC-14763,Logistics Client 4764,Logistics,Midwest,Mid-Market,1043,2022-06-10
ACC-14764,Real Estate Client 4765,Real Estate,Midwest,SMB,61,2024-03-02
ACC-14765,Software Client 4766,Software,West,Mid-Market,224,2022-08-09
ACC-14766,Logistics Client 4767,Logistics,Southeast,Mid-Market,583,2022-01-03
ACC-14767,Real Estate Client 4768,Real Estate,West,SMB,73,2023-12-13
ACC-14768,Finance Client 4769,Finance,Southwest,SMB,150,2023-11-11
ACC-14769,Manufacturing Client 4770,Manufacturing,Southeast,SMB,82,2022-03-06
ACC-14770,Retail Client 4771,Retail,Midwest,Enterprise,555,2024-02-06
ACC-14771,Education Client 4772,Education,Southwest,SMB,45,2024-03-30
ACC-14772,Logistics Client 4773,Logistics,Southwest,SMB,167,2023-01-09
ACC-14773,Finance Client 4774,Finance,Northeast,Enterprise,425,2022-09-16
ACC-14774,Software Client 4775,Software,Southeast,Enterprise,733,2024-02-28
ACC-14775,Logistics Client 4776,Logistics,Southwest,Mid-Market,195,2024-09-06
ACC-14776,Education Client 4777,Education,Midwest,Mid-Market,616,2022-08-25
ACC-14777,Retail Client 4778,Retail,Midwest,SMB,94,2022-10-05
ACC-14778,Software Client 4779,Software,Southeast,SMB,176,2024-11-05
ACC-14779,Software Client 4780,Software,Northeast,Mid-Market,334,2023-08-08
ACC-14780,Finance Client 4781,Finance,Southeast,Enterprise,1240,2024-02-15
ACC-14781,Education Client 4782,Education,Northeast,Mid-Market,362,2022-05-19
ACC-14782,Education Client 4783,Education,Southeast,Enterprise,796,2023-07-29
ACC-14783,Real Estate Client 4784,Real Estate,West,SMB,53,2024-12-11
ACC-14784,Education Client 4785,Education,Southeast,SMB,67,2025-02-16
ACC-14785,Healthcare Client 4786,Healthcare,West,SMB,140,2024-03-05
ACC-14786,Finance Client 4787,Finance,Southeast,Enterprise,573,2022-06-15
ACC-14787,Real Estate Client 4788,Real Estate,West,Mid-Market,160,2022-08-11
ACC-14788,Finance Client 4789,Finance,Northeast,Enterprise,965,2022-03-25
ACC-14789,Retail Client 4790,Retail,West,SMB,96,2023-12-04
ACC-14790,Manufacturing Client 4791,Manufacturing,West,SMB,194,2024-01-18
ACC-14791,Software Client 4792,Software,Southeast,SMB,55,2024-04-12
ACC-14792,Real Estate Client 4793,Real Estate,Midwest,Enterprise,481,2025-01-22
ACC-14793,Healthcare Client 4794,Healthcare,Northeast,Mid-Market,365,2024-05-14
ACC-14794,Real Estate Client 4795,Real Estate,Northeast,Mid-Market,261,2022-12-09
ACC-14795,Finance Client 4796,Finance,Southeast,Enterprise,588,2025-01-17
ACC-14796,Real Estate Client 4797,Real Estate,Southeast,SMB,60,2022-02-26
ACC-14797,Finance Client 4798,Finance,Southeast,SMB,90,2023-05-02
ACC-14798,Software Client 4799,Software,Midwest,Mid-Market,302,2022-02-20
ACC-14799,Real Estate Client 4800,Real Estate,Northeast,SMB,272,2023-06-17
ACC-14800,Education Client 4801,Education,Southwest,SMB,44,2023-02-02
ACC-14801,Retail Client 4802,Retail,Southwest,Enterprise,2440,2025-01-25
ACC-14802,Healthcare Client 4803,Healthcare,Midwest,SMB,43,2024-03-23
ACC-14803,Software Client 4804,Software,Southwest,SMB,62,2022-10-25
ACC-14804,Retail Client 4805,Retail,West,Enterprise,2903,2023-09-11
ACC-14805,Software Client 4806,Software,West,SMB,74,2023-09-12
ACC-14806,Manufacturing Client 4807,Manufacturing,Midwest,SMB,60,2023-10-01
ACC-14807,Retail Client 4808,Retail,Southeast,SMB,43,2024-08-14
ACC-14808,Logistics Client 4809,Logistics,West,SMB,211,2024-05-29
ACC-14809,Real Estate Client 4810,Real Estate,Southeast,SMB,97,2024-03-26
ACC-14810,Finance Client 4811,Finance,Southeast,Mid-Market,770,2023-04-01
ACC-14811,Finance Client 4812,Finance,Northeast,SMB,53,2023-01-05
ACC-14812,Logistics Client 4813,Logistics,Southeast,SMB,174,2022-08-23
ACC-14813,Education Client 4814,Education,West,Mid-Market,423,2022-06-18
ACC-14814,Software Client 4815,Software,Northeast,SMB,108,2022-10-03
ACC-14815,Healthcare Client 4816,Healthcare,West,Mid-Market,271,2023-11-27
ACC-14816,Software Client 4817,Software,Southwest,Mid-Market,539,2024-07-30
ACC-14817,Finance Client 4818,Finance,West,Enterprise,1606,2024-09-01
ACC-14818,Software Client 4819,Software,Midwest,Mid-Market,337,2022-06-05
ACC-14819,Healthcare Client 4820,Healthcare,Southwest,Mid-Market,232,2023-04-05
ACC-14820,Manufacturing Client 4821,Manufacturing,Southeast,SMB,59,2022-02-07
ACC-14821,Retail Client 4822,Retail,Midwest,Mid-Market,534,2024-11-11
ACC-14822,Healthcare Client 4823,Healthcare,West,SMB,53,2024-08-20
ACC-14823,Finance Client 4824,Finance,Southwest,SMB,133,2022-06-18
ACC-14824,Manufacturing Client 4825,Manufacturing,Southeast,Mid-Market,349,2023-07-10
ACC-14825,Finance Client 4826,Finance,Southeast,SMB,47,2022-06-29
ACC-14826,Logistics Client 4827,Logistics,Southwest,Mid-Market,248,2022-05-06
ACC-14827,Logistics Client 4828,Logistics,Northeast,SMB,121,2024-09-06
ACC-14828,Manufacturing Client 4829,Manufacturing,Southeast,SMB,105,2022-06-10
ACC-14829,Education Client 4830,Education,West,SMB,74,2023-12-21
ACC-14830,Real Estate Client 4831,Real Estate,West,SMB,49,2023-01-16
ACC-14831,Finance Client 4832,Finance,Midwest,Mid-Market,155,2022-08-09
ACC-14832,Finance Client 4833,Finance,Southwest,SMB,99,2024-03-08
ACC-14833,Logistics Client 4834,Logistics,Southeast,SMB,41,2023-05-24
ACC-14834,Retail Client 4835,Retail,Southeast,Mid-Market,168,2022-04-22
ACC-14835,Healthcare Client 4836,Healthcare,Southwest,Enterprise,1091,2023-12-26
ACC-14836,Finance Client 4837,Finance,Northeast,SMB,134,2023-01-07
ACC-14837,Retail Client 4838,Retail,Southwest,SMB,77,2022-12-31
ACC-14838,Retail Client 4839,Retail,Midwest,SMB,89,2023-06-24
ACC-14839,Software Client 4840,Software,West,Enterprise,546,2024-06-03
ACC-14840,Healthcare Client 4841,Healthcare,Midwest,SMB,51,2022-12-29
ACC-14841,Finance Client 4842,Finance,Northeast,SMB,117,2022-04-18
ACC-14842,Education Client 4843,Education,West,SMB,46,2023-07-23
ACC-14843,Real Estate Client 4844,Real Estate,Southeast,Enterprise,615,2025-02-03
ACC-14844,Manufacturing Client 4845,Manufacturing,Southwest,SMB,28,2022-12-11
ACC-14845,Logistics Client 4846,Logistics,Midwest,Enterprise,1184,2022-09-01
ACC-14846,Retail Client 4847,Retail,Northeast,Enterprise,520,2022-12-28
ACC-14847,Healthcare Client 4848,Healthcare,Southeast,Mid-Market,407,2024-09-15
ACC-14848,Finance Client 4849,Finance,Midwest,Enterprise,1071,2023-12-18
ACC-14849,Real Estate Client 4850,Real Estate,Southeast,Mid-Market,952,2023-12-06
ACC-14850,Healthcare Client 4851,Healthcare,Southwest,Enterprise,486,2022-12-25
ACC-14851,Software Client 4852,Software,Southwest,Enterprise,1529,2022-03-20
ACC-14852,Real Estate Client 4853,Real Estate,Southeast,SMB,44,2024-07-14
ACC-14853,Software Client 4854,Software,Southwest,SMB,169,2024-10-09
ACC-14854,Healthcare Client 4855,Healthcare,Northeast,SMB,30,2023-11-28
ACC-14855,Manufacturing Client 4856,Manufacturing,Southwest,Enterprise,993,2023-09-21
ACC-14856,Education Client 4857,Education,Northeast,Mid-Market,270,2022-11-03
ACC-14857,Retail Client 4858,Retail,Northeast,SMB,57,2022-05-02
ACC-14858,Logistics Client 4859,Logistics,West,Mid-Market,120,2022-05-02
ACC-14859,Manufacturing Client 4860,Manufacturing,West,Mid-Market,233,2024-01-16
ACC-14860,Logistics Client 4861,Logistics,Southwest,Enterprise,853,2023-01-18
ACC-14861,Logistics Client 4862,Logistics,West,Enterprise,1062,2022-02-22
ACC-14862,Education Client 4863,Education,Northeast,SMB,68,2024-09-08
ACC-14863,Finance Client 4864,Finance,Southwest,SMB,20,2022-01-04
ACC-14864,Retail Client 4865,Retail,West,Mid-Market,306,2025-01-06
ACC-14865,Healthcare Client 4866,Healthcare,Southeast,Mid-Market,272,2024-06-15
ACC-14866,Finance Client 4867,Finance,Southeast,Mid-Market,161,2023-04-12
ACC-14867,Education Client 4868,Education,Southeast,SMB,138,2023-01-06
ACC-14868,Real Estate Client 4869,Real Estate,Southeast,Mid-Market,513,2024-02-24
ACC-14869,Education Client 4870,Education,Southeast,SMB,64,2024-03-02
ACC-14870,Education Client 4871,Education,Northeast,SMB,122,2024-10-15
ACC-14871,Software Client 4872,Software,Northeast,SMB,18,2022-10-24
ACC-14872,Retail Client 4873,Retail,Southeast,SMB,141,2022-03-19
ACC-14873,Finance Client 4874,Finance,West,Enterprise,661,2022-11-28
ACC-14874,Healthcare Client 4875,Healthcare,Southeast,SMB,40,2024-12-30
ACC-14875,Manufacturing Client 4876,Manufacturing,Southeast,Mid-Market,621,2025-01-30
ACC-14876,Manufacturing Client 4877,Manufacturing,Northeast,SMB,168,2022-02-08
ACC-14877,Healthcare Client 4878,Healthcare,Midwest,SMB,251,2023-04-09
ACC-14878,Healthcare Client 4879,Healthcare,Southwest,Mid-Market,296,2023-05-02
ACC-14879,Retail Client 4880,Retail,Southeast,SMB,81,2023-11-06
ACC-14880,Manufacturing Client 4881,Manufacturing,Southeast,Mid-Market,335,2022-05-21
ACC-14881,Finance Client 4882,Finance,Northeast,SMB,72,2022-04-20
ACC-14882,Education Client 4883,Education,Northeast,Enterprise,2507,2022-06-13
ACC-14883,Manufacturing Client 4884,Manufacturing,Southwest,Mid-Market,335,2024-08-05
ACC-14884,Finance Client 4885,Finance,Southwest,SMB,141,2025-01-12
ACC-14885,Education Client 4886,Education,Northeast,Enterprise,883,2024-12-19
ACC-14886,Education Client 4887,Education,West,Enterprise,668,2022-05-30
ACC-14887,Manufacturing Client 4888,Manufacturing,Southeast,Mid-Market,99,2023-09-12
ACC-14888,Finance Client 4889,Finance,Northeast,Mid-Market,274,2024-11-05
ACC-14889,Education Client 4890,Education,West,Enterprise,386,2024-10-29
ACC-14890,Software Client 4891,Software,Southwest,SMB,314,2022-01-15
ACC-14891,Software Client 4892,Software,West,SMB,89,2024-07-28
ACC-14892,Real Estate Client 4893,Real Estate,Midwest,SMB,59,2022-11-19
ACC-14893,Education Client 4894,Education,West,SMB,84,2022-03-12
ACC-14894,Education Client 4895,Education,Southwest,SMB,51,2024-01-25
ACC-14895,Finance Client 4896,Finance,Midwest,SMB,185,2023-05-19
ACC-14896,Healthcare Client 4897,Healthcare,Northeast,SMB,60,2024-12-08
ACC-14897,Logistics Client 4898,Logistics,Midwest,Mid-Market,936,2022-05-20
ACC-14898,Manufacturing Client 4899,Manufacturing,Southeast,Mid-Market,313,2024-08-01
ACC-14899,Retail Client 4900,Retail,Midwest,Mid-Market,315,2025-01-05
ACC-14900,Logistics Client 4901,Logistics,Southeast,Enterprise,652,2024-01-05
ACC-14901,Retail Client 4902,Retail,Midwest,SMB,52,2022-12-16
ACC-14902,Manufacturing Client 4903,Manufacturing,Northeast,SMB,165,2023-06-17
ACC-14903,Retail Client 4904,Retail,Southeast,SMB,31,2022-12-25
ACC-14904,Logistics Client 4905,Logistics,Southwest,Mid-Market,107,2024-11-02
ACC-14905,Logistics Client 4906,Logistics,Midwest,Enterprise,2412,2022-05-11
ACC-14906,Software Client 4907,Software,Southwest,SMB,49,2024-12-11
ACC-14907,Finance Client 4908,Finance,Southeast,Mid-Market,609,2024-06-27
ACC-14908,Healthcare Client 4909,Healthcare,Southeast,Enterprise,2354,2024-12-07
ACC-14909,Education Client 4910,Education,Midwest,SMB,71,2025-01-01
ACC-14910,Logistics Client 4911,Logistics,Northeast,Mid-Market,526,2022-06-14
ACC-14911,Logistics Client 4912,Logistics,Southwest,SMB,27,2024-06-06
ACC-14912,Retail Client 4913,Retail,West,SMB,70,2022-01-23
ACC-14913,Education Client 4914,Education,Northeast,Mid-Market,623,2023-11-25
ACC-14914,Retail Client 4915,Retail,West,SMB,27,2024-10-12
ACC-14915,Education Client 4916,Education,Midwest,Enterprise,1699,2023-04-29
ACC-14916,Healthcare Client 4917,Healthcare,West,SMB,64,2024-06-09
ACC-14917,Manufacturing Client 4918,Manufacturing,Midwest,SMB,58,2023-01-24
ACC-14918,Finance Client 4919,Finance,Midwest,SMB,60,2024-08-23
ACC-14919,Healthcare Client 4920,Healthcare,Southeast,Mid-Market,224,2022-01-24
ACC-14920,Healthcare Client 4921,Healthcare,West,Mid-Market,798,2022-11-06
ACC-14921,Healthcare Client 4922,Healthcare,Southwest,SMB,40,2024-12-01
ACC-14922,Education Client 4923,Education,Midwest,SMB,62,2023-08-07
ACC-14923,Real Estate Client 4924,Real Estate,Southwest,SMB,113,2023-02-17
ACC-14924,Healthcare Client 4925,Healthcare,West,SMB,116,2025-02-20
ACC-14925,Healthcare Client 4926,Healthcare,Midwest,Enterprise,1117,2022-05-31
ACC-14926,Real Estate Client 4927,Real Estate,Midwest,Enterprise,970,2022-08-24
ACC-14927,Software Client 4928,Software,West,Mid-Market,715,2022-04-07
ACC-14928,Retail Client 4929,Retail,Midwest,Enterprise,791,2023-11-30
ACC-14929,Healthcare Client 4930,Healthcare,Southwest,SMB,40,2024-02-11
ACC-14930,Retail Client 4931,Retail,Southwest,Mid-Market,173,2023-01-06
ACC-14931,Manufacturing Client 4932,Manufacturing,Southeast,SMB,129,2024-02-19
ACC-14932,Real Estate Client 4933,Real Estate,Southeast,SMB,48,2022-01-29
ACC-14933,Healthcare Client 4934,Healthcare,West,Mid-Market,240,2023-07-11
ACC-14934,Retail Client 4935,Retail,Northeast,SMB,34,2023-10-18
ACC-14935,Finance Client 4936,Finance,Midwest,SMB,108,2024-04-17
ACC-14936,Education Client 4937,Education,Southeast,SMB,75,2023-03-23
ACC-14937,Software Client 4938,Software,West,SMB,134,2023-08-31
ACC-14938,Education Client 4939,Education,Northeast,SMB,94,2022-02-20
ACC-14939,Education Client 4940,Education,Midwest,SMB,102,2023-01-30
ACC-14940,Logistics Client 4941,Logistics,Southwest,Mid-Market,290,2025-02-20
ACC-14941,Manufacturing Client 4942,Manufacturing,Northeast,Enterprise,515,2023-07-14
ACC-14942,Manufacturing Client 4943,Manufacturing,Midwest,Mid-Market,291,2024-01-10
ACC-14943,Healthcare Client 4944,Healthcare,Northeast,Mid-Market,514,2023-01-26
ACC-14944,Manufacturing Client 4945,Manufacturing,Southeast,SMB,31,2024-04-16
ACC-14945,Logistics Client 4946,Logistics,Midwest,SMB,189,2023-02-07
ACC-14946,Finance Client 4947,Finance,Northeast,Enterprise,1193,2023-01-11
ACC-14947,Retail Client 4948,Retail,West,Mid-Market,239,2023-03-26
ACC-14948,Logistics Client 4949,Logistics,Midwest,SMB,54,2022-09-10
ACC-14949,Real Estate Client 4950,Real Estate,Southwest,SMB,71,2024-10-13
ACC-14950,Manufacturing Client 4951,Manufacturing,West,SMB,68,2024-08-27
ACC-14951,Education Client 4952,Education,Northeast,Mid-Market,200,2022-04-20
ACC-14952,Retail Client 4953,Retail,Northeast,SMB,20,2024-10-16
ACC-14953,Healthcare Client 4954,Healthcare,Southwest,Enterprise,1403,2024-11-16
ACC-14954,Retail Client 4955,Retail,Northeast,SMB,49,2024-08-11
ACC-14955,Healthcare Client 4956,Healthcare,West,SMB,85,2024-05-21
ACC-14956,Logistics Client 4957,Logistics,West,Mid-Market,159,2023-08-01
ACC-14957,Logistics Client 4958,Logistics,Midwest,SMB,29,2023-03-23
ACC-14958,Finance Client 4959,Finance,Southwest,Enterprise,952,2023-06-19
ACC-14959,Software Client 4960,Software,Northeast,Mid-Market,248,2023-06-30
ACC-14960,Education Client 4961,Education,West,SMB,22,2024-04-02
ACC-14961,Retail Client 4962,Retail,Midwest,Mid-Market,508,2023-06-30
ACC-14962,Retail Client 4963,Retail,Southeast,SMB,74,2024-05-05
ACC-14963,Real Estate Client 4964,Real Estate,Southwest,Mid-Market,401,2023-09-07
ACC-14964,Finance Client 4965,Finance,Midwest,Mid-Market,186,2023-03-20
ACC-14965,Finance Client 4966,Finance,Southwest,SMB,79,2023-01-22
ACC-14966,Real Estate Client 4967,Real Estate,Southwest,Enterprise,668,2023-04-21
ACC-14967,Software Client 4968,Software,Southwest,Mid-Market,150,2022-03-03
ACC-14968,Healthcare Client 4969,Healthcare,Southeast,SMB,95,2025-01-12
ACC-14969,Education Client 4970,Education,Northeast,Enterprise,995,2022-08-21
ACC-14970,Manufacturing Client 4971,Manufacturing,Southwest,SMB,11,2025-01-18
ACC-14971,Manufacturing Client 4972,Manufacturing,Southeast,SMB,52,2022-12-03
ACC-14972,Software Client 4973,Software,Southeast,SMB,28,2023-12-26
ACC-14973,Real Estate Client 4974,Real Estate,Midwest,Enterprise,1973,2024-07-05
ACC-14974,Finance Client 4975,Finance,Northeast,Enterprise,1170,2025-01-04
ACC-14975,Real Estate Client 4976,Real Estate,Southeast,SMB,69,2024-04-15
ACC-14976,Software Client 4977,Software,Southeast,Mid-Market,463,2025-01-21
ACC-14977,Real Estate Client 4978,Real Estate,Southeast,Enterprise,2018,2022-08-10
ACC-14978,Manufacturing Client 4979,Manufacturing,West,SMB,59,2023-07-09
ACC-14979,Software Client 4980,Software,West,Enterprise,881,2023-11-13
ACC-14980,Software Client 4981,Software,Midwest,Mid-Market,605,2022-06-04
ACC-14981,Retail Client 4982,Retail,Southeast,SMB,35,2023-08-30
ACC-14982,Education Client 4983,Education,West,Mid-Market,758,2023-05-10
ACC-14983,Logistics Client 4984,Logistics,Southeast,Mid-Market,232,2023-04-28
ACC-14984,Healthcare Client 4985,Healthcare,Southwest,Mid-Market,198,2024-12-19
ACC-14985,Retail Client 4986,Retail,Southwest,Mid-Market,394,2024-07-31
ACC-14986,Retail Client 4987,Retail,Southeast,SMB,33,2024-03-05
ACC-14987,Manufacturing Client 4988,Manufacturing,Northeast,Mid-Market,364,2022-12-04
ACC-14988,Logistics Client 4989,Logistics,Midwest,Mid-Market,1618,2024-04-12
ACC-14989,Manufacturing Client 4990,Manufacturing,Northeast,Enterprise,507,2024-05-15
ACC-14990,Real Estate Client 4991,Real Estate,Southeast,Mid-Market,472,2023-01-12
ACC-14991,Manufacturing Client 4992,Manufacturing,Midwest,Enterprise,2168,2022-10-28
ACC-14992,Healthcare Client 4993,Healthcare,West,Enterprise,1332,2022-10-02
ACC-14993,Healthcare Client 4994,Healthcare,Southeast,Mid-Market,111,2025-02-17
ACC-14994,Finance Client 4995,Finance,Southwest,Mid-Market,150,2022-05-23
ACC-14995,Manufacturing Client 4996,Manufacturing,Southeast,Mid-Market,214,2023-10-23
ACC-14996,Healthcare Client 4997,Healthcare,Southeast,Mid-Market,417,2022-11-14
ACC-14997,Education Client 4998,Education,Southeast,Mid-Market,400,2022-02-06
ACC-14998,Logistics Client 4999,Logistics,Southwest,Mid-Market,224,2022-06-29
ACC-14999,Retail Client 5000,Retail,West,Mid-Market,815,2024-05-09
ACC-15000,Software Client 5001,Software,Midwest,Mid-Market,215,2024-02-12
ACC-15001,Finance Client 5002,Finance,Northeast,Mid-Market,115,2023-03-21
ACC-15002,Software Client 5003,Software,Southwest,Mid-Market,665,2023-06-08
ACC-15003,Education Client 5004,Education,Southwest,SMB,85,2024-07-11
ACC-15004,Real Estate Client 5005,Real Estate,Southwest,Mid-Market,384,2024-12-14
ACC-15005,Logistics Client 5006,Logistics,Midwest,Mid-Market,489,2023-02-09
ACC-15006,Retail Client 5007,Retail,West,Mid-Market,591,2023-07-15
ACC-15007,Logistics Client 5008,Logistics,Southwest,SMB,76,2022-11-15
ACC-15008,Logistics Client 5009,Logistics,Midwest,SMB,74,2024-04-05
ACC-15009,Manufacturing Client 5010,Manufacturing,West,Mid-Market,157,2023-03-02
ACC-15010,Manufacturing Client 5011,Manufacturing,Northeast,SMB,389,2022-01-21
ACC-15011,Software Client 5012,Software,Northeast,Mid-Market,183,2022-01-15
ACC-15012,Retail Client 5013,Retail,West,Mid-Market,317,2022-07-22
ACC-15013,Real Estate Client 5014,Real Estate,West,SMB,20,2022-11-07
ACC-15014,Manufacturing Client 5015,Manufacturing,Midwest,Enterprise,1844,2022-12-28
ACC-15015,Logistics Client 5016,Logistics,Northeast,SMB,87,2022-04-06
ACC-15016,Healthcare Client 5017,Healthcare,Northeast,Mid-Market,747,2024-12-13
ACC-15017,Healthcare Client 5018,Healthcare,Southwest,Mid-Market,317,2023-08-14
ACC-15018,Software Client 5019,Software,Southeast,Mid-Market,178,2022-08-11
ACC-15019,Healthcare Client 5020,Healthcare,Northeast,Enterprise,1116,2023-12-06
ACC-15020,Finance Client 5021,Finance,Southeast,SMB,131,2024-09-26
ACC-15021,Healthcare Client 5022,Healthcare,Southwest,Mid-Market,284,2024-10-10
ACC-15022,Retail Client 5023,Retail,Southeast,SMB,170,2023-09-14
ACC-15023,Real Estate Client 5024,Real Estate,Midwest,SMB,90,2024-05-02
ACC-15024,Real Estate Client 5025,Real Estate,Northeast,Mid-Market,218,2024-07-11
ACC-15025,Software Client 5026,Software,West,SMB,84,2022-03-18
ACC-15026,Retail Client 5027,Retail,Northeast,Enterprise,1744,2024-08-30
ACC-15027,Manufacturing Client 5028,Manufacturing,West,Mid-Market,237,2024-01-23
ACC-15028,Healthcare Client 5029,Healthcare,Midwest,SMB,120,2023-04-29
ACC-15029,Logistics Client 5030,Logistics,Northeast,SMB,42,2023-10-20
ACC-15030,Logistics Client 5031,Logistics,Midwest,Mid-Market,294,2024-05-26
ACC-15031,Finance Client 5032,Finance,Northeast,Mid-Market,532,2022-11-09
ACC-15032,Retail Client 5033,Retail,West,Enterprise,689,2024-04-08
ACC-15033,Real Estate Client 5034,Real Estate,Southeast,SMB,100,2022-04-26
ACC-15034,Education Client 5035,Education,Midwest,SMB,121,2022-01-03
ACC-15035,Healthcare Client 5036,Healthcare,Northeast,SMB,24,2024-02-19
ACC-15036,Healthcare Client 5037,Healthcare,Southwest,Mid-Market,117,2023-04-09
ACC-15037,Logistics Client 5038,Logistics,Southwest,Mid-Market,137,2022-07-21
ACC-15038,Logistics Client 5039,Logistics,Southeast,SMB,38,2023-09-02
ACC-15039,Healthcare Client 5040,Healthcare,Southwest,SMB,24,2024-01-30
ACC-15040,Retail Client 5041,Retail,Southeast,SMB,67,2022-04-29
ACC-15041,Retail Client 5042,Retail,Southwest,Mid-Market,130,2024-04-02
ACC-15042,Logistics Client 5043,Logistics,West,SMB,127,2022-01-16
ACC-15043,Retail Client 5044,Retail,West,SMB,34,2024-01-26
ACC-15044,Retail Client 5045,Retail,Midwest,SMB,74,2023-10-05
ACC-15045,Real Estate Client 5046,Real Estate,Southwest,Mid-Market,555,2024-08-14
ACC-15046,Education Client 5047,Education,Midwest,Enterprise,848,2024-01-25
ACC-15047,Real Estate Client 5048,Real Estate,Southeast,Mid-Market,191,2022-11-25
ACC-15048,Manufacturing Client 5049,Manufacturing,Midwest,SMB,209,2022-02-05
ACC-15049,Software Client 5050,Software,Southeast,SMB,94,2023-11-03
ACC-15050,Finance Client 5051,Finance,Northeast,Mid-Market,181,2022-02-23
ACC-15051,Retail Client 5052,Retail,Southeast,Enterprise,1335,2022-07-03
ACC-15052,Logistics Client 5053,Logistics,Southeast,SMB,28,2024-09-15
ACC-15053,Real Estate Client 5054,Real Estate,Northeast,SMB,66,2023-07-08
ACC-15054,Finance Client 5055,Finance,Southeast,Enterprise,3302,2022-07-21
ACC-15055,Finance Client 5056,Finance,Southeast,Mid-Market,280,2024-07-29
ACC-15056,Finance Client 5057,Finance,Northeast,SMB,82,2022-03-28
ACC-15057,Retail Client 5058,Retail,Northeast,Enterprise,970,2023-06-08
ACC-15058,Finance Client 5059,Finance,Northeast,SMB,133,2022-02-20
ACC-15059,Finance Client 5060,Finance,Midwest,SMB,36,2022-06-23
ACC-15060,Logistics Client 5061,Logistics,West,SMB,108,2024-07-21
ACC-15061,Education Client 5062,Education,Northeast,SMB,57,2023-08-15
ACC-15062,Healthcare Client 5063,Healthcare,Northeast,Mid-Market,533,2024-07-02
ACC-15063,Finance Client 5064,Finance,Northeast,Mid-Market,303,2022-03-22
ACC-15064,Education Client 5065,Education,Northeast,Enterprise,897,2023-10-08
ACC-15065,Education Client 5066,Education,Southeast,Mid-Market,209,2023-03-11
ACC-15066,Real Estate Client 5067,Real Estate,Southeast,Mid-Market,157,2024-10-23
ACC-15067,Education Client 5068,Education,West,SMB,101,2023-06-05
ACC-15068,Education Client 5069,Education,Southwest,SMB,90,2024-01-07
ACC-15069,Manufacturing Client 5070,Manufacturing,Midwest,Enterprise,505,2022-11-30
ACC-15070,Logistics Client 5071,Logistics,Southwest,SMB,40,2023-10-15
ACC-15071,Manufacturing Client 5072,Manufacturing,Midwest,Mid-Market,496,2023-10-25
ACC-15072,Logistics Client 5073,Logistics,Southeast,SMB,49,2023-10-07
ACC-15073,Retail Client 5074,Retail,Southeast,SMB,94,2023-08-21
ACC-15074,Manufacturing Client 5075,Manufacturing,West,Mid-Market,261,2022-04-21
ACC-15075,Retail Client 5076,Retail,Northeast,Mid-Market,218,2025-01-26
ACC-15076,Education Client 5077,Education,Northeast,Enterprise,815,2023-08-11
ACC-15077,Manufacturing Client 5078,Manufacturing,Southeast,Mid-Market,400,2025-01-12
ACC-15078,Retail Client 5079,Retail,Southwest,SMB,36,2024-04-08
ACC-15079,Software Client 5080,Software,West,Mid-Market,373,2023-06-23
ACC-15080,Healthcare Client 5081,Healthcare,Midwest,Mid-Market,166,2023-09-07
ACC-15081,Finance Client 5082,Finance,Midwest,SMB,27,2022-04-13
ACC-15082,Real Estate Client 5083,Real Estate,Southwest,Mid-Market,705,2023-01-29
ACC-15083,Manufacturing Client 5084,Manufacturing,West,Enterprise,639,2023-11-11
ACC-15084,Education Client 5085,Education,Southwest,Enterprise,1492,2022-04-10
ACC-15085,Healthcare Client 5086,Healthcare,Midwest,Enterprise,2164,2023-12-30
ACC-15086,Software Client 5087,Software,Southwest,SMB,93,2025-01-22
ACC-15087,Software Client 5088,Software,West,SMB,128,2023-02-18
ACC-15088,Logistics Client 5089,Logistics,Southwest,SMB,49,2023-08-14
ACC-15089,Logistics Client 5090,Logistics,Midwest,SMB,59,2023-12-13
ACC-15090,Software Client 5091,Software,Midwest,SMB,18,2023-01-06
ACC-15091,Real Estate Client 5092,Real Estate,Midwest,SMB,75,2023-05-05
ACC-15092,Education Client 5093,Education,Southeast,SMB,45,2023-06-05
ACC-15093,Education Client 5094,Education,West,SMB,231,2024-10-25
ACC-15094,Software Client 5095,Software,Southwest,Mid-Market,305,2025-02-06
ACC-15095,Logistics Client 5096,Logistics,West,SMB,30,2025-01-28
ACC-15096,Manufacturing Client 5097,Manufacturing,Midwest,Enterprise,461,2022-04-22
ACC-15097,Logistics Client 5098,Logistics,Southeast,SMB,194,2024-12-12
ACC-15098,Manufacturing Client 5099,Manufacturing,Midwest,Enterprise,1207,2023-09-23
ACC-15099,Software Client 5100,Software,Northeast,SMB,48,2024-07-26
ACC-15100,Logistics Client 5101,Logistics,Midwest,Mid-Market,249,2023-06-21
ACC-15101,Education Client 5102,Education,Southeast,SMB,91,2022-09-12
ACC-15102,Retail Client 5103,Retail,Northeast,SMB,125,2023-11-27
ACC-15103,Software Client 5104,Software,Northeast,SMB,103,2023-02-17
ACC-15104,Real Estate Client 5105,Real Estate,Southwest,SMB,183,2023-05-17
ACC-15105,Real Estate Client 5106,Real Estate,Southwest,Enterprise,1501,2023-04-06
ACC-15106,Retail Client 5107,Retail,Southeast,SMB,65,2022-11-13
ACC-15107,Healthcare Client 5108,Healthcare,Southeast,Mid-Market,1072,2022-03-01
ACC-15108,Retail Client 5109,Retail,Midwest,SMB,165,2023-09-03
ACC-15109,Software Client 5110,Software,Midwest,Mid-Market,278,2024-03-07
ACC-15110,Software Client 5111,Software,West,Enterprise,830,2024-01-07
ACC-15111,Manufacturing Client 5112,Manufacturing,Midwest,SMB,89,2023-03-13
ACC-15112,Software Client 5113,Software,Southwest,Enterprise,1889,2024-05-16
ACC-15113,Real Estate Client 5114,Real Estate,West,SMB,131,2023-02-09
ACC-15114,Retail Client 5115,Retail,Southwest,SMB,190,2022-09-12
ACC-15115,Real Estate Client 5116,Real Estate,West,SMB,31,2022-04-21
ACC-15116,Logistics Client 5117,Logistics,Midwest,Enterprise,404,2024-10-06
ACC-15117,Education Client 5118,Education,Northeast,SMB,130,2022-03-23
ACC-15118,Retail Client 5119,Retail,Midwest,Mid-Market,441,2023-11-21
ACC-15119,Retail Client 5120,Retail,Northeast,SMB,33,2024-05-02
ACC-15120,Finance Client 5121,Finance,Northeast,SMB,61,2023-01-31
ACC-15121,Healthcare Client 5122,Healthcare,Southwest,SMB,59,2023-03-10
ACC-15122,Healthcare Client 5123,Healthcare,Northeast,Enterprise,1654,2022-06-02
ACC-15123,Software Client 5124,Software,Southwest,SMB,41,2022-09-12
ACC-15124,Healthcare Client 5125,Healthcare,Southeast,SMB,127,2023-03-21
ACC-15125,Education Client 5126,Education,West,SMB,120,2023-01-27
ACC-15126,Software Client 5127,Software,Southeast,Enterprise,548,2024-07-02
ACC-15127,Education Client 5128,Education,Southwest,Mid-Market,338,2024-11-23
ACC-15128,Healthcare Client 5129,Healthcare,Southwest,SMB,48,2024-04-05
ACC-15129,Education Client 5130,Education,Southeast,Mid-Market,280,2024-05-02
ACC-15130,Real Estate Client 5131,Real Estate,West,Mid-Market,375,2024-11-09
ACC-15131,Retail Client 5132,Retail,Northeast,Mid-Market,1055,2023-02-06
ACC-15132,Healthcare Client 5133,Healthcare,West,SMB,153,2023-10-19
ACC-15133,Software Client 5134,Software,Southwest,Mid-Market,181,2025-01-16
ACC-15134,Manufacturing Client 5135,Manufacturing,Northeast,Enterprise,370,2024-12-26
ACC-15135,Healthcare Client 5136,Healthcare,Northeast,SMB,85,2024-10-01
ACC-15136,Finance Client 5137,Finance,Midwest,SMB,94,2022-04-02
ACC-15137,Healthcare Client 5138,Healthcare,Midwest,Mid-Market,488,2022-04-22
ACC-15138,Logistics Client 5139,Logistics,Midwest,Enterprise,1447,2023-02-13
ACC-15139,Manufacturing Client 5140,Manufacturing,Midwest,Mid-Market,365,2024-02-11
ACC-15140,Retail Client 5141,Retail,West,Mid-Market,210,2023-05-18
ACC-15141,Retail Client 5142,Retail,Northeast,Mid-Market,169,2023-10-11
ACC-15142,Manufacturing Client 5143,Manufacturing,West,SMB,62,2022-12-31
ACC-15143,Logistics Client 5144,Logistics,Southwest,SMB,38,2022-01-26
ACC-15144,Healthcare Client 5145,Healthcare,Midwest,Mid-Market,320,2023-04-21
ACC-15145,Logistics Client 5146,Logistics,Southwest,Mid-Market,350,2023-07-31
ACC-15146,Real Estate Client 5147,Real Estate,Northeast,Mid-Market,142,2022-02-06
ACC-15147,Software Client 5148,Software,Northeast,SMB,78,2023-01-09
ACC-15148,Manufacturing Client 5149,Manufacturing,Southeast,Mid-Market,977,2022-11-29
ACC-15149,Software Client 5150,Software,Southeast,SMB,108,2022-10-05
ACC-15150,Real Estate Client 5151,Real Estate,Southwest,Mid-Market,218,2024-03-27
ACC-15151,Software Client 5152,Software,Southeast,SMB,87,2024-10-02
ACC-15152,Manufacturing Client 5153,Manufacturing,Southwest,Mid-Market,917,2023-12-28
ACC-15153,Logistics Client 5154,Logistics,Midwest,SMB,62,2024-01-15
ACC-15154,Logistics Client 5155,Logistics,Southeast,SMB,26,2023-12-09
ACC-15155,Healthcare Client 5156,Healthcare,Southwest,SMB,121,2022-07-08
ACC-15156,Education Client 5157,Education,West,Enterprise,799,2022-07-07
ACC-15157,Retail Client 5158,Retail,Northeast,Mid-Market,132,2024-03-01
ACC-15158,Real Estate Client 5159,Real Estate,Northeast,SMB,63,2023-08-29
ACC-15159,Retail Client 5160,Retail,Northeast,SMB,97,2024-04-23
ACC-15160,Education Client 5161,Education,West,SMB,137,2022-01-07
ACC-15161,Retail Client 5162,Retail,Southeast,Enterprise,1201,2022-06-27
ACC-15162,Software Client 5163,Software,Southwest,SMB,23,2022-03-24
ACC-15163,Software Client 5164,Software,Northeast,SMB,146,2024-03-15
ACC-15164,Retail Client 5165,Retail,Southwest,Mid-Market,198,2022-07-31
ACC-15165,Manufacturing Client 5166,Manufacturing,Midwest,SMB,101,2024-09-03
ACC-15166,Retail Client 5167,Retail,Southwest,SMB,51,2024-01-06
ACC-15167,Real Estate Client 5168,Real Estate,Midwest,SMB,58,2022-10-14
ACC-15168,Logistics Client 5169,Logistics,Northeast,Mid-Market,401,2024-10-03
ACC-15169,Logistics Client 5170,Logistics,Northeast,SMB,96,2022-07-04
ACC-15170,Education Client 5171,Education,West,Enterprise,535,2022-05-24
ACC-15171,Software Client 5172,Software,Midwest,SMB,41,2023-04-18
ACC-15172,Education Client 5173,Education,Northeast,SMB,26,2024-01-04
ACC-15173,Real Estate Client 5174,Real Estate,Midwest,Mid-Market,480,2024-02-28
ACC-15174,Manufacturing Client 5175,Manufacturing,Northeast,SMB,56,2024-10-14
ACC-15175,Manufacturing Client 5176,Manufacturing,Midwest,Mid-Market,316,2023-01-28
ACC-15176,Retail Client 5177,Retail,Southwest,Enterprise,520,2025-02-07
ACC-15177,Healthcare Client 5178,Healthcare,Southwest,SMB,29,2022-05-04
ACC-15178,Software Client 5179,Software,Southeast,Mid-Market,488,2022-02-20
ACC-15179,Finance Client 5180,Finance,Midwest,Enterprise,644,2022-12-29
ACC-15180,Software Client 5181,Software,Southeast,Enterprise,540,2022-09-29
ACC-15181,Education Client 5182,Education,West,SMB,59,2024-02-09
ACC-15182,Software Client 5183,Software,West,SMB,59,2024-03-25
ACC-15183,Finance Client 5184,Finance,Midwest,Mid-Market,192,2024-01-29
ACC-15184,Education Client 5185,Education,Southwest,Enterprise,2572,2024-08-25
ACC-15185,Retail Client 5186,Retail,Midwest,Mid-Market,194,2022-08-16
ACC-15186,Healthcare Client 5187,Healthcare,Northeast,SMB,47,2024-10-27
ACC-15187,Retail Client 5188,Retail,Southwest,Mid-Market,549,2023-08-11
ACC-15188,Finance Client 5189,Finance,Southeast,SMB,95,2024-09-18
ACC-15189,Finance Client 5190,Finance,West,Enterprise,2340,2023-06-04
ACC-15190,Finance Client 5191,Finance,Southeast,Mid-Market,190,2023-06-09
ACC-15191,Software Client 5192,Software,Midwest,SMB,44,2024-08-26
ACC-15192,Healthcare Client 5193,Healthcare,Northeast,Mid-Market,443,2024-06-04
ACC-15193,Education Client 5194,Education,Southeast,SMB,70,2024-06-13
ACC-15194,Healthcare Client 5195,Healthcare,West,SMB,148,2024-12-11
ACC-15195,Retail Client 5196,Retail,Southwest,SMB,114,2024-10-28
ACC-15196,Healthcare Client 5197,Healthcare,Northeast,Mid-Market,466,2024-02-26
ACC-15197,Manufacturing Client 5198,Manufacturing,Southwest,SMB,42,2022-09-17
ACC-15198,Education Client 5199,Education,Southwest,Mid-Market,169,2023-09-24
ACC-15199,Healthcare Client 5200,Healthcare,Midwest,Enterprise,834,2023-12-19
ACC-15200,Logistics Client 5201,Logistics,Southeast,Enterprise,489,2024-08-11
ACC-15201,Manufacturing Client 5202,Manufacturing,Northeast,Mid-Market,659,2023-02-05
ACC-15202,Software Client 5203,Software,Southwest,SMB,89,2024-12-03
ACC-15203,Education Client 5204,Education,Southeast,SMB,25,2023-03-31
ACC-15204,Finance Client 5205,Finance,Midwest,Mid-Market,506,2022-12-15
ACC-15205,Logistics Client 5206,Logistics,Northeast,Mid-Market,348,2024-10-13
ACC-15206,Software Client 5207,Software,Midwest,Enterprise,855,2024-07-02
ACC-15207,Manufacturing Client 5208,Manufacturing,Midwest,SMB,99,2023-09-19
ACC-15208,Retail Client 5209,Retail,West,SMB,68,2023-03-06
ACC-15209,Retail Client 5210,Retail,West,SMB,69,2023-06-19
ACC-15210,Education Client 5211,Education,Midwest,SMB,56,2024-06-06
ACC-15211,Logistics Client 5212,Logistics,Southwest,Enterprise,1401,2022-09-06
ACC-15212,Manufacturing Client 5213,Manufacturing,Southeast,Mid-Market,282,2022-06-20
ACC-15213,Software Client 5214,Software,Southeast,Mid-Market,1350,2024-02-02
ACC-15214,Finance Client 5215,Finance,Northeast,SMB,35,2022-06-01
ACC-15215,Healthcare Client 5216,Healthcare,Midwest,SMB,139,2023-12-29
ACC-15216,Healthcare Client 5217,Healthcare,Northeast,SMB,57,2023-02-05
ACC-15217,Real Estate Client 5218,Real Estate,Southwest,Mid-Market,466,2024-12-14
ACC-15218,Real Estate Client 5219,Real Estate,West,SMB,253,2022-03-09
ACC-15219,Finance Client 5220,Finance,Northeast,SMB,45,2022-10-31
ACC-15220,Manufacturing Client 5221,Manufacturing,Midwest,Enterprise,2814,2022-07-27
ACC-15221,Healthcare Client 5222,Healthcare,Northeast,Mid-Market,516,2023-11-05
ACC-15222,Finance Client 5223,Finance,Northeast,Enterprise,1317,2023-10-23
ACC-15223,Retail Client 5224,Retail,Southwest,SMB,34,2023-08-10
ACC-15224,Logistics Client 5225,Logistics,West,SMB,78,2022-02-09
ACC-15225,Manufacturing Client 5226,Manufacturing,Southeast,Mid-Market,430,2024-08-19
ACC-15226,Real Estate Client 5227,Real Estate,Southwest,SMB,55,2022-07-30
ACC-15227,Software Client 5228,Software,Southeast,SMB,385,2023-03-16
ACC-15228,Finance Client 5229,Finance,Midwest,SMB,39,2024-08-20
ACC-15229,Software Client 5230,Software,West,SMB,130,2023-01-21
ACC-15230,Software Client 5231,Software,Southwest,SMB,57,2022-07-22
ACC-15231,Retail Client 5232,Retail,Southeast,Enterprise,438,2023-07-23
ACC-15232,Finance Client 5233,Finance,Northeast,SMB,68,2024-06-17
ACC-15233,Logistics Client 5234,Logistics,West,Mid-Market,340,2023-07-19
ACC-15234,Logistics Client 5235,Logistics,Midwest,SMB,45,2024-02-06
ACC-15235,Healthcare Client 5236,Healthcare,West,Mid-Market,334,2023-04-20
ACC-15236,Manufacturing Client 5237,Manufacturing,Southeast,SMB,78,2022-05-18
ACC-15237,Real Estate Client 5238,Real Estate,Midwest,Mid-Market,634,2023-06-22
ACC-15238,Education Client 5239,Education,West,Mid-Market,287,2024-01-26
ACC-15239,Education Client 5240,Education,Southwest,Mid-Market,223,2022-07-05
ACC-15240,Logistics Client 5241,Logistics,Southwest,SMB,115,2022-05-31
ACC-15241,Real Estate Client 5242,Real Estate,West,Enterprise,478,2023-12-25
ACC-15242,Logistics Client 5243,Logistics,Southeast,SMB,26,2024-06-17
ACC-15243,Finance Client 5244,Finance,Southwest,SMB,92,2024-03-03
ACC-15244,Retail Client 5245,Retail,Northeast,Mid-Market,233,2022-06-06
ACC-15245,Manufacturing Client 5246,Manufacturing,West,Mid-Market,120,2022-04-19
ACC-15246,Healthcare Client 5247,Healthcare,West,SMB,98,2022-07-10
ACC-15247,Retail Client 5248,Retail,West,SMB,98,2022-11-24
ACC-15248,Finance Client 5249,Finance,Northeast,SMB,90,2023-08-05
ACC-15249,Logistics Client 5250,Logistics,Northeast,Mid-Market,400,2022-07-22
ACC-15250,Real Estate Client 5251,Real Estate,Midwest,SMB,96,2022-06-16
ACC-15251,Real Estate Client 5252,Real Estate,Midwest,Enterprise,2643,2023-08-19
ACC-15252,Healthcare Client 5253,Healthcare,Southwest,SMB,97,2022-02-01
ACC-15253,Logistics Client 5254,Logistics,Midwest,SMB,131,2022-01-22
ACC-15254,Software Client 5255,Software,Southwest,Enterprise,2389,2023-10-28
ACC-15255,Manufacturing Client 5256,Manufacturing,Southwest,Mid-Market,473,2022-01-28
ACC-15256,Retail Client 5257,Retail,Northeast,Mid-Market,283,2022-02-08
ACC-15257,Education Client 5258,Education,Southwest,Mid-Market,137,2024-03-25
ACC-15258,Healthcare Client 5259,Healthcare,Southwest,SMB,70,2022-03-18
ACC-15259,Education Client 5260,Education,Southwest,SMB,62,2025-01-14
ACC-15260,Real Estate Client 5261,Real Estate,Midwest,SMB,43,2022-06-13
ACC-15261,Manufacturing Client 5262,Manufacturing,Southeast,SMB,125,2022-08-04
ACC-15262,Education Client 5263,Education,Southeast,Mid-Market,570,2024-12-07
ACC-15263,Education Client 5264,Education,Southwest,SMB,41,2022-06-06
ACC-15264,Logistics Client 5265,Logistics,West,SMB,41,2023-06-19
ACC-15265,Healthcare Client 5266,Healthcare,West,SMB,86,2024-09-22
ACC-15266,Healthcare Client 5267,Healthcare,West,Mid-Market,197,2023-10-19
ACC-15267,Real Estate Client 5268,Real Estate,West,SMB,142,2022-04-11
ACC-15268,Real Estate Client 5269,Real Estate,West,SMB,70,2024-10-05
ACC-15269,Logistics Client 5270,Logistics,Southeast,Mid-Market,181,2024-05-21
ACC-15270,Finance Client 5271,Finance,Southeast,Enterprise,1709,2023-02-17
ACC-15271,Logistics Client 5272,Logistics,Northeast,Enterprise,854,2024-11-22
ACC-15272,Logistics Client 5273,Logistics,West,SMB,104,2023-09-05
ACC-15273,Software Client 5274,Software,Southeast,Mid-Market,333,2023-11-22
ACC-15274,Retail Client 5275,Retail,Southeast,Mid-Market,373,2024-01-24
ACC-15275,Software Client 5276,Software,West,Mid-Market,343,2024-11-19
ACC-15276,Logistics Client 5277,Logistics,Southeast,SMB,36,2022-08-05
ACC-15277,Healthcare Client 5278,Healthcare,Southeast,Mid-Market,367,2024-02-19
ACC-15278,Education Client 5279,Education,Southwest,SMB,112,2024-09-30
ACC-15279,Manufacturing Client 5280,Manufacturing,Midwest,SMB,95,2024-11-13
ACC-15280,Software Client 5281,Software,Southwest,SMB,32,2023-10-19
ACC-15281,Healthcare Client 5282,Healthcare,Midwest,SMB,44,2024-04-06
ACC-15282,Real Estate Client 5283,Real Estate,West,SMB,37,2024-02-06
ACC-15283,Education Client 5284,Education,Southeast,Mid-Market,298,2024-02-19
ACC-15284,Logistics Client 5285,Logistics,Midwest,SMB,87,2022-02-19
ACC-15285,Finance Client 5286,Finance,Northeast,Mid-Market,317,2022-07-12
ACC-15286,Manufacturing Client 5287,Manufacturing,Midwest,Mid-Market,274,2023-01-13
ACC-15287,Real Estate Client 5288,Real Estate,Southwest,Mid-Market,147,2023-02-07
ACC-15288,Real Estate Client 5289,Real Estate,Southwest,SMB,50,2023-12-06
ACC-15289,Education Client 5290,Education,Southeast,Mid-Market,894,2023-03-27
ACC-15290,Logistics Client 5291,Logistics,West,SMB,121,2022-02-14
ACC-15291,Software Client 5292,Software,Southeast,Enterprise,898,2024-05-15
ACC-15292,Retail Client 5293,Retail,Midwest,SMB,120,2022-05-15
ACC-15293,Finance Client 5294,Finance,Northeast,Mid-Market,273,2023-07-09
ACC-15294,Software Client 5295,Software,Northeast,Enterprise,692,2023-03-29
ACC-15295,Education Client 5296,Education,Southwest,Mid-Market,312,2023-01-23
ACC-15296,Software Client 5297,Software,Northeast,SMB,95,2025-01-05
ACC-15297,Healthcare Client 5298,Healthcare,Midwest,Mid-Market,747,2024-08-11
ACC-15298,Real Estate Client 5299,Real Estate,Southeast,Enterprise,2782,2023-07-18
ACC-15299,Software Client 5300,Software,Southwest,Mid-Market,230,2024-03-22
ACC-15300,Finance Client 5301,Finance,West,SMB,94,2022-10-23
ACC-15301,Finance Client 5302,Finance,Northeast,Mid-Market,130,2023-12-17
ACC-15302,Logistics Client 5303,Logistics,Northeast,SMB,59,2024-06-24
ACC-15303,Real Estate Client 5304,Real Estate,Northeast,Enterprise,492,2022-09-01
ACC-15304,Software Client 5305,Software,Southwest,SMB,72,2025-01-30
ACC-15305,Logistics Client 5306,Logistics,Northeast,Mid-Market,445,2023-01-07
ACC-15306,Education Client 5307,Education,Northeast,Mid-Market,129,2024-06-18
ACC-15307,Finance Client 5308,Finance,Southeast,Mid-Market,339,2024-06-04
ACC-15308,Real Estate Client 5309,Real Estate,West,SMB,91,2024-01-25
ACC-15309,Retail Client 5310,Retail,Southwest,SMB,131,2022-01-31
ACC-15310,Logistics Client 5311,Logistics,Southwest,SMB,76,2024-10-16
ACC-15311,Manufacturing Client 5312,Manufacturing,Southeast,Enterprise,693,2023-05-08
ACC-15312,Education Client 5313,Education,Midwest,Enterprise,3151,2023-05-11
ACC-15313,Education Client 5314,Education,Midwest,SMB,71,2024-02-06
ACC-15314,Software Client 5315,Software,Southwest,Mid-Market,340,2024-11-23
ACC-15315,Manufacturing Client 5316,Manufacturing,Southeast,Mid-Market,242,2024-03-31
ACC-15316,Finance Client 5317,Finance,Southwest,SMB,105,2023-06-18
ACC-15317,Healthcare Client 5318,Healthcare,West,SMB,56,2022-04-16
ACC-15318,Retail Client 5319,Retail,Southwest,Enterprise,1266,2024-05-09
ACC-15319,Education Client 5320,Education,Northeast,Enterprise,1943,2023-09-04
ACC-15320,Finance Client 5321,Finance,West,Enterprise,996,2022-06-22
ACC-15321,Healthcare Client 5322,Healthcare,West,SMB,59,2023-03-11
ACC-15322,Education Client 5323,Education,Southwest,Mid-Market,338,2024-12-07
ACC-15323,Software Client 5324,Software,Southeast,Mid-Market,199,2023-07-06
ACC-15324,Education Client 5325,Education,Northeast,SMB,37,2022-01-04
ACC-15325,Finance Client 5326,Finance,Southwest,SMB,33,2025-01-06
ACC-15326,Finance Client 5327,Finance,Northeast,SMB,51,2024-06-25
ACC-15327,Education Client 5328,Education,Southeast,Enterprise,968,2025-02-23
ACC-15328,Education Client 5329,Education,West,SMB,116,2022-03-21
ACC-15329,Healthcare Client 5330,Healthcare,Midwest,SMB,123,2022-12-11
ACC-15330,Retail Client 5331,Retail,Northeast,SMB,67,2023-07-02
ACC-15331,Retail Client 5332,Retail,Northeast,SMB,50,2022-06-28
ACC-15332,Software Client 5333,Software,Northeast,SMB,81,2023-03-21
ACC-15333,Finance Client 5334,Finance,Southeast,SMB,89,2022-02-14
ACC-15334,Manufacturing Client 5335,Manufacturing,West,SMB,109,2024-08-24
ACC-15335,Retail Client 5336,Retail,Southeast,Enterprise,1648,2022-03-14
ACC-15336,Finance Client 5337,Finance,Midwest,SMB,22,2023-06-24
ACC-15337,Finance Client 5338,Finance,West,Enterprise,2506,2022-02-19
ACC-15338,Manufacturing Client 5339,Manufacturing,Southeast,SMB,80,2024-11-18
ACC-15339,Healthcare Client 5340,Healthcare,Southwest,Mid-Market,434,2022-05-05
ACC-15340,Manufacturing Client 5341,Manufacturing,Midwest,SMB,138,2023-01-21
ACC-15341,Software Client 5342,Software,West,SMB,104,2022-08-03
ACC-15342,Retail Client 5343,Retail,Southwest,SMB,84,2025-02-01
ACC-15343,Manufacturing Client 5344,Manufacturing,Southeast,Mid-Market,532,2023-11-08
ACC-15344,Retail Client 5345,Retail,Midwest,SMB,28,2022-02-21
ACC-15345,Finance Client 5346,Finance,West,Mid-Market,314,2024-01-04
ACC-15346,Real Estate Client 5347,Real Estate,Southwest,Enterprise,1304,2024-01-26
ACC-15347,Healthcare Client 5348,Healthcare,Southwest,Mid-Market,253,2024-10-07
ACC-15348,Retail Client 5349,Retail,Southwest,SMB,135,2025-02-03
ACC-15349,Retail Client 5350,Retail,West,SMB,67,2024-06-18
ACC-15350,Retail Client 5351,Retail,Southwest,Enterprise,836,2022-11-16
ACC-15351,Finance Client 5352,Finance,Northeast,Mid-Market,229,2022-12-17
ACC-15352,Real Estate Client 5353,Real Estate,Midwest,SMB,55,2022-12-05
ACC-15353,Logistics Client 5354,Logistics,Southeast,SMB,94,2023-09-13
ACC-15354,Real Estate Client 5355,Real Estate,Midwest,Mid-Market,594,2024-08-03
ACC-15355,Healthcare Client 5356,Healthcare,West,Mid-Market,196,2023-08-23
ACC-15356,Finance Client 5357,Finance,West,Mid-Market,384,2024-01-12
ACC-15357,Retail Client 5358,Retail,Southeast,Enterprise,1054,2024-04-14
ACC-15358,Real Estate Client 5359,Real Estate,Southeast,Mid-Market,427,2022-11-04
ACC-15359,Retail Client 5360,Retail,Midwest,SMB,159,2022-02-22
ACC-15360,Healthcare Client 5361,Healthcare,Southeast,Enterprise,2191,2024-06-05
ACC-15361,Software Client 5362,Software,Southeast,Mid-Market,687,2022-11-18
ACC-15362,Retail Client 5363,Retail,Southeast,Mid-Market,261,2025-02-09
ACC-15363,Healthcare Client 5364,Healthcare,Southeast,Enterprise,1377,2024-04-18
ACC-15364,Software Client 5365,Software,West,SMB,56,2024-03-24
ACC-15365,Finance Client 5366,Finance,Southeast,Mid-Market,358,2022-02-17
ACC-15366,Real Estate Client 5367,Real Estate,Southwest,SMB,126,2022-11-30
ACC-15367,Real Estate Client 5368,Real Estate,Northeast,Mid-Market,189,2022-07-09
ACC-15368,Real Estate Client 5369,Real Estate,Southwest,SMB,189,2023-07-10
ACC-15369,Education Client 5370,Education,Northeast,SMB,71,2022-02-08
ACC-15370,Finance Client 5371,Finance,Southeast,SMB,66,2024-02-17
ACC-15371,Manufacturing Client 5372,Manufacturing,Southeast,Mid-Market,269,2023-10-01
ACC-15372,Healthcare Client 5373,Healthcare,Southeast,Mid-Market,220,2022-09-25
ACC-15373,Retail Client 5374,Retail,Midwest,SMB,51,2023-03-16
ACC-15374,Finance Client 5375,Finance,Southwest,SMB,100,2024-01-02
ACC-15375,Retail Client 5376,Retail,Southeast,Enterprise,1421,2023-12-06
ACC-15376,Real Estate Client 5377,Real Estate,Southwest,SMB,106,2024-03-10
ACC-15377,Retail Client 5378,Retail,Northeast,Mid-Market,460,2024-03-17
ACC-15378,Healthcare Client 5379,Healthcare,West,SMB,108,2022-12-21
ACC-15379,Retail Client 5380,Retail,West,Enterprise,495,2022-10-09
ACC-15380,Education Client 5381,Education,Northeast,Mid-Market,442,2022-05-20
ACC-15381,Education Client 5382,Education,Southeast,Enterprise,2464,2024-06-08
ACC-15382,Software Client 5383,Software,Midwest,Mid-Market,507,2023-07-02
ACC-15383,Real Estate Client 5384,Real Estate,Northeast,Enterprise,1618,2022-02-05
ACC-15384,Manufacturing Client 5385,Manufacturing,West,SMB,67,2023-07-31
ACC-15385,Retail Client 5386,Retail,Midwest,SMB,42,2024-08-31
ACC-15386,Healthcare Client 5387,Healthcare,Southwest,SMB,64,2022-06-06
ACC-15387,Real Estate Client 5388,Real Estate,West,SMB,35,2023-02-14
ACC-15388,Retail Client 5389,Retail,Northeast,Mid-Market,363,2022-06-01
ACC-15389,Retail Client 5390,Retail,Northeast,SMB,155,2022-07-07
ACC-15390,Healthcare Client 5391,Healthcare,Midwest,SMB,86,2022-02-20
ACC-15391,Education Client 5392,Education,Southwest,SMB,44,2022-06-08
ACC-15392,Manufacturing Client 5393,Manufacturing,West,Mid-Market,426,2024-02-19
ACC-15393,Retail Client 5394,Retail,Southwest,Mid-Market,128,2022-09-28
ACC-15394,Software Client 5395,Software,West,Enterprise,2134,2022-04-28
ACC-15395,Manufacturing Client 5396,Manufacturing,Southwest,Enterprise,1200,2023-03-31
ACC-15396,Retail Client 5397,Retail,Northeast,SMB,70,2024-08-04
ACC-15397,Healthcare Client 5398,Healthcare,Northeast,SMB,62,2023-06-27
ACC-15398,Finance Client 5399,Finance,Midwest,SMB,46,2024-09-29
ACC-15399,Software Client 5400,Software,West,Enterprise,1006,2023-09-01
ACC-15400,Finance Client 5401,Finance,Northeast,SMB,283,2022-09-19
ACC-15401,Logistics Client 5402,Logistics,West,Enterprise,393,2022-07-19
ACC-15402,Real Estate Client 5403,Real Estate,Midwest,SMB,42,2022-04-12
ACC-15403,Software Client 5404,Software,Midwest,Mid-Market,293,2024-10-23
ACC-15404,Logistics Client 5405,Logistics,Northeast,SMB,56,2023-06-24
ACC-15405,Healthcare Client 5406,Healthcare,Midwest,Enterprise,1145,2023-03-31
ACC-15406,Retail Client 5407,Retail,Midwest,Mid-Market,236,2024-05-28
ACC-15407,Retail Client 5408,Retail,West,Enterprise,507,2024-03-19
ACC-15408,Manufacturing Client 5409,Manufacturing,Southwest,SMB,69,2024-09-12
ACC-15409,Healthcare Client 5410,Healthcare,Southwest,Enterprise,437,2022-03-28
ACC-15410,Healthcare Client 5411,Healthcare,Northeast,SMB,59,2022-04-02
ACC-15411,Real Estate Client 5412,Real Estate,Northeast,Mid-Market,309,2023-05-09
ACC-15412,Logistics Client 5413,Logistics,West,Enterprise,1859,2024-01-01
ACC-15413,Education Client 5414,Education,Southwest,Mid-Market,177,2023-07-14
ACC-15414,Education Client 5415,Education,Midwest,SMB,61,2024-04-08
ACC-15415,Education Client 5416,Education,Midwest,Mid-Market,359,2024-05-07
ACC-15416,Retail Client 5417,Retail,West,Enterprise,940,2024-05-14
ACC-15417,Education Client 5418,Education,West,Mid-Market,382,2024-03-23
ACC-15418,Education Client 5419,Education,Midwest,SMB,83,2022-07-10
ACC-15419,Manufacturing Client 5420,Manufacturing,Midwest,Mid-Market,281,2024-11-11
ACC-15420,Healthcare Client 5421,Healthcare,West,SMB,105,2023-07-25
ACC-15421,Software Client 5422,Software,Northeast,Mid-Market,363,2022-12-07
ACC-15422,Retail Client 5423,Retail,Northeast,Enterprise,1264,2022-11-27
ACC-15423,Healthcare Client 5424,Healthcare,West,Mid-Market,540,2023-06-08
ACC-15424,Logistics Client 5425,Logistics,Northeast,SMB,77,2022-10-06
ACC-15425,Retail Client 5426,Retail,Midwest,Mid-Market,280,2022-09-30
ACC-15426,Healthcare Client 5427,Healthcare,Midwest,Enterprise,1097,2024-03-28
ACC-15427,Healthcare Client 5428,Healthcare,Southeast,Mid-Market,416,2022-02-03
ACC-15428,Retail Client 5429,Retail,Southwest,SMB,121,2024-11-18
ACC-15429,Manufacturing Client 5430,Manufacturing,Midwest,Mid-Market,909,2022-03-29
ACC-15430,Software Client 5431,Software,Midwest,Mid-Market,178,2024-10-25
ACC-15431,Healthcare Client 5432,Healthcare,Southwest,Mid-Market,797,2025-02-22
ACC-15432,Manufacturing Client 5433,Manufacturing,West,SMB,251,2024-01-20
ACC-15433,Healthcare Client 5434,Healthcare,Midwest,SMB,93,2024-03-30
ACC-15434,Software Client 5435,Software,Midwest,SMB,81,2022-06-25
ACC-15435,Manufacturing Client 5436,Manufacturing,West,SMB,186,2024-04-25
ACC-15436,Logistics Client 5437,Logistics,Northeast,SMB,45,2024-07-25
ACC-15437,Software Client 5438,Software,Southeast,SMB,193,2023-10-20
ACC-15438,Education Client 5439,Education,Southwest,Enterprise,1451,2023-03-20
ACC-15439,Retail Client 5440,Retail,Southeast,SMB,81,2022-02-04
ACC-15440,Software Client 5441,Software,West,SMB,34,2024-01-04
ACC-15441,Software Client 5442,Software,Southwest,SMB,96,2023-11-11
ACC-15442,Software Client 5443,Software,Northeast,SMB,123,2023-10-25
ACC-15443,Retail Client 5444,Retail,Midwest,Mid-Market,379,2022-08-18
ACC-15444,Manufacturing Client 5445,Manufacturing,West,Mid-Market,705,2023-07-18
ACC-15445,Software Client 5446,Software,Northeast,Enterprise,1754,2023-09-03
ACC-15446,Finance Client 5447,Finance,Northeast,Mid-Market,484,2022-03-31
ACC-15447,Logistics Client 5448,Logistics,Southwest,SMB,76,2023-10-21
ACC-15448,Software Client 5449,Software,Northeast,Mid-Market,370,2022-07-24
ACC-15449,Finance Client 5450,Finance,Southeast,SMB,39,2024-01-08
ACC-15450,Logistics Client 5451,Logistics,Southwest,Enterprise,1427,2024-01-01
ACC-15451,Logistics Client 5452,Logistics,Southwest,Mid-Market,197,2022-12-21
ACC-15452,Retail Client 5453,Retail,Southeast,SMB,79,2024-06-18
ACC-15453,Healthcare Client 5454,Healthcare,West,SMB,51,2024-03-12
ACC-15454,Logistics Client 5455,Logistics,Midwest,SMB,97,2023-03-20
ACC-15455,Real Estate Client 5456,Real Estate,Southeast,SMB,72,2022-08-30
ACC-15456,Healthcare Client 5457,Healthcare,Southeast,Mid-Market,142,2024-08-21
ACC-15457,Software Client 5458,Software,Northeast,SMB,98,2022-09-23
ACC-15458,Software Client 5459,Software,Northeast,SMB,34,2022-11-06
ACC-15459,Logistics Client 5460,Logistics,Northeast,Enterprise,723,2025-01-05
ACC-15460,Manufacturing Client 5461,Manufacturing,West,Mid-Market,620,2022-05-26
ACC-15461,Retail Client 5462,Retail,Midwest,Mid-Market,246,2022-09-06
ACC-15462,Education Client 5463,Education,Southwest,Mid-Market,385,2022-11-16
ACC-15463,Healthcare Client 5464,Healthcare,West,Mid-Market,469,2023-11-24
ACC-15464,Healthcare Client 5465,Healthcare,Midwest,SMB,40,2025-01-22
ACC-15465,Healthcare Client 5466,Healthcare,Southeast,SMB,118,2022-07-23
ACC-15466,Retail Client 5467,Retail,West,Mid-Market,403,2025-02-06
ACC-15467,Education Client 5468,Education,Northeast,SMB,49,2024-02-16
ACC-15468,Healthcare Client 5469,Healthcare,Southeast,Enterprise,756,2024-10-07
ACC-15469,Manufacturing Client 5470,Manufacturing,West,Mid-Market,387,2022-01-30
ACC-15470,Finance Client 5471,Finance,Southeast,Enterprise,674,2024-02-07
ACC-15471,Manufacturing Client 5472,Manufacturing,Southwest,SMB,68,2023-06-12
ACC-15472,Logistics Client 5473,Logistics,Southeast,SMB,72,2023-02-23
ACC-15473,Logistics Client 5474,Logistics,Midwest,SMB,71,2024-03-24
ACC-15474,Education Client 5475,Education,Northeast,SMB,74,2022-06-30
ACC-15475,Manufacturing Client 5476,Manufacturing,Southeast,SMB,133,2022-11-07
ACC-15476,Healthcare Client 5477,Healthcare,Northeast,Enterprise,886,2022-06-02
ACC-15477,Finance Client 5478,Finance,Midwest,Enterprise,492,2023-02-10
ACC-15478,Retail Client 5479,Retail,West,SMB,55,2024-02-17
ACC-15479,Real Estate Client 5480,Real Estate,Northeast,SMB,62,2022-08-16
ACC-15480,Manufacturing Client 5481,Manufacturing,West,SMB,47,2023-01-01
ACC-15481,Healthcare Client 5482,Healthcare,Midwest,SMB,55,2023-04-10
ACC-15482,Retail Client 5483,Retail,Midwest,SMB,64,2022-01-30
ACC-15483,Real Estate Client 5484,Real Estate,Southeast,Enterprise,1831,2022-06-07
ACC-15484,Retail Client 5485,Retail,West,Mid-Market,330,2022-08-20
ACC-15485,Finance Client 5486,Finance,Southeast,SMB,51,2023-12-04
ACC-15486,Retail Client 5487,Retail,Southwest,SMB,84,2025-02-16
ACC-15487,Retail Client 5488,Retail,Midwest,Mid-Market,504,2024-07-14
ACC-15488,Logistics Client 5489,Logistics,Northeast,Enterprise,2172,2023-02-14
ACC-15489,Real Estate Client 5490,Real Estate,Southeast,SMB,54,2022-02-27
ACC-15490,Education Client 5491,Education,Midwest,SMB,196,2024-11-22
ACC-15491,Healthcare Client 5492,Healthcare,Northeast,Mid-Market,232,2023-01-22
ACC-15492,Logistics Client 5493,Logistics,Northeast,Enterprise,506,2023-03-09
ACC-15493,Manufacturing Client 5494,Manufacturing,West,SMB,92,2023-07-18
ACC-15494,Healthcare Client 5495,Healthcare,West,SMB,105,2023-12-19
ACC-15495,Healthcare Client 5496,Healthcare,Southwest,Mid-Market,391,2022-03-02
ACC-15496,Software Client 5497,Software,West,Mid-Market,231,2023-12-18
ACC-15497,Real Estate Client 5498,Real Estate,Midwest,Mid-Market,207,2025-01-01
ACC-15498,Finance Client 5499,Finance,Midwest,Enterprise,1389,2023-11-03
ACC-15499,Retail Client 5500,Retail,Southwest,Enterprise,1926,2023-05-04
ACC-15500,Real Estate Client 5501,Real Estate,Southwest,SMB,63,2024-02-09
ACC-15501,Healthcare Client 5502,Healthcare,Northeast,Mid-Market,215,2023-02-11
ACC-15502,Logistics Client 5503,Logistics,Southwest,Mid-Market,472,2024-09-23
ACC-15503,Software Client 5504,Software,Midwest,SMB,164,2022-01-10
ACC-15504,Education Client 5505,Education,Northeast,SMB,121,2022-03-27
ACC-15505,Software Client 5506,Software,West,Mid-Market,393,2022-09-18
ACC-15506,Retail Client 5507,Retail,Southwest,SMB,75,2023-10-05
ACC-15507,Real Estate Client 5508,Real Estate,Northeast,Enterprise,858,2024-03-03
ACC-15508,Real Estate Client 5509,Real Estate,West,Mid-Market,337,2024-06-24
ACC-15509,Manufacturing Client 5510,Manufacturing,Southeast,Mid-Market,562,2023-03-14
ACC-15510,Real Estate Client 5511,Real Estate,Northeast,Mid-Market,153,2024-11-29
ACC-15511,Real Estate Client 5512,Real Estate,Northeast,SMB,97,2023-02-23
ACC-15512,Education Client 5513,Education,Midwest,SMB,26,2023-09-23
ACC-15513,Education Client 5514,Education,Southeast,Mid-Market,286,2022-08-30
ACC-15514,Healthcare Client 5515,Healthcare,Northeast,SMB,54,2022-06-21
ACC-15515,Retail Client 5516,Retail,Northeast,Mid-Market,223,2024-01-05
ACC-15516,Manufacturing Client 5517,Manufacturing,Southwest,Enterprise,735,2023-04-11
ACC-15517,Retail Client 5518,Retail,Northeast,Mid-Market,163,2024-06-30
ACC-15518,Finance Client 5519,Finance,Southwest,Mid-Market,119,2022-11-02
ACC-15519,Healthcare Client 5520,Healthcare,Midwest,Mid-Market,265,2024-05-03
ACC-15520,Logistics Client 5521,Logistics,Southwest,SMB,78,2024-02-22
ACC-15521,Software Client 5522,Software,Midwest,Enterprise,929,2022-04-21
ACC-15522,Finance Client 5523,Finance,Southwest,Mid-Market,159,2024-08-09
ACC-15523,Retail Client 5524,Retail,Midwest,Mid-Market,952,2024-07-31
ACC-15524,Education Client 5525,Education,Southeast,SMB,177,2024-02-27
ACC-15525,Retail Client 5526,Retail,Southwest,SMB,103,2022-06-11
ACC-15526,Manufacturing Client 5527,Manufacturing,Northeast,SMB,80,2023-11-22
ACC-15527,Education Client 5528,Education,Southwest,SMB,127,2022-11-21
ACC-15528,Finance Client 5529,Finance,Midwest,Enterprise,429,2023-08-05
ACC-15529,Finance Client 5530,Finance,Northeast,Enterprise,832,2023-10-28
ACC-15530,Software Client 5531,Software,West,SMB,61,2025-01-23
ACC-15531,Retail Client 5532,Retail,Northeast,Enterprise,1418,2023-05-23
ACC-15532,Manufacturing Client 5533,Manufacturing,Southwest,SMB,32,2024-03-08
ACC-15533,Software Client 5534,Software,West,Enterprise,1049,2022-10-24
ACC-15534,Real Estate Client 5535,Real Estate,Northeast,Enterprise,696,2025-01-16
ACC-15535,Finance Client 5536,Finance,Northeast,Mid-Market,438,2022-08-13
ACC-15536,Finance Client 5537,Finance,Southwest,Enterprise,1090,2023-08-29
ACC-15537,Education Client 5538,Education,Southwest,Mid-Market,613,2024-08-22
ACC-15538,Retail Client 5539,Retail,Midwest,SMB,75,2023-06-10
ACC-15539,Logistics Client 5540,Logistics,West,Mid-Market,519,2022-01-31
ACC-15540,Manufacturing Client 5541,Manufacturing,Southeast,SMB,31,2025-01-16
ACC-15541,Real Estate Client 5542,Real Estate,Southwest,SMB,81,2024-02-29
ACC-15542,Logistics Client 5543,Logistics,Southwest,SMB,92,2023-01-10
ACC-15543,Education Client 5544,Education,Southwest,SMB,55,2023-09-29
ACC-15544,Healthcare Client 5545,Healthcare,Northeast,SMB,47,2024-04-24
ACC-15545,Retail Client 5546,Retail,Midwest,Mid-Market,225,2023-08-06
ACC-15546,Finance Client 5547,Finance,West,Enterprise,2938,2024-10-11
ACC-15547,Healthcare Client 5548,Healthcare,Southwest,Mid-Market,250,2023-12-13
ACC-15548,Healthcare Client 5549,Healthcare,Southeast,Mid-Market,618,2023-06-24
ACC-15549,Healthcare Client 5550,Healthcare,Northeast,Enterprise,786,2024-03-28
ACC-15550,Retail Client 5551,Retail,Midwest,SMB,302,2024-07-01
ACC-15551,Education Client 5552,Education,Northeast,Mid-Market,405,2022-07-17
ACC-15552,Healthcare Client 5553,Healthcare,Southwest,Mid-Market,430,2024-10-26
ACC-15553,Retail Client 5554,Retail,Midwest,Enterprise,1159,2022-03-30
ACC-15554,Healthcare Client 5555,Healthcare,Midwest,SMB,74,2024-07-04
ACC-15555,Software Client 5556,Software,Southwest,SMB,73,2022-12-29
ACC-15556,Manufacturing Client 5557,Manufacturing,Southeast,SMB,163,2024-02-12
ACC-15557,Healthcare Client 5558,Healthcare,West,SMB,207,2022-10-21
ACC-15558,Logistics Client 5559,Logistics,Southwest,Mid-Market,225,2025-01-23
ACC-15559,Finance Client 5560,Finance,Southwest,SMB,111,2023-06-14
ACC-15560,Retail Client 5561,Retail,Northeast,Mid-Market,231,2024-06-24
ACC-15561,Healthcare Client 5562,Healthcare,Southwest,SMB,32,2022-03-01
ACC-15562,Retail Client 5563,Retail,Midwest,SMB,93,2023-10-30
ACC-15563,Healthcare Client 5564,Healthcare,Northeast,SMB,39,2025-01-16
ACC-15564,Logistics Client 5565,Logistics,Southeast,SMB,57,2022-11-27
ACC-15565,Healthcare Client 5566,Healthcare,West,SMB,50,2023-09-19
ACC-15566,Retail Client 5567,Retail,West,SMB,133,2024-02-06
ACC-15567,Real Estate Client 5568,Real Estate,Northeast,Enterprise,1328,2024-03-12
ACC-15568,Logistics Client 5569,Logistics,Southeast,SMB,83,2024-10-28
ACC-15569,Manufacturing Client 5570,Manufacturing,West,SMB,70,2022-02-18
ACC-15570,Retail Client 5571,Retail,West,Mid-Market,426,2022-03-28
ACC-15571,Finance Client 5572,Finance,Northeast,SMB,69,2024-07-17
ACC-15572,Healthcare Client 5573,Healthcare,Northeast,SMB,61,2024-01-13
ACC-15573,Software Client 5574,Software,West,SMB,95,2024-11-09
ACC-15574,Finance Client 5575,Finance,Southeast,Mid-Market,202,2022-10-09
ACC-15575,Software Client 5576,Software,Northeast,Mid-Market,134,2024-01-24
ACC-15576,Healthcare Client 5577,Healthcare,Northeast,Mid-Market,257,2024-06-29
ACC-15577,Logistics Client 5578,Logistics,Southeast,Mid-Market,448,2024-06-04
ACC-15578,Finance Client 5579,Finance,Midwest,Mid-Market,205,2024-02-06
ACC-15579,Finance Client 5580,Finance,Midwest,Mid-Market,172,2022-03-06
ACC-15580,Logistics Client 5581,Logistics,Midwest,SMB,60,2024-11-03
ACC-15581,Education Client 5582,Education,Northeast,SMB,111,2023-04-23
ACC-15582,Logistics Client 5583,Logistics,Southwest,Enterprise,605,2022-05-10
ACC-15583,Logistics Client 5584,Logistics,Midwest,Enterprise,569,2022-11-17
ACC-15584,Finance Client 5585,Finance,Southwest,SMB,55,2022-11-16
ACC-15585,Education Client 5586,Education,West,Mid-Market,233,2022-03-10
ACC-15586,Finance Client 5587,Finance,Midwest,SMB,174,2025-02-03
ACC-15587,Retail Client 5588,Retail,Midwest,Mid-Market,395,2025-02-21
ACC-15588,Logistics Client 5589,Logistics,Midwest,SMB,42,2023-08-07
ACC-15589,Finance Client 5590,Finance,Northeast,Mid-Market,269,2022-03-19
ACC-15590,Logistics Client 5591,Logistics,Midwest,Enterprise,1214,2024-10-25
ACC-15591,Education Client 5592,Education,Northeast,Mid-Market,370,2022-08-15
ACC-15592,Finance Client 5593,Finance,Southwest,Mid-Market,306,2024-10-29
ACC-15593,Real Estate Client 5594,Real Estate,West,Mid-Market,485,2023-05-04
ACC-15594,Manufacturing Client 5595,Manufacturing,Midwest,Enterprise,2293,2023-04-28
ACC-15595,Education Client 5596,Education,Southeast,SMB,69,2024-05-27
ACC-15596,Manufacturing Client 5597,Manufacturing,Northeast,Enterprise,616,2023-02-27
ACC-15597,Software Client 5598,Software,Southeast,SMB,61,2022-06-02
ACC-15598,Education Client 5599,Education,Southeast,Enterprise,1039,2023-12-26
ACC-15599,Logistics Client 5600,Logistics,West,Mid-Market,451,2024-05-30
ACC-15600,Manufacturing Client 5601,Manufacturing,Northeast,SMB,158,2024-02-06
ACC-15601,Healthcare Client 5602,Healthcare,West,SMB,40,2024-04-27
ACC-15602,Finance Client 5603,Finance,Southeast,SMB,90,2023-12-14
ACC-15603,Real Estate Client 5604,Real Estate,West,Mid-Market,477,2023-07-07
ACC-15604,Real Estate Client 5605,Real Estate,Northeast,SMB,33,2024-10-14
ACC-15605,Retail Client 5606,Retail,West,Mid-Market,569,2022-04-15
ACC-15606,Manufacturing Client 5607,Manufacturing,Southeast,SMB,36,2023-03-12
ACC-15607,Real Estate Client 5608,Real Estate,West,Mid-Market,382,2023-05-14
ACC-15608,Real Estate Client 5609,Real Estate,Southeast,Enterprise,1091,2022-09-19
ACC-15609,Real Estate Client 5610,Real Estate,Southwest,SMB,80,2024-07-20
ACC-15610,Healthcare Client 5611,Healthcare,West,SMB,115,2023-11-15
ACC-15611,Retail Client 5612,Retail,Southeast,SMB,58,2023-11-15
ACC-15612,Manufacturing Client 5613,Manufacturing,Southeast,Enterprise,1267,2024-12-24
ACC-15613,Real Estate Client 5614,Real Estate,Midwest,SMB,57,2025-01-23
ACC-15614,Logistics Client 5615,Logistics,Northeast,Enterprise,1801,2023-01-17
ACC-15615,Education Client 5616,Education,West,Enterprise,690,2022-09-10
ACC-15616,Education Client 5617,Education,Northeast,Enterprise,2132,2024-08-04
ACC-15617,Retail Client 5618,Retail,West,SMB,228,2022-04-29
ACC-15618,Software Client 5619,Software,Northeast,SMB,57,2023-08-26
ACC-15619,Healthcare Client 5620,Healthcare,Southeast,SMB,79,2024-02-05
ACC-15620,Finance Client 5621,Finance,Southwest,SMB,49,2024-07-12
ACC-15621,Software Client 5622,Software,Northeast,Enterprise,4300,2024-02-03
ACC-15622,Healthcare Client 5623,Healthcare,West,SMB,51,2022-06-26
ACC-15623,Retail Client 5624,Retail,Southwest,Enterprise,2890,2024-06-30
ACC-15624,Retail Client 5625,Retail,Midwest,SMB,36,2022-01-31
ACC-15625,Software Client 5626,Software,Southwest,Mid-Market,288,2024-09-03
ACC-15626,Software Client 5627,Software,West,SMB,68,2023-07-02
ACC-15627,Retail Client 5628,Retail,Southeast,SMB,67,2024-08-26
ACC-15628,Healthcare Client 5629,Healthcare,Northeast,SMB,29,2023-10-19
ACC-15629,Manufacturing Client 5630,Manufacturing,Midwest,Enterprise,3732,2024-05-06
ACC-15630,Healthcare Client 5631,Healthcare,Southeast,SMB,70,2023-10-28
ACC-15631,Logistics Client 5632,Logistics,Midwest,SMB,87,2023-01-09
ACC-15632,Retail Client 5633,Retail,Southeast,SMB,135,2022-10-09
ACC-15633,Education Client 5634,Education,Southwest,Enterprise,1758,2023-01-13
ACC-15634,Software Client 5635,Software,Southeast,Enterprise,975,2024-01-12
ACC-15635,Healthcare Client 5636,Healthcare,Southeast,SMB,72,2023-04-15
ACC-15636,Software Client 5637,Software,Southwest,Enterprise,1179,2023-04-13
ACC-15637,Logistics Client 5638,Logistics,Northeast,SMB,55,2022-08-16
ACC-15638,Healthcare Client 5639,Healthcare,West,Mid-Market,111,2023-10-25
ACC-15639,Healthcare Client 5640,Healthcare,Midwest,SMB,54,2022-09-18
ACC-15640,Finance Client 5641,Finance,Northeast,Enterprise,1250,2023-06-23
ACC-15641,Logistics Client 5642,Logistics,Southeast,Mid-Market,356,2025-02-01
ACC-15642,Real Estate Client 5643,Real Estate,Southeast,SMB,78,2024-09-10
ACC-15643,Healthcare Client 5644,Healthcare,Northeast,Mid-Market,308,2024-09-26
ACC-15644,Real Estate Client 5645,Real Estate,West,Enterprise,2195,2024-08-15
ACC-15645,Software Client 5646,Software,Southwest,Mid-Market,132,2022-05-07
ACC-15646,Real Estate Client 5647,Real Estate,Southeast,SMB,43,2024-05-26
ACC-15647,Software Client 5648,Software,Midwest,SMB,56,2022-05-03
ACC-15648,Real Estate Client 5649,Real Estate,Midwest,SMB,35,2022-02-27
ACC-15649,Logistics Client 5650,Logistics,Southeast,SMB,58,2022-06-30
ACC-15650,Manufacturing Client 5651,Manufacturing,Northeast,SMB,53,2025-02-03
ACC-15651,Retail Client 5652,Retail,Southeast,Mid-Market,151,2022-07-19
ACC-15652,Retail Client 5653,Retail,Midwest,SMB,137,2022-03-25
ACC-15653,Education Client 5654,Education,Southwest,SMB,92,2022-02-11
ACC-15654,Retail Client 5655,Retail,Northeast,Mid-Market,222,2024-11-23
ACC-15655,Manufacturing Client 5656,Manufacturing,Midwest,Mid-Market,223,2023-04-07
ACC-15656,Healthcare Client 5657,Healthcare,West,SMB,87,2023-01-25
ACC-15657,Finance Client 5658,Finance,Midwest,Mid-Market,460,2024-06-06
ACC-15658,Healthcare Client 5659,Healthcare,Midwest,Enterprise,1200,2024-01-04
ACC-15659,Finance Client 5660,Finance,Northeast,Mid-Market,333,2023-08-18
ACC-15660,Healthcare Client 5661,Healthcare,Southeast,SMB,41,2023-05-24
ACC-15661,Retail Client 5662,Retail,Southeast,Mid-Market,624,2023-08-25
ACC-15662,Healthcare Client 5663,Healthcare,Northeast,Mid-Market,278,2024-04-29
ACC-15663,Finance Client 5664,Finance,West,SMB,94,2024-01-28
ACC-15664,Manufacturing Client 5665,Manufacturing,Midwest,Mid-Market,288,2022-12-24
ACC-15665,Education Client 5666,Education,Northeast,Mid-Market,591,2025-01-04
ACC-15666,Manufacturing Client 5667,Manufacturing,Southwest,Mid-Market,410,2024-04-19
ACC-15667,Logistics Client 5668,Logistics,West,Mid-Market,967,2022-02-25
ACC-15668,Real Estate Client 5669,Real Estate,Southwest,SMB,183,2023-07-04
ACC-15669,Logistics Client 5670,Logistics,West,SMB,65,2024-11-11
ACC-15670,Retail Client 5671,Retail,West,Enterprise,939,2022-04-16
ACC-15671,Manufacturing Client 5672,Manufacturing,Southeast,SMB,163,2024-02-07
ACC-15672,Education Client 5673,Education,Southwest,Enterprise,1276,2024-05-28
ACC-15673,Logistics Client 5674,Logistics,Southwest,Mid-Market,1109,2022-08-01
ACC-15674,Finance Client 5675,Finance,Northeast,Mid-Market,846,2023-06-02
ACC-15675,Retail Client 5676,Retail,Southwest,SMB,96,2023-06-07
ACC-15676,Manufacturing Client 5677,Manufacturing,Southeast,SMB,38,2024-08-06
ACC-15677,Retail Client 5678,Retail,Midwest,Mid-Market,299,2024-07-19
ACC-15678,Retail Client 5679,Retail,Midwest,SMB,215,2022-05-07
ACC-15679,Finance Client 5680,Finance,Northeast,Mid-Market,488,2022-04-30
ACC-15680,Education Client 5681,Education,West,Mid-Market,262,2022-08-23
ACC-15681,Retail Client 5682,Retail,West,SMB,113,2023-11-07
ACC-15682,Software Client 5683,Software,Northeast,SMB,53,2025-02-13
ACC-15683,Real Estate Client 5684,Real Estate,Southeast,SMB,94,2022-06-03
ACC-15684,Healthcare Client 5685,Healthcare,Southwest,SMB,93,2023-05-27
ACC-15685,Education Client 5686,Education,West,Mid-Market,340,2022-05-18
ACC-15686,Software Client 5687,Software,Southwest,SMB,42,2022-05-29
ACC-15687,Healthcare Client 5688,Healthcare,Northeast,Mid-Market,99,2024-08-26
ACC-15688,Software Client 5689,Software,Southeast,SMB,81,2022-08-15
ACC-15689,Software Client 5690,Software,Midwest,Mid-Market,830,2024-07-29
ACC-15690,Software Client 5691,Software,Southwest,SMB,84,2023-07-03
ACC-15691,Retail Client 5692,Retail,Midwest,Mid-Market,632,2023-06-07
ACC-15692,Logistics Client 5693,Logistics,Northeast,SMB,62,2022-10-02
ACC-15693,Logistics Client 5694,Logistics,West,Mid-Market,433,2024-08-20
ACC-15694,Finance Client 5695,Finance,Southeast,SMB,110,2022-05-12
ACC-15695,Logistics Client 5696,Logistics,Southeast,SMB,64,2022-06-27
ACC-15696,Software Client 5697,Software,Southwest,SMB,33,2023-07-13
ACC-15697,Logistics Client 5698,Logistics,Northeast,Enterprise,626,2024-04-03
ACC-15698,Logistics Client 5699,Logistics,Southwest,SMB,65,2022-09-29
ACC-15699,Healthcare Client 5700,Healthcare,West,Enterprise,1588,2023-12-01
ACC-15700,Logistics Client 5701,Logistics,Southeast,SMB,125,2023-09-07
ACC-15701,Real Estate Client 5702,Real Estate,Northeast,Mid-Market,578,2022-01-23
ACC-15702,Software Client 5703,Software,Southeast,Mid-Market,255,2024-12-27
ACC-15703,Education Client 5704,Education,West,SMB,71,2023-09-04
ACC-15704,Healthcare Client 5705,Healthcare,Midwest,SMB,49,2023-05-07
ACC-15705,Education Client 5706,Education,West,Enterprise,2521,2022-12-06
ACC-15706,Finance Client 5707,Finance,Northeast,SMB,46,2024-11-04
ACC-15707,Logistics Client 5708,Logistics,Midwest,SMB,62,2024-05-29
ACC-15708,Manufacturing Client 5709,Manufacturing,Southeast,SMB,112,2023-07-26
ACC-15709,Manufacturing Client 5710,Manufacturing,Midwest,Enterprise,978,2023-08-12
ACC-15710,Healthcare Client 5711,Healthcare,Southeast,SMB,72,2024-10-05
ACC-15711,Manufacturing Client 5712,Manufacturing,Northeast,Mid-Market,246,2024-08-07
ACC-15712,Real Estate Client 5713,Real Estate,Southeast,SMB,169,2022-03-25
ACC-15713,Manufacturing Client 5714,Manufacturing,West,Enterprise,2847,2024-08-23
ACC-15714,Education Client 5715,Education,Northeast,Mid-Market,333,2022-07-01
ACC-15715,Healthcare Client 5716,Healthcare,Southeast,SMB,59,2022-12-15
ACC-15716,Logistics Client 5717,Logistics,Northeast,SMB,77,2024-07-20
ACC-15717,Logistics Client 5718,Logistics,Southwest,Enterprise,1073,2023-03-26
ACC-15718,Manufacturing Client 5719,Manufacturing,Midwest,Mid-Market,640,2025-01-18
ACC-15719,Logistics Client 5720,Logistics,Southeast,Mid-Market,434,2023-12-12
ACC-15720,Healthcare Client 5721,Healthcare,Midwest,SMB,155,2023-07-16
ACC-15721,Software Client 5722,Software,Southeast,SMB,58,2024-10-10
ACC-15722,Retail Client 5723,Retail,West,Mid-Market,486,2024-08-26
ACC-15723,Finance Client 5724,Finance,Northeast,SMB,120,2024-07-27
ACC-15724,Healthcare Client 5725,Healthcare,Southeast,Mid-Market,484,2024-12-10
ACC-15725,Finance Client 5726,Finance,Southeast,SMB,102,2022-04-07
ACC-15726,Education Client 5727,Education,West,Enterprise,1503,2022-03-07
ACC-15727,Logistics Client 5728,Logistics,Southwest,SMB,59,2024-01-15
ACC-15728,Logistics Client 5729,Logistics,Southwest,Mid-Market,377,2024-08-06
ACC-15729,Software Client 5730,Software,Midwest,SMB,211,2022-10-23
ACC-15730,Logistics Client 5731,Logistics,Northeast,SMB,271,2024-06-16
ACC-15731,Education Client 5732,Education,West,SMB,75,2024-04-12
ACC-15732,Education Client 5733,Education,Northeast,SMB,97,2022-09-26
ACC-15733,Logistics Client 5734,Logistics,Midwest,SMB,75,2024-03-14
ACC-15734,Real Estate Client 5735,Real Estate,Southeast,Mid-Market,388,2024-09-22
ACC-15735,Software Client 5736,Software,Northeast,Enterprise,1222,2025-01-26
ACC-15736,Education Client 5737,Education,Northeast,SMB,48,2024-10-11
ACC-15737,Finance Client 5738,Finance,Northeast,SMB,210,2025-01-31
ACC-15738,Software Client 5739,Software,Midwest,Mid-Market,279,2024-07-22
ACC-15739,Healthcare Client 5740,Healthcare,Northeast,SMB,163,2022-08-26
ACC-15740,Real Estate Client 5741,Real Estate,West,SMB,26,2023-01-04
ACC-15741,Real Estate Client 5742,Real Estate,West,Mid-Market,208,2024-12-05
ACC-15742,Finance Client 5743,Finance,West,SMB,144,2023-04-14
ACC-15743,Retail Client 5744,Retail,Northeast,Enterprise,1204,2024-12-08
ACC-15744,Software Client 5745,Software,Midwest,Mid-Market,506,2022-12-15
ACC-15745,Real Estate Client 5746,Real Estate,Southwest,Mid-Market,440,2023-10-27
ACC-15746,Retail Client 5747,Retail,Midwest,SMB,119,2024-03-18
ACC-15747,Software Client 5748,Software,West,SMB,51,2024-11-02
ACC-15748,Logistics Client 5749,Logistics,Southwest,SMB,100,2023-05-05
ACC-15749,Finance Client 5750,Finance,Southeast,Enterprise,1719,2022-06-07
ACC-15750,Manufacturing Client 5751,Manufacturing,Northeast,SMB,82,2022-03-06
ACC-15751,Retail Client 5752,Retail,Midwest,Enterprise,1017,2022-09-17
ACC-15752,Healthcare Client 5753,Healthcare,West,Mid-Market,160,2023-10-29
ACC-15753,Manufacturing Client 5754,Manufacturing,Midwest,Mid-Market,647,2024-12-25
ACC-15754,Logistics Client 5755,Logistics,West,Mid-Market,266,2023-05-31
ACC-15755,Logistics Client 5756,Logistics,Southeast,SMB,74,2023-08-04
ACC-15756,Retail Client 5757,Retail,West,Mid-Market,53,2022-12-11
ACC-15757,Retail Client 5758,Retail,Southeast,SMB,29,2023-09-26
ACC-15758,Retail Client 5759,Retail,Southeast,SMB,78,2024-04-08
ACC-15759,Manufacturing Client 5760,Manufacturing,Southeast,SMB,319,2024-05-19
ACC-15760,Real Estate Client 5761,Real Estate,Midwest,Mid-Market,180,2022-07-15
ACC-15761,Education Client 5762,Education,Southeast,SMB,116,2022-04-19
ACC-15762,Software Client 5763,Software,Northeast,SMB,24,2023-03-25
ACC-15763,Education Client 5764,Education,Southwest,SMB,54,2022-02-02
ACC-15764,Retail Client 5765,Retail,West,SMB,103,2023-06-29
ACC-15765,Finance Client 5766,Finance,Southeast,SMB,49,2022-09-29
ACC-15766,Software Client 5767,Software,West,Mid-Market,581,2024-03-19
ACC-15767,Software Client 5768,Software,Midwest,Mid-Market,403,2024-10-22
ACC-15768,Software Client 5769,Software,Southwest,Enterprise,1116,2023-10-30
ACC-15769,Real Estate Client 5770,Real Estate,Southwest,SMB,78,2022-01-14
ACC-15770,Finance Client 5771,Finance,Southwest,SMB,70,2022-07-18
ACC-15771,Education Client 5772,Education,Southeast,Mid-Market,337,2024-10-22
ACC-15772,Software Client 5773,Software,West,SMB,40,2022-10-16
ACC-15773,Retail Client 5774,Retail,Northeast,Enterprise,1179,2022-05-08
ACC-15774,Education Client 5775,Education,Midwest,SMB,83,2023-04-27
ACC-15775,Software Client 5776,Software,Southwest,Mid-Market,315,2024-06-29
ACC-15776,Education Client 5777,Education,Northeast,Mid-Market,264,2022-11-07
ACC-15777,Real Estate Client 5778,Real Estate,Southwest,Enterprise,2198,2024-05-17
ACC-15778,Real Estate Client 5779,Real Estate,West,Mid-Market,828,2023-04-08
ACC-15779,Retail Client 5780,Retail,Southwest,SMB,152,2023-10-08
ACC-15780,Real Estate Client 5781,Real Estate,Southeast,SMB,145,2022-07-02
ACC-15781,Logistics Client 5782,Logistics,Southeast,SMB,40,2022-04-02
ACC-15782,Logistics Client 5783,Logistics,Southwest,Mid-Market,1726,2023-10-23
ACC-15783,Retail Client 5784,Retail,Southwest,Mid-Market,562,2022-05-19
ACC-15784,Retail Client 5785,Retail,West,Mid-Market,202,2023-12-19
ACC-15785,Healthcare Client 5786,Healthcare,West,SMB,53,2024-10-13
ACC-15786,Finance Client 5787,Finance,Southeast,SMB,53,2022-10-20
ACC-15787,Education Client 5788,Education,Southeast,Mid-Market,396,2023-10-18
ACC-15788,Finance Client 5789,Finance,West,Mid-Market,246,2022-07-09
ACC-15789,Education Client 5790,Education,Southeast,Mid-Market,542,2024-11-17
ACC-15790,Real Estate Client 5791,Real Estate,West,Enterprise,1087,2022-05-04
ACC-15791,Real Estate Client 5792,Real Estate,Southwest,SMB,129,2023-05-08
ACC-15792,Education Client 5793,Education,Northeast,Enterprise,2455,2022-02-25
ACC-15793,Healthcare Client 5794,Healthcare,West,Enterprise,1870,2023-06-07
ACC-15794,Logistics Client 5795,Logistics,Midwest,SMB,121,2024-08-05
ACC-15795,Healthcare Client 5796,Healthcare,Northeast,Enterprise,591,2023-03-25
ACC-15796,Finance Client 5797,Finance,Midwest,Mid-Market,496,2025-02-08
ACC-15797,Healthcare Client 5798,Healthcare,Southwest,Enterprise,1529,2024-04-15
ACC-15798,Manufacturing Client 5799,Manufacturing,Midwest,Enterprise,1754,2025-02-09
ACC-15799,Healthcare Client 5800,Healthcare,Northeast,SMB,173,2022-02-07
ACC-15800,Software Client 5801,Software,Midwest,Enterprise,763,2023-05-11
ACC-15801,Real Estate Client 5802,Real Estate,Northeast,SMB,93,2024-02-01
ACC-15802,Real Estate Client 5803,Real Estate,Southwest,SMB,115,2022-08-24
ACC-15803,Logistics Client 5804,Logistics,Northeast,SMB,51,2023-05-06
ACC-15804,Software Client 5805,Software,Midwest,SMB,71,2025-02-13
ACC-15805,Healthcare Client 5806,Healthcare,Southwest,Mid-Market,260,2024-10-20
ACC-15806,Real Estate Client 5807,Real Estate,Northeast,Mid-Market,486,2023-08-01
ACC-15807,Software Client 5808,Software,Midwest,Mid-Market,664,2024-05-27
ACC-15808,Real Estate Client 5809,Real Estate,Southeast,Mid-Market,232,2022-02-26
ACC-15809,Healthcare Client 5810,Healthcare,Southeast,Mid-Market,349,2024-06-09
ACC-15810,Healthcare Client 5811,Healthcare,Southwest,Mid-Market,135,2023-12-13
ACC-15811,Healthcare Client 5812,Healthcare,West,Enterprise,4782,2022-07-07
ACC-15812,Manufacturing Client 5813,Manufacturing,Northeast,SMB,75,2025-01-14
ACC-15813,Real Estate Client 5814,Real Estate,Midwest,SMB,68,2023-01-31
ACC-15814,Real Estate Client 5815,Real Estate,West,SMB,220,2022-08-20
ACC-15815,Retail Client 5816,Retail,Midwest,Mid-Market,417,2022-02-05
ACC-15816,Healthcare Client 5817,Healthcare,Southwest,Mid-Market,449,2022-05-27
ACC-15817,Education Client 5818,Education,Southwest,Enterprise,808,2024-01-14
ACC-15818,Software Client 5819,Software,Northeast,Mid-Market,1169,2024-08-08
ACC-15819,Retail Client 5820,Retail,Northeast,SMB,28,2024-02-28
ACC-15820,Healthcare Client 5821,Healthcare,Northeast,SMB,24,2023-11-27
ACC-15821,Healthcare Client 5822,Healthcare,Midwest,SMB,69,2022-12-07
ACC-15822,Real Estate Client 5823,Real Estate,Southeast,Mid-Market,406,2024-12-12
ACC-15823,Healthcare Client 5824,Healthcare,Northeast,Mid-Market,788,2023-10-01
ACC-15824,Healthcare Client 5825,Healthcare,Midwest,SMB,60,2022-11-24
ACC-15825,Healthcare Client 5826,Healthcare,Northeast,SMB,54,2022-06-15
ACC-15826,Manufacturing Client 5827,Manufacturing,Northeast,SMB,91,2025-01-23
ACC-15827,Education Client 5828,Education,Northeast,Mid-Market,373,2022-02-05
ACC-15828,Software Client 5829,Software,West,SMB,64,2022-03-21
ACC-15829,Manufacturing Client 5830,Manufacturing,Northeast,Mid-Market,403,2024-11-01
ACC-15830,Education Client 5831,Education,Southwest,SMB,102,2024-01-05
ACC-15831,Education Client 5832,Education,Northeast,Mid-Market,348,2024-08-16
ACC-15832,Education Client 5833,Education,Midwest,Enterprise,1752,2024-06-11
ACC-15833,Retail Client 5834,Retail,Southeast,Mid-Market,126,2022-02-14
ACC-15834,Retail Client 5835,Retail,Midwest,SMB,97,2022-10-10
ACC-15835,Software Client 5836,Software,West,Enterprise,831,2022-09-16
ACC-15836,Logistics Client 5837,Logistics,Southwest,Mid-Market,214,2023-07-13
ACC-15837,Software Client 5838,Software,Northeast,Mid-Market,370,2024-10-11
ACC-15838,Real Estate Client 5839,Real Estate,Midwest,Mid-Market,240,2023-09-05
ACC-15839,Healthcare Client 5840,Healthcare,Northeast,Mid-Market,660,2023-04-30
ACC-15840,Software Client 5841,Software,Southwest,SMB,103,2024-11-15
ACC-15841,Retail Client 5842,Retail,Midwest,SMB,33,2024-01-10
ACC-15842,Finance Client 5843,Finance,Northeast,Enterprise,1998,2024-02-06
ACC-15843,Logistics Client 5844,Logistics,Midwest,Mid-Market,443,2023-06-08
ACC-15844,Finance Client 5845,Finance,Northeast,Enterprise,3310,2024-11-09
ACC-15845,Logistics Client 5846,Logistics,Southeast,Mid-Market,489,2023-06-15
ACC-15846,Healthcare Client 5847,Healthcare,Northeast,Mid-Market,242,2024-03-13
ACC-15847,Manufacturing Client 5848,Manufacturing,Northeast,SMB,103,2023-12-21
ACC-15848,Logistics Client 5849,Logistics,Southwest,Mid-Market,265,2024-06-02
ACC-15849,Healthcare Client 5850,Healthcare,Northeast,Enterprise,1744,2023-03-09
ACC-15850,Manufacturing Client 5851,Manufacturing,Northeast,Enterprise,889,2022-01-23
ACC-15851,Logistics Client 5852,Logistics,West,SMB,102,2022-07-23
ACC-15852,Manufacturing Client 5853,Manufacturing,Southeast,SMB,74,2022-06-09
ACC-15853,Healthcare Client 5854,Healthcare,Northeast,Enterprise,320,2024-10-05
ACC-15854,Finance Client 5855,Finance,Northeast,SMB,39,2024-05-11
ACC-15855,Education Client 5856,Education,Southwest,Mid-Market,636,2022-04-21
ACC-15856,Finance Client 5857,Finance,Southeast,Enterprise,1450,2023-03-09
ACC-15857,Logistics Client 5858,Logistics,Northeast,SMB,85,2022-11-07
ACC-15858,Healthcare Client 5859,Healthcare,Southeast,SMB,66,2022-06-06
ACC-15859,Healthcare Client 5860,Healthcare,Southwest,Mid-Market,1197,2022-03-03
ACC-15860,Manufacturing Client 5861,Manufacturing,Southeast,Enterprise,1366,2024-11-05
ACC-15861,Education Client 5862,Education,Southwest,Enterprise,2618,2023-03-13
ACC-15862,Manufacturing Client 5863,Manufacturing,Northeast,SMB,40,2022-04-06
ACC-15863,Healthcare Client 5864,Healthcare,Northeast,Enterprise,2537,2024-11-23
ACC-15864,Healthcare Client 5865,Healthcare,Southwest,SMB,94,2024-05-15
ACC-15865,Software Client 5866,Software,Northeast,Mid-Market,194,2022-02-06
ACC-15866,Finance Client 5867,Finance,Southwest,SMB,141,2024-04-13
ACC-15867,Healthcare Client 5868,Healthcare,Southwest,Enterprise,1338,2022-09-02
ACC-15868,Retail Client 5869,Retail,Northeast,Enterprise,2420,2023-02-22
ACC-15869,Logistics Client 5870,Logistics,Southwest,Enterprise,2206,2024-05-13
ACC-15870,Finance Client 5871,Finance,Southwest,SMB,85,2023-05-24
ACC-15871,Logistics Client 5872,Logistics,Southwest,Mid-Market,556,2025-02-23
ACC-15872,Software Client 5873,Software,Midwest,SMB,58,2025-01-16
ACC-15873,Education Client 5874,Education,West,Mid-Market,308,2024-06-11
ACC-15874,Software Client 5875,Software,West,SMB,78,2024-04-15
ACC-15875,Education Client 5876,Education,Southwest,Mid-Market,231,2022-04-16
ACC-15876,Finance Client 5877,Finance,Midwest,Mid-Market,250,2023-08-05
ACC-15877,Real Estate Client 5878,Real Estate,Midwest,Mid-Market,105,2023-07-14
ACC-15878,Finance Client 5879,Finance,Northeast,Mid-Market,550,2023-12-07
ACC-15879,Real Estate Client 5880,Real Estate,Midwest,SMB,140,2024-11-19
ACC-15880,Retail Client 5881,Retail,Southeast,SMB,65,2023-01-16
ACC-15881,Education Client 5882,Education,Southeast,Mid-Market,429,2022-10-25
ACC-15882,Software Client 5883,Software,West,Enterprise,1263,2024-02-03
ACC-15883,Retail Client 5884,Retail,Northeast,SMB,72,2022-11-10
ACC-15884,Retail Client 5885,Retail,Southwest,SMB,30,2025-02-05
ACC-15885,Software Client 5886,Software,Southeast,Mid-Market,383,2023-09-09
ACC-15886,Education Client 5887,Education,West,SMB,97,2025-01-12
ACC-15887,Manufacturing Client 5888,Manufacturing,West,SMB,40,2023-01-25
ACC-15888,Healthcare Client 5889,Healthcare,Midwest,Mid-Market,202,2024-03-13
ACC-15889,Logistics Client 5890,Logistics,Southwest,Mid-Market,712,2024-02-08
ACC-15890,Real Estate Client 5891,Real Estate,Southwest,Enterprise,2184,2022-08-07
ACC-15891,Retail Client 5892,Retail,Southeast,Enterprise,1476,2023-05-20
ACC-15892,Retail Client 5893,Retail,Southwest,Enterprise,1768,2023-06-01
ACC-15893,Logistics Client 5894,Logistics,Midwest,Mid-Market,154,2023-10-27
ACC-15894,Manufacturing Client 5895,Manufacturing,West,Mid-Market,251,2024-07-20
ACC-15895,Manufacturing Client 5896,Manufacturing,Northeast,SMB,241,2024-05-03
ACC-15896,Manufacturing Client 5897,Manufacturing,Northeast,SMB,160,2023-06-18
ACC-15897,Logistics Client 5898,Logistics,West,Enterprise,2071,2022-04-30
ACC-15898,Healthcare Client 5899,Healthcare,Southeast,Enterprise,1223,2024-08-28
ACC-15899,Logistics Client 5900,Logistics,Southwest,SMB,141,2024-02-13
ACC-15900,Real Estate Client 5901,Real Estate,Southeast,Mid-Market,242,2023-08-20
ACC-15901,Retail Client 5902,Retail,West,SMB,32,2024-03-07
ACC-15902,Logistics Client 5903,Logistics,Southwest,Mid-Market,318,2023-07-04
ACC-15903,Software Client 5904,Software,Southwest,Enterprise,570,2023-12-19
ACC-15904,Education Client 5905,Education,Southeast,SMB,116,2022-04-11
ACC-15905,Education Client 5906,Education,Southeast,SMB,108,2024-02-26
ACC-15906,Healthcare Client 5907,Healthcare,Southeast,Mid-Market,257,2023-06-10
ACC-15907,Software Client 5908,Software,Northeast,SMB,115,2022-12-08
ACC-15908,Manufacturing Client 5909,Manufacturing,Midwest,Mid-Market,301,2024-05-05
ACC-15909,Software Client 5910,Software,West,Mid-Market,296,2023-12-20
ACC-15910,Logistics Client 5911,Logistics,Midwest,Mid-Market,139,2022-12-22
ACC-15911,Finance Client 5912,Finance,Southwest,Mid-Market,243,2024-01-12
ACC-15912,Software Client 5913,Software,Southwest,Enterprise,1121,2023-09-09
ACC-15913,Retail Client 5914,Retail,Northeast,SMB,50,2024-06-09
ACC-15914,Software Client 5915,Software,Midwest,Mid-Market,234,2024-12-29
ACC-15915,Retail Client 5916,Retail,Southwest,SMB,63,2024-03-19
ACC-15916,Healthcare Client 5917,Healthcare,Southwest,Mid-Market,249,2022-08-12
ACC-15917,Education Client 5918,Education,Midwest,SMB,63,2023-10-24
ACC-15918,Education Client 5919,Education,Midwest,Mid-Market,743,2024-06-22
ACC-15919,Real Estate Client 5920,Real Estate,Southwest,SMB,101,2022-09-24
ACC-15920,Real Estate Client 5921,Real Estate,Northeast,Mid-Market,448,2024-06-07
ACC-15921,Software Client 5922,Software,Southeast,SMB,48,2024-11-04
ACC-15922,Education Client 5923,Education,Northeast,Enterprise,1028,2022-04-07
ACC-15923,Manufacturing Client 5924,Manufacturing,West,Mid-Market,348,2023-12-29
ACC-15924,Software Client 5925,Software,West,SMB,119,2024-08-17
ACC-15925,Retail Client 5926,Retail,West,SMB,80,2024-06-15
ACC-15926,Retail Client 5927,Retail,Northeast,SMB,54,2023-02-04
ACC-15927,Retail Client 5928,Retail,Southeast,SMB,111,2024-07-23
ACC-15928,Software Client 5929,Software,Midwest,SMB,48,2023-11-24
ACC-15929,Logistics Client 5930,Logistics,Southeast,SMB,32,2022-08-14
ACC-15930,Manufacturing Client 5931,Manufacturing,Northeast,Mid-Market,1056,2023-02-03
ACC-15931,Retail Client 5932,Retail,Northeast,SMB,62,2022-07-02
ACC-15932,Education Client 5933,Education,Northeast,Mid-Market,330,2024-09-24
ACC-15933,Retail Client 5934,Retail,Southwest,SMB,36,2024-05-15
ACC-15934,Manufacturing Client 5935,Manufacturing,Southeast,SMB,69,2024-10-23
ACC-15935,Logistics Client 5936,Logistics,Northeast,SMB,177,2023-06-12
ACC-15936,Software Client 5937,Software,Northeast,Mid-Market,255,2024-03-12
ACC-15937,Healthcare Client 5938,Healthcare,Southeast,Enterprise,1824,2022-09-08
ACC-15938,Logistics Client 5939,Logistics,Southwest,Mid-Market,186,2023-10-18
ACC-15939,Finance Client 5940,Finance,West,Mid-Market,227,2023-03-02
ACC-15940,Finance Client 5941,Finance,Northeast,SMB,70,2022-06-21
ACC-15941,Software Client 5942,Software,West,SMB,44,2024-12-01
ACC-15942,Logistics Client 5943,Logistics,West,SMB,70,2024-08-28
ACC-15943,Retail Client 5944,Retail,West,SMB,69,2022-10-16
ACC-15944,Software Client 5945,Software,Midwest,SMB,41,2023-08-18
ACC-15945,Finance Client 5946,Finance,Southeast,Enterprise,796,2022-06-29
ACC-15946,Healthcare Client 5947,Healthcare,Southwest,Enterprise,898,2024-05-09
ACC-15947,Real Estate Client 5948,Real Estate,Southwest,SMB,71,2022-12-21
ACC-15948,Education Client 5949,Education,Northeast,Mid-Market,929,2024-03-28
ACC-15949,Manufacturing Client 5950,Manufacturing,Midwest,SMB,358,2022-04-05
ACC-15950,Healthcare Client 5951,Healthcare,Southwest,Mid-Market,360,2025-01-22
ACC-15951,Healthcare Client 5952,Healthcare,Midwest,SMB,77,2024-06-16
ACC-15952,Education Client 5953,Education,Midwest,SMB,103,2022-08-10
ACC-15953,Healthcare Client 5954,Healthcare,Southwest,SMB,47,2022-09-16
ACC-15954,Education Client 5955,Education,Southeast,SMB,57,2023-12-30
ACC-15955,Healthcare Client 5956,Healthcare,Northeast,Mid-Market,368,2022-08-14
ACC-15956,Retail Client 5957,Retail,Southwest,Enterprise,647,2022-12-14
ACC-15957,Finance Client 5958,Finance,West,SMB,83,2024-04-29
ACC-15958,Manufacturing Client 5959,Manufacturing,Midwest,SMB,32,2023-03-06
ACC-15959,Retail Client 5960,Retail,West,SMB,50,2023-04-23
ACC-15960,Logistics Client 5961,Logistics,West,Mid-Market,178,2022-08-02
ACC-15961,Real Estate Client 5962,Real Estate,Southwest,Mid-Market,331,2023-02-08
ACC-15962,Logistics Client 5963,Logistics,Midwest,SMB,85,2024-08-25
ACC-15963,Manufacturing Client 5964,Manufacturing,West,Enterprise,3289,2023-08-08
ACC-15964,Logistics Client 5965,Logistics,West,SMB,111,2022-08-16
ACC-15965,Retail Client 5966,Retail,West,Enterprise,1400,2023-01-14
ACC-15966,Education Client 5967,Education,Midwest,Mid-Market,107,2024-07-21
ACC-15967,Manufacturing Client 5968,Manufacturing,Southeast,Mid-Market,636,2025-01-10
ACC-15968,Software Client 5969,Software,West,Mid-Market,638,2022-06-01
ACC-15969,Finance Client 5970,Finance,Northeast,SMB,53,2023-01-25
ACC-15970,Real Estate Client 5971,Real Estate,West,SMB,177,2024-11-16
ACC-15971,Healthcare Client 5972,Healthcare,Northeast,Enterprise,448,2022-08-09
ACC-15972,Logistics Client 5973,Logistics,Midwest,Mid-Market,390,2023-07-08
ACC-15973,Finance Client 5974,Finance,Northeast,Mid-Market,189,2024-06-17
ACC-15974,Manufacturing Client 5975,Manufacturing,Southwest,SMB,113,2024-07-14
ACC-15975,Education Client 5976,Education,Southeast,Mid-Market,403,2023-07-10
ACC-15976,Healthcare Client 5977,Healthcare,Midwest,SMB,89,2023-11-20
ACC-15977,Real Estate Client 5978,Real Estate,Southeast,Enterprise,774,2023-03-20
ACC-15978,Real Estate Client 5979,Real Estate,Midwest,Mid-Market,456,2023-02-03
ACC-15979,Finance Client 5980,Finance,Northeast,SMB,74,2024-01-24
ACC-15980,Software Client 5981,Software,West,SMB,51,2023-05-12
ACC-15981,Finance Client 5982,Finance,Southwest,Enterprise,1125,2024-07-26
ACC-15982,Education Client 5983,Education,Midwest,SMB,65,2023-11-26
ACC-15983,Retail Client 5984,Retail,Southwest,Enterprise,2351,2023-08-09
ACC-15984,Software Client 5985,Software,Southeast,Enterprise,588,2023-08-03
ACC-15985,Finance Client 5986,Finance,Southeast,SMB,50,2022-01-08
ACC-15986,Education Client 5987,Education,Southwest,SMB,59,2024-11-30
ACC-15987,Logistics Client 5988,Logistics,West,Mid-Market,383,2024-04-14
ACC-15988,Software Client 5989,Software,Southeast,SMB,57,2024-04-11
ACC-15989,Real Estate Client 5990,Real Estate,West,Mid-Market,450,2024-06-24
ACC-15990,Manufacturing Client 5991,Manufacturing,Southwest,SMB,31,2023-01-19
ACC-15991,Education Client 5992,Education,Southwest,Mid-Market,224,2023-02-03
ACC-15992,Real Estate Client 5993,Real Estate,Southeast,Mid-Market,236,2024-10-08
ACC-15993,Software Client 5994,Software,Southwest,SMB,57,2024-09-24
ACC-15994,Finance Client 5995,Finance,Southeast,SMB,93,2024-10-20
ACC-15995,Manufacturing Client 5996,Manufacturing,Northeast,SMB,134,2024-12-01
ACC-15996,Healthcare Client 5997,Healthcare,Southeast,SMB,66,2022-08-10
ACC-15997,Manufacturing Client 5998,Manufacturing,West,SMB,146,2022-09-24
ACC-15998,Retail Client 5999,Retail,Southeast,SMB,123,2024-11-04
ACC-15999,Manufacturing Client 6000,Manufacturing,Southeast,Mid-Market,161,2023-11-16
